file,camera,lighting,mean_intensity,rms_contrast,blur,clipped_low,clipped_high,quality,reasons
1_empty/slot_20260711_1000_camA_t000029.jpg,venue_01::camera_A::day,day,75.90,17.16,273.5,0.0000,0.0000,good,
1_empty/slot_20260711_1000_camA_t000044.jpg,venue_01::camera_A::day,day,75.77,17.16,272.1,0.0000,0.0000,good,
1_empty/slot_20260711_1000_camA_t000059.jpg,venue_01::camera_A::day,day,75.90,17.15,276.2,0.0000,0.0000,good,
1_empty/slot_20260711_1000_camA_t000074.jpg,venue_01::camera_A::day,day,76.03,17.12,266.6,0.0000,0.0000,good,
1_empty/slot_20260711_1000_camA_t000086_m.jpg,venue_01::camera_A::day,day,75.99,17.21,266.4,0.0000,0.0000,good,
1_empty/slot_20260711_1000_camA_t000089.jpg,venue_01::camera_A::day,day,76.30,17.15,258.0,0.0000,0.0000,good,
1_empty/slot_20260711_1000_camA_t000104.jpg,venue_01::camera_A::day,day,76.19,17.11,259.0,0.0000,0.0000,good,
1_empty/slot_20260711_1000_camA_t000119.jpg,venue_01::camera_A::day,day,76.16,17.13,261.1,0.0000,0.0000,good,
1_empty/slot_20260711_1000_camA_t000134.jpg,venue_01::camera_A::day,day,76.12,17.15,271.9,0.0000,0.0000,good,
1_empty/slot_20260711_1000_camA_t000149.jpg,venue_01::camera_A::day,day,76.13,17.16,270.3,0.0000,0.0000,good,
1_empty/slot_20260711_1000_camA_t000164.jpg,venue_01::camera_A::day,day,76.05,17.17,267.4,0.0000,0.0000,good,
1_empty/slot_20260711_1000_camA_t000179.jpg,venue_01::camera_A::day,day,76.19,17.15,268.9,0.0000,0.0000,good,
1_empty/slot_20260711_1000_camA_t000194.jpg,venue_01::camera_A::day,day,76.17,17.16,272.3,0.0000,0.0000,good,
1_empty/slot_20260711_1000_camA_t000209.jpg,venue_01::camera_A::day,day,76.14,17.14,276.0,0.0000,0.0000,good,
1_empty/slot_20260711_1000_camA_t000224.jpg,venue_01::camera_A::day,day,76.31,17.36,266.6,0.0000,0.0000,good,
1_empty/slot_20260711_1000_camA_t000254.jpg,venue_01::camera_A::day,day,76.31,17.14,273.3,0.0000,0.0000,good,
1_empty/slot_20260711_1000_camA_t000284.jpg,venue_01::camera_A::day,day,76.48,17.38,268.4,0.0000,0.0000,good,
1_empty/slot_20260711_1000_camA_t000299.jpg,venue_01::camera_A::day,day,76.53,17.16,262.6,0.0000,0.0000,good,
1_empty/slot_20260711_1000_camA_t000314.jpg,venue_01::camera_A::day,day,76.48,17.29,268.0,0.0000,0.0000,good,
1_empty/slot_20260711_1000_camA_t000322_m.jpg,venue_01::camera_A::day,day,72.98,16.98,258.0,0.0000,0.0000,good,
1_empty/slot_20260711_1000_camA_t000329.jpg,venue_01::camera_A::day,day,72.96,16.82,249.3,0.0000,0.0000,good,
1_empty/slot_20260711_1000_camA_t000344.jpg,venue_01::camera_A::day,day,72.90,16.66,251.4,0.0000,0.0000,good,
1_empty/slot_20260711_1000_camA_t000359.jpg,venue_01::camera_A::day,day,72.90,16.75,255.3,0.0000,0.0000,good,
1_empty/slot_20260711_1000_camA_t000374.jpg,venue_01::camera_A::day,day,73.02,16.70,257.5,0.0000,0.0000,good,
1_empty/slot_20260711_1000_camA_t000389.jpg,venue_01::camera_A::day,day,72.99,16.70,259.9,0.0000,0.0000,good,
1_empty/slot_20260711_1000_camA_t000404.jpg,venue_01::camera_A::day,day,73.00,16.68,257.1,0.0000,0.0000,good,
1_empty/slot_20260711_1000_camA_t000419.jpg,venue_01::camera_A::day,day,73.14,16.71,246.6,0.0000,0.0000,good,
1_empty/slot_20260711_1000_camA_t000434.jpg,venue_01::camera_A::day,day,73.28,16.65,238.7,0.0000,0.0000,good,
1_empty/slot_20260711_1000_camA_t000449.jpg,venue_01::camera_A::day,day,73.28,16.71,248.7,0.0000,0.0000,good,
1_empty/slot_20260711_1000_camA_t000464.jpg,venue_01::camera_A::day,day,73.23,16.72,256.8,0.0000,0.0000,good,
1_empty/slot_20260711_1000_camA_t000479.jpg,venue_01::camera_A::day,day,73.23,16.69,252.4,0.0000,0.0000,good,
1_empty/slot_20260711_1000_camA_t000524.jpg,venue_01::camera_A::day,day,73.35,16.67,253.5,0.0000,0.0000,good,
1_empty/slot_20260711_1000_camA_t000539.jpg,venue_01::camera_A::day,day,73.31,16.63,252.2,0.0000,0.0000,good,
1_empty/slot_20260711_1000_camA_t000554.jpg,venue_01::camera_A::day,day,73.28,16.68,251.0,0.0000,0.0000,good,
1_empty/slot_20260711_1000_camA_t000569.jpg,venue_01::camera_A::day,day,73.30,16.71,254.2,0.0000,0.0000,good,
1_empty/slot_20260711_1000_camA_t000584.jpg,venue_01::camera_A::day,day,73.22,16.70,252.8,0.0000,0.0000,good,
1_empty/slot_20260711_1000_camA_t000599.jpg,venue_01::camera_A::day,day,73.41,16.70,252.1,0.0000,0.0000,good,
1_empty/slot_20260711_1000_camA_t000614.jpg,venue_01::camera_A::day,day,73.29,16.67,250.6,0.0000,0.0000,good,
1_empty/slot_20260711_1000_camA_t000629.jpg,venue_01::camera_A::day,day,73.24,16.69,250.7,0.0000,0.0000,good,
1_empty/slot_20260711_1000_camA_t000644.jpg,venue_01::camera_A::day,day,73.31,16.67,249.2,0.0000,0.0000,good,
1_empty/slot_20260711_1000_camA_t000659.jpg,venue_01::camera_A::day,day,73.34,16.68,248.9,0.0000,0.0000,good,
1_empty/slot_20260711_1000_camA_t000674.jpg,venue_01::camera_A::day,day,73.41,16.68,244.5,0.0000,0.0000,good,
1_empty/slot_20260711_1000_camA_t000689.jpg,venue_01::camera_A::day,day,73.51,16.69,249.8,0.0000,0.0000,good,
1_empty/slot_20260711_1000_camA_t000704.jpg,venue_01::camera_A::day,day,73.61,16.76,248.5,0.0000,0.0000,good,
1_empty/slot_20260711_1000_camA_t000719.jpg,venue_01::camera_A::day,day,73.61,16.72,249.8,0.0000,0.0000,good,
1_empty/slot_20260711_1000_camA_t000734.jpg,venue_01::camera_A::day,day,73.60,16.80,248.1,0.0000,0.0000,good,
1_empty/slot_20260711_1000_camA_t000749.jpg,venue_01::camera_A::day,day,73.65,16.74,251.1,0.0000,0.0000,good,
1_empty/slot_20260711_1000_camA_t000764.jpg,venue_01::camera_A::day,day,73.71,16.75,251.3,0.0000,0.0000,good,
1_empty/slot_20260711_1000_camA_t000779.jpg,venue_01::camera_A::day,day,73.81,16.76,251.0,0.0000,0.0000,good,
1_empty/slot_20260711_1000_camA_t000794.jpg,venue_01::camera_A::day,day,73.81,16.77,251.0,0.0000,0.0000,good,
1_empty/slot_20260711_1000_camA_t000809.jpg,venue_01::camera_A::day,day,73.91,16.76,254.5,0.0000,0.0000,good,
1_empty/slot_20260711_1000_camA_t000824.jpg,venue_01::camera_A::day,day,74.04,16.73,252.5,0.0000,0.0000,good,
1_empty/slot_20260711_1000_camA_t000839.jpg,venue_01::camera_A::day,day,74.11,16.74,249.1,0.0000,0.0000,good,
1_empty/slot_20260711_1000_camA_t000854.jpg,venue_01::camera_A::day,day,74.11,16.78,249.5,0.0000,0.0000,good,
1_empty/slot_20260711_1000_camA_t000865_m.jpg,venue_01::camera_A::day,day,74.05,16.79,250.2,0.0000,0.0000,good,
1_empty/slot_20260711_1000_camA_t000869.jpg,venue_01::camera_A::day,day,74.14,17.22,255.2,0.0000,0.0000,good,
1_empty/slot_20260711_1000_camA_t000884.jpg,venue_01::camera_A::day,day,74.17,16.79,252.1,0.0000,0.0000,good,
1_empty/slot_20260711_1000_camA_t000899.jpg,venue_01::camera_A::day,day,74.19,17.02,263.6,0.0000,0.0000,good,
1_empty/slot_20260711_1000_camA_t000914.jpg,venue_01::camera_A::day,day,74.18,16.75,253.3,0.0000,0.0000,good,
1_empty/slot_20260711_1000_camA_t000929.jpg,venue_01::camera_A::day,day,74.27,16.79,254.7,0.0000,0.0000,good,
1_empty/slot_20260711_1000_camA_t000944.jpg,venue_01::camera_A::day,day,74.26,16.77,254.1,0.0000,0.0000,good,
1_empty/slot_20260711_1000_camA_t000959.jpg,venue_01::camera_A::day,day,74.28,16.78,253.0,0.0000,0.0000,good,
1_empty/slot_20260711_1000_camA_t000974.jpg,venue_01::camera_A::day,day,74.18,16.76,253.3,0.0000,0.0000,good,
1_empty/slot_20260711_1000_camA_t000989.jpg,venue_01::camera_A::day,day,74.28,16.79,251.7,0.0000,0.0000,good,
1_empty/slot_20260711_1000_camA_t001003.jpg,venue_01::camera_A::day,day,74.29,16.83,251.8,0.0000,0.0000,good,
1_empty/slot_20260711_1000_camA_t001018.jpg,venue_01::camera_A::day,day,74.24,16.78,252.4,0.0000,0.0000,good,
1_empty/slot_20260711_1000_camA_t001033.jpg,venue_01::camera_A::day,day,74.23,16.81,253.7,0.0000,0.0000,good,
1_empty/slot_20260711_1000_camA_t001040_m.jpg,venue_01::camera_A::day,day,74.22,16.82,250.2,0.0000,0.0000,good,
1_empty/slot_20260711_1000_camA_t001048.jpg,venue_01::camera_A::day,day,74.26,16.80,253.4,0.0000,0.0000,good,
1_empty/slot_20260711_1000_camA_t001054_m.jpg,venue_01::camera_A::day,day,74.26,16.85,253.3,0.0000,0.0000,good,
1_empty/slot_20260711_1000_camA_t001063.jpg,venue_01::camera_A::day,day,74.39,16.79,245.8,0.0000,0.0000,good,
1_empty/slot_20260711_1000_camA_t001078.jpg,venue_01::camera_A::day,day,74.39,16.81,251.2,0.0000,0.0000,good,
1_empty/slot_20260711_1000_camA_t001093.jpg,venue_01::camera_A::day,day,74.42,16.79,251.6,0.0000,0.0000,good,
1_empty/slot_20260711_1000_camA_t001108.jpg,venue_01::camera_A::day,day,74.66,16.84,252.6,0.0000,0.0000,good,
1_empty/slot_20260711_1000_camA_t001123.jpg,venue_01::camera_A::day,day,74.53,16.84,254.0,0.0000,0.0000,good,
1_empty/slot_20260711_1000_camA_t001138.jpg,venue_01::camera_A::day,day,74.66,16.83,253.7,0.0000,0.0000,good,
1_empty/slot_20260711_1000_camA_t001153.jpg,venue_01::camera_A::day,day,74.65,16.85,255.4,0.0000,0.0000,good,
1_empty/slot_20260711_1000_camA_t001168.jpg,venue_01::camera_A::day,day,74.68,16.84,256.9,0.0000,0.0000,good,
1_empty/slot_20260711_1000_camA_t001183.jpg,venue_01::camera_A::day,day,74.66,16.83,256.2,0.0000,0.0000,good,
1_empty/slot_20260711_1000_camA_t001198.jpg,venue_01::camera_A::day,day,74.67,16.83,256.0,0.0000,0.0000,good,
1_empty/slot_20260711_1000_camA_t001213.jpg,venue_01::camera_A::day,day,74.56,16.85,255.8,0.0000,0.0000,good,
1_empty/slot_20260711_1000_camA_t001228.jpg,venue_01::camera_A::day,day,74.67,16.85,255.7,0.0000,0.0000,good,
1_empty/slot_20260711_1000_camA_t001243.jpg,venue_01::camera_A::day,day,74.73,16.87,256.1,0.0000,0.0000,good,
1_empty/slot_20260711_1000_camA_t001258.jpg,venue_01::camera_A::day,day,74.82,16.83,253.4,0.0000,0.0000,good,
1_empty/slot_20260711_1000_camA_t001273.jpg,venue_01::camera_A::day,day,74.83,16.93,259.0,0.0000,0.0000,good,
1_empty/slot_20260711_1000_camA_t001288.jpg,venue_01::camera_A::day,day,74.73,16.88,256.6,0.0000,0.0000,good,
1_empty/slot_20260711_1000_camA_t001303.jpg,venue_01::camera_A::day,day,74.81,17.04,260.2,0.0000,0.0000,good,
1_empty/slot_20260711_1000_camA_t001318.jpg,venue_01::camera_A::day,day,74.92,16.88,255.6,0.0000,0.0000,good,
1_empty/slot_20260711_1000_camA_t001333.jpg,venue_01::camera_A::day,day,74.80,16.87,253.3,0.0000,0.0000,good,
1_empty/slot_20260711_1000_camA_t001348.jpg,venue_01::camera_A::day,day,74.98,16.86,254.8,0.0000,0.0000,good,
1_empty/slot_20260711_1000_camA_t001357_m.jpg,venue_01::camera_A::day,day,74.99,16.85,252.0,0.0000,0.0000,good,
1_empty/slot_20260711_1000_camA_t001363.jpg,venue_01::camera_A::day,day,74.99,16.89,254.4,0.0000,0.0000,good,
1_empty/slot_20260711_1000_camA_t001378.jpg,venue_01::camera_A::day,day,75.03,16.86,255.3,0.0000,0.0000,good,
1_empty/slot_20260711_1000_camA_t001389_m.jpg,venue_01::camera_A::day,day,75.15,16.86,251.8,0.0000,0.0000,good,
1_empty/slot_20260711_1000_camA_t001393.jpg,venue_01::camera_A::day,day,74.99,16.85,250.9,0.0000,0.0000,good,
1_empty/slot_20260711_1000_camA_t001408.jpg,venue_01::camera_A::day,day,75.15,16.85,257.7,0.0000,0.0000,good,
1_empty/slot_20260711_1000_camA_t001423.jpg,venue_01::camera_A::day,day,75.30,17.21,261.8,0.0000,0.0000,good,
1_empty/slot_20260711_1000_camA_t001438.jpg,venue_01::camera_A::day,day,75.18,16.92,259.7,0.0000,0.0000,good,
1_empty/slot_20260711_1000_camA_t001453.jpg,venue_01::camera_A::day,day,75.18,16.93,260.0,0.0000,0.0000,good,
1_empty/slot_20260711_1000_camA_t001468.jpg,venue_01::camera_A::day,day,75.22,16.94,260.4,0.0000,0.0000,good,
1_empty/slot_20260711_1000_camA_t001483.jpg,venue_01::camera_A::day,day,75.28,16.96,259.8,0.0000,0.0000,good,
1_empty/slot_20260711_1000_camA_t001498.jpg,venue_01::camera_A::day,day,75.39,16.98,262.5,0.0000,0.0000,good,
1_empty/slot_20260711_1000_camA_t001504_m.jpg,venue_01::camera_A::day,day,75.48,17.00,260.0,0.0000,0.0000,good,
1_empty/slot_20260711_1000_camA_t001510_m.jpg,venue_01::camera_A::day,day,75.54,16.99,259.6,0.0000,0.0000,good,
1_empty/slot_20260711_1000_camA_t001513.jpg,venue_01::camera_A::day,day,75.54,16.95,256.7,0.0000,0.0000,good,
1_empty/slot_20260711_1000_camA_t001528.jpg,venue_01::camera_A::day,day,75.61,16.95,251.4,0.0000,0.0000,good,
1_empty/slot_20260711_1000_camA_t001543.jpg,venue_01::camera_A::day,day,76.03,16.97,246.6,0.0000,0.0000,good,
1_empty/slot_20260711_1000_camA_t001558.jpg,venue_01::camera_A::day,day,75.78,17.00,248.1,0.0000,0.0000,good,
1_empty/slot_20260711_1000_camA_t001573.jpg,venue_01::camera_A::day,day,75.85,16.94,249.1,0.0000,0.0000,good,
1_empty/slot_20260711_1000_camA_t001588.jpg,venue_01::camera_A::day,day,75.71,16.94,246.5,0.0000,0.0000,good,
1_empty/slot_20260711_1000_camA_t001603.jpg,venue_01::camera_A::day,day,75.71,16.94,256.5,0.0000,0.0000,good,
1_empty/slot_20260711_1000_camA_t001618.jpg,venue_01::camera_A::day,day,75.74,16.93,251.8,0.0000,0.0000,good,
1_empty/slot_20260711_1000_camA_t001633.jpg,venue_01::camera_A::day,day,75.71,16.94,247.3,0.0000,0.0000,good,
1_empty/slot_20260711_1000_camA_t001648.jpg,venue_01::camera_A::day,day,75.70,16.95,257.9,0.0000,0.0000,good,
1_empty/slot_20260711_1000_camA_t001663.jpg,venue_01::camera_A::day,day,75.68,16.95,254.3,0.0000,0.0000,good,
1_empty/slot_20260711_1000_camA_t001678.jpg,venue_01::camera_A::day,day,75.70,16.98,255.0,0.0000,0.0000,good,
1_empty/slot_20260711_1000_camA_t001693.jpg,venue_01::camera_A::day,day,75.64,16.95,253.1,0.0000,0.0000,good,
1_empty/slot_20260711_1000_camA_t001708.jpg,venue_01::camera_A::day,day,75.71,16.98,259.9,0.0000,0.0000,good,
1_empty/slot_20260711_1000_camA_t001723.jpg,venue_01::camera_A::day,day,75.76,16.98,258.5,0.0000,0.0000,good,
1_empty/slot_20260711_1000_camA_t001738.jpg,venue_01::camera_A::day,day,75.80,17.12,259.5,0.0000,0.0000,good,
1_empty/slot_20260711_1000_camA_t001743_m.jpg,venue_01::camera_A::day,day,75.77,16.95,256.4,0.0000,0.0000,good,
1_empty/slot_20260711_1000_camA_t001753.jpg,venue_01::camera_A::day,day,76.00,16.97,248.9,0.0000,0.0000,good,
1_empty/slot_20260711_1000_camA_t001768.jpg,venue_01::camera_A::day,day,75.96,16.93,247.7,0.0000,0.0000,good,
1_empty/slot_20260711_1000_camA_t001780_m.jpg,venue_01::camera_A::day,day,75.82,16.90,250.6,0.0000,0.0000,good,
1_empty/slot_20260711_1000_camA_t001783.jpg,venue_01::camera_A::day,day,75.87,16.93,253.7,0.0000,0.0000,good,
1_empty/slot_20260711_1000_camA_t001798.jpg,venue_01::camera_A::day,day,75.79,17.00,255.0,0.0000,0.0000,good,
1_empty/slot_20260711_1000_camA_t001813.jpg,venue_01::camera_A::day,day,75.70,16.94,254.9,0.0000,0.0000,good,
1_empty/slot_20260711_1000_camA_t001828.jpg,venue_01::camera_A::day,day,75.64,16.89,254.7,0.0000,0.0000,good,
1_empty/slot_20260711_1000_camA_t001843.jpg,venue_01::camera_A::day,day,75.56,16.87,253.5,0.0000,0.0000,good,
1_empty/slot_20260711_1000_camA_t001858.jpg,venue_01::camera_A::day,day,75.58,16.85,252.7,0.0000,0.0000,good,
1_empty/slot_20260711_1000_camA_t001873.jpg,venue_01::camera_A::day,day,75.64,16.88,254.9,0.0000,0.0000,good,
1_empty/slot_20260711_1000_camA_t001888.jpg,venue_01::camera_A::day,day,75.83,16.91,256.2,0.0000,0.0000,good,
1_empty/slot_20260711_1000_camA_t001903.jpg,venue_01::camera_A::day,day,75.72,16.91,254.9,0.0000,0.0000,good,
1_empty/slot_20260711_1000_camA_t001918.jpg,venue_01::camera_A::day,day,75.82,16.93,254.7,0.0000,0.0000,good,
1_empty/slot_20260711_1000_camA_t001933.jpg,venue_01::camera_A::day,day,75.80,16.93,254.9,0.0000,0.0000,good,
1_empty/slot_20260711_1000_camA_t001948.jpg,venue_01::camera_A::day,day,75.87,16.92,253.1,0.0000,0.0000,good,
1_empty/slot_20260711_1000_camA_t001963.jpg,venue_01::camera_A::day,day,75.89,16.92,252.5,0.0000,0.0000,good,
1_empty/slot_20260711_1000_camA_t001968_m.jpg,venue_01::camera_A::day,day,75.95,17.04,259.0,0.0000,0.0000,good,
1_empty/slot_20260711_1000_camA_t001978.jpg,venue_01::camera_A::day,day,75.96,16.95,253.3,0.0000,0.0000,good,
1_empty/slot_20260711_1000_camA_t001993.jpg,venue_01::camera_A::day,day,75.97,16.97,254.9,0.0000,0.0000,good,
1_empty/slot_20260711_1000_camA_t002007.jpg,venue_01::camera_A::day,day,76.37,16.96,249.8,0.0000,0.0000,good,
1_empty/slot_20260711_1000_camA_t002022.jpg,venue_01::camera_A::day,day,76.27,16.99,261.9,0.0000,0.0000,good,
1_empty/slot_20260711_1000_camA_t002033_m.jpg,venue_01::camera_A::day,day,76.46,17.02,258.5,0.0000,0.0000,good,
1_empty/slot_20260711_1000_camA_t002037.jpg,venue_01::camera_A::day,day,76.38,17.04,259.3,0.0000,0.0000,good,
1_empty/slot_20260711_1000_camA_t002052.jpg,venue_01::camera_A::day,day,76.44,17.01,259.7,0.0000,0.0000,good,
1_empty/slot_20260711_1000_camA_t002067.jpg,venue_01::camera_A::day,day,76.52,17.03,258.0,0.0000,0.0000,good,
1_empty/slot_20260711_1000_camA_t002082.jpg,venue_01::camera_A::day,day,76.59,17.08,258.8,0.0000,0.0000,good,
1_empty/slot_20260711_1000_camA_t002097.jpg,venue_01::camera_A::day,day,75.05,16.86,252.4,0.0000,0.0000,good,
1_empty/slot_20260711_1000_camA_t002112.jpg,venue_01::camera_A::day,day,75.11,16.87,251.1,0.0000,0.0000,good,
1_empty/slot_20260711_1000_camA_t002127.jpg,venue_01::camera_A::day,day,75.26,16.90,252.5,0.0000,0.0000,good,
1_empty/slot_20260711_1000_camA_t002142.jpg,venue_01::camera_A::day,day,75.24,16.88,253.4,0.0000,0.0000,good,
1_empty/slot_20260711_1000_camA_t002157.jpg,venue_01::camera_A::day,day,75.26,16.88,249.9,0.0000,0.0000,good,
1_empty/slot_20260711_1000_camA_t002172.jpg,venue_01::camera_A::day,day,75.22,16.86,249.9,0.0000,0.0000,good,
1_empty/slot_20260711_1000_camA_t002187.jpg,venue_01::camera_A::day,day,75.24,16.90,253.4,0.0000,0.0000,good,
1_empty/slot_20260711_1000_camA_t002202.jpg,venue_01::camera_A::day,day,75.22,16.86,253.7,0.0000,0.0000,good,
1_empty/slot_20260711_1000_camA_t002217.jpg,venue_01::camera_A::day,day,75.18,16.92,253.1,0.0000,0.0000,good,
1_empty/slot_20260711_1000_camA_t002232.jpg,venue_01::camera_A::day,day,75.25,16.87,249.7,0.0000,0.0000,good,
1_empty/slot_20260711_1000_camA_t002247.jpg,venue_01::camera_A::day,day,75.32,16.92,251.8,0.0000,0.0000,good,
1_empty/slot_20260711_1000_camA_t002262.jpg,venue_01::camera_A::day,day,75.39,16.95,253.0,0.0000,0.0000,good,
1_empty/slot_20260711_1000_camA_t002277.jpg,venue_01::camera_A::day,day,75.49,17.20,252.2,0.0000,0.0000,good,
1_empty/slot_20260711_1000_camA_t002292.jpg,venue_01::camera_A::day,day,75.36,16.96,249.5,0.0000,0.0000,good,
1_empty/slot_20260711_1000_camA_t002307.jpg,venue_01::camera_A::day,day,75.45,16.98,255.8,0.0000,0.0000,good,
1_empty/slot_20260711_1000_camA_t002322.jpg,venue_01::camera_A::day,day,75.86,16.97,246.1,0.0000,0.0000,good,
1_empty/slot_20260711_1000_camA_t002337.jpg,venue_01::camera_A::day,day,75.51,16.94,255.0,0.0000,0.0000,good,
1_empty/slot_20260711_1000_camA_t002352.jpg,venue_01::camera_A::day,day,75.54,16.96,255.9,0.0000,0.0000,good,
1_empty/slot_20260711_1000_camA_t002367.jpg,venue_01::camera_A::day,day,75.63,16.95,253.1,0.0000,0.0000,good,
1_empty/slot_20260711_1000_camA_t002382.jpg,venue_01::camera_A::day,day,75.57,16.92,256.0,0.0000,0.0000,good,
1_empty/slot_20260711_1000_camA_t002397.jpg,venue_01::camera_A::day,day,75.52,16.93,253.8,0.0000,0.0000,good,
1_empty/slot_20260711_1000_camA_t002412.jpg,venue_01::camera_A::day,day,75.56,16.94,253.6,0.0000,0.0000,good,
1_empty/slot_20260711_1000_camA_t002427.jpg,venue_01::camera_A::day,day,75.61,16.96,255.2,0.0000,0.0000,good,
1_empty/slot_20260711_1000_camA_t002442.jpg,venue_01::camera_A::day,day,75.57,16.97,257.2,0.0000,0.0000,good,
1_empty/slot_20260711_1000_camA_t002457.jpg,venue_01::camera_A::day,day,75.56,16.97,253.5,0.0000,0.0000,good,
1_empty/slot_20260711_1000_camA_t002472.jpg,venue_01::camera_A::day,day,75.53,16.99,255.2,0.0000,0.0000,good,
1_empty/slot_20260711_1000_camA_t002487.jpg,venue_01::camera_A::day,day,75.40,16.97,254.8,0.0000,0.0000,good,
1_empty/slot_20260711_1000_camA_t002502.jpg,venue_01::camera_A::day,day,75.38,16.98,252.9,0.0000,0.0000,good,
1_empty/slot_20260711_1000_camA_t002517.jpg,venue_01::camera_A::day,day,75.50,17.01,246.5,0.0000,0.0000,good,
1_empty/slot_20260711_1000_camA_t002532.jpg,venue_01::camera_A::day,day,75.47,16.98,251.4,0.0000,0.0000,good,
1_empty/slot_20260711_1000_camA_t002547.jpg,venue_01::camera_A::day,day,75.44,16.95,249.7,0.0000,0.0000,good,
1_empty/slot_20260711_1000_camA_t002562.jpg,venue_01::camera_A::day,day,75.34,16.95,249.5,0.0000,0.0000,good,
1_empty/slot_20260711_1000_camA_t002577.jpg,venue_01::camera_A::day,day,75.35,16.94,248.7,0.0000,0.0000,good,
1_empty/slot_20260711_1000_camA_t002592.jpg,venue_01::camera_A::day,day,75.39,17.15,248.6,0.0000,0.0000,good,
1_empty/slot_20260711_1000_camA_t002607.jpg,venue_01::camera_A::day,day,75.53,17.00,249.5,0.0000,0.0000,good,
1_empty/slot_20260711_1000_camA_t002618_m.jpg,venue_01::camera_A::day,day,75.29,16.90,248.3,0.0000,0.0000,good,
1_empty/slot_20260711_1000_camA_t002622.jpg,venue_01::camera_A::day,day,75.71,16.97,242.9,0.0000,0.0000,good,
1_empty/slot_20260711_1000_camA_t002637.jpg,venue_01::camera_A::day,day,75.57,16.90,247.3,0.0000,0.0000,good,
1_empty/slot_20260711_1000_camA_t002652.jpg,venue_01::camera_A::day,day,75.69,16.96,248.0,0.0000,0.0000,good,
1_empty/slot_20260711_1000_camA_t002667.jpg,venue_01::camera_A::day,day,75.57,16.96,251.4,0.0000,0.0000,good,
1_empty/slot_20260711_1000_camA_t002682.jpg,venue_01::camera_A::day,day,75.50,16.96,252.3,0.0000,0.0000,good,
1_empty/slot_20260711_1000_camA_t002697.jpg,venue_01::camera_A::day,day,75.65,16.97,251.7,0.0000,0.0000,good,
1_empty/slot_20260711_1000_camA_t002712.jpg,venue_01::camera_A::day,day,75.62,16.99,253.7,0.0000,0.0000,good,
1_empty/slot_20260711_1000_camA_t002727.jpg,venue_01::camera_A::day,day,75.66,17.05,252.4,0.0000,0.0000,good,
1_empty/slot_20260711_1000_camA_t002742.jpg,venue_01::camera_A::day,day,75.63,17.01,254.1,0.0000,0.0000,good,
1_empty/slot_20260711_1000_camA_t002757.jpg,venue_01::camera_A::day,day,75.64,17.02,254.2,0.0000,0.0000,good,
1_empty/slot_20260711_1000_camA_t002772.jpg,venue_01::camera_A::day,day,75.77,17.15,250.8,0.0000,0.0000,good,
1_empty/slot_20260711_1000_camA_t002787.jpg,venue_01::camera_A::day,day,75.69,17.01,255.4,0.0000,0.0000,good,
1_empty/slot_20260711_1000_camA_t002802.jpg,venue_01::camera_A::day,day,75.80,17.02,254.5,0.0000,0.0000,good,
1_empty/slot_20260711_1000_camA_t002817.jpg,venue_01::camera_A::day,day,75.79,17.02,255.4,0.0000,0.0000,good,
1_empty/slot_20260711_1000_camA_t002832.jpg,venue_01::camera_A::day,day,75.89,17.03,255.7,0.0000,0.0000,good,
1_empty/slot_20260711_1000_camA_t002847.jpg,venue_01::camera_A::day,day,76.00,17.05,253.6,0.0000,0.0000,good,
1_empty/slot_20260711_1000_camA_t002862.jpg,venue_01::camera_A::day,day,75.99,17.03,254.1,0.0000,0.0000,good,
1_empty/slot_20260711_1000_camA_t002877.jpg,venue_01::camera_A::day,day,73.74,16.69,242.9,0.0000,0.0000,good,
1_empty/slot_20260711_1000_camA_t002892.jpg,venue_01::camera_A::day,day,73.61,16.62,240.6,0.0000,0.0000,good,
1_empty/slot_20260711_1000_camA_t002902_m.jpg,venue_01::camera_A::day,day,73.65,16.60,241.7,0.0000,0.0000,good,
1_empty/slot_20260711_1000_camA_t002907.jpg,venue_01::camera_A::day,day,73.79,16.63,242.8,0.0000,0.0000,good,
1_empty/slot_20260711_1000_camA_t002922.jpg,venue_01::camera_A::day,day,73.69,16.65,244.7,0.0000,0.0000,good,
1_empty/slot_20260711_1000_camA_t002937.jpg,venue_01::camera_A::day,day,73.71,16.65,244.9,0.0000,0.0000,good,
1_empty/slot_20260711_1000_camA_t002952.jpg,venue_01::camera_A::day,day,73.71,16.61,243.2,0.0000,0.0000,good,
1_empty/slot_20260711_1000_camA_t002967.jpg,venue_01::camera_A::day,day,73.73,16.59,236.5,0.0000,0.0000,good,
1_empty/slot_20260711_1000_camA_t002982.jpg,venue_01::camera_A::day,day,73.68,16.61,242.0,0.0000,0.0000,good,
1_empty/slot_20260711_1000_camA_t002996.jpg,venue_01::camera_A::day,day,73.88,16.59,228.8,0.0000,0.0000,good,
1_empty/slot_20260711_1000_camA_t003011.jpg,venue_01::camera_A::day,day,74.23,16.61,221.0,0.0000,0.0000,good,
1_empty/slot_20260711_1000_camA_t003026.jpg,venue_01::camera_A::day,day,73.85,16.62,234.7,0.0000,0.0000,good,
1_empty/slot_20260711_1000_camA_t003041.jpg,venue_01::camera_A::day,day,73.75,16.60,237.1,0.0000,0.0000,good,
1_empty/slot_20260711_1000_camA_t003056.jpg,venue_01::camera_A::day,day,73.76,16.58,236.6,0.0000,0.0000,good,
1_empty/slot_20260711_1000_camA_t003071.jpg,venue_01::camera_A::day,day,73.55,16.56,238.1,0.0000,0.0000,good,
1_empty/slot_20260711_1000_camA_t003086.jpg,venue_01::camera_A::day,day,73.49,16.55,237.2,0.0000,0.0000,good,
1_empty/slot_20260711_1000_camA_t003101.jpg,venue_01::camera_A::day,day,73.73,16.90,237.6,0.0000,0.0000,good,
1_empty/slot_20260711_1000_camA_t003116.jpg,venue_01::camera_A::day,day,73.66,16.60,240.3,0.0000,0.0000,good,
1_empty/slot_20260711_1000_camA_t003131.jpg,venue_01::camera_A::day,day,73.67,16.58,242.2,0.0000,0.0000,good,
1_empty/slot_20260711_1000_camA_t003146.jpg,venue_01::camera_A::day,day,73.87,16.61,237.4,0.0000,0.0000,good,
1_empty/slot_20260711_1000_camA_t003161.jpg,venue_01::camera_A::day,day,73.98,16.63,232.5,0.0000,0.0000,good,
1_empty/slot_20260711_1000_camA_t003176.jpg,venue_01::camera_A::day,day,73.97,16.64,237.3,0.0000,0.0000,good,
1_empty/slot_20260711_1000_camA_t003191.jpg,venue_01::camera_A::day,day,73.98,16.68,240.3,0.0000,0.0000,good,
1_empty/slot_20260711_1000_camA_t003206.jpg,venue_01::camera_A::day,day,74.08,16.67,243.5,0.0000,0.0000,good,
1_empty/slot_20260711_1000_camA_t003221.jpg,venue_01::camera_A::day,day,74.08,16.67,243.3,0.0000,0.0000,good,
1_empty/slot_20260711_1000_camA_t003236.jpg,venue_01::camera_A::day,day,73.98,16.66,243.6,0.0000,0.0000,good,
1_empty/slot_20260711_1000_camA_t003251.jpg,venue_01::camera_A::day,day,74.23,16.69,243.8,0.0000,0.0000,good,
1_empty/slot_20260711_1000_camA_t003266.jpg,venue_01::camera_A::day,day,74.15,16.72,247.3,0.0000,0.0000,good,
1_empty/slot_20260711_1000_camA_t003281.jpg,venue_01::camera_A::day,day,74.36,16.73,240.0,0.0000,0.0000,good,
1_empty/slot_20260711_1000_camA_t003296.jpg,venue_01::camera_A::day,day,74.20,16.73,246.5,0.0000,0.0000,good,
1_empty/slot_20260711_1000_camA_t003311.jpg,venue_01::camera_A::day,day,74.24,16.74,248.0,0.0000,0.0000,good,
1_empty/slot_20260711_1000_camA_t003326.jpg,venue_01::camera_A::day,day,74.29,16.71,247.0,0.0000,0.0000,good,
1_empty/slot_20260711_1000_camA_t003341.jpg,venue_01::camera_A::day,day,74.15,16.71,246.1,0.0000,0.0000,good,
1_empty/slot_20260711_1000_camA_t003356.jpg,venue_01::camera_A::day,day,74.16,16.84,245.7,0.0000,0.0000,good,
1_empty/slot_20260711_1000_camA_t003371.jpg,venue_01::camera_A::day,day,74.14,16.77,243.1,0.0000,0.0000,good,
1_empty/slot_20260711_1000_camA_t003386.jpg,venue_01::camera_A::day,day,74.09,16.90,254.0,0.0000,0.0000,good,
1_empty/slot_20260711_1000_camA_t003401.jpg,venue_01::camera_A::day,day,74.12,16.82,243.8,0.0000,0.0000,good,
1_empty/slot_20260711_1000_camA_t003416.jpg,venue_01::camera_A::day,day,74.07,16.71,238.5,0.0000,0.0000,good,
1_empty/slot_20260711_1000_camA_t003423_m.jpg,venue_01::camera_A::day,day,74.17,16.68,237.8,0.0000,0.0000,good,
1_empty/slot_20260711_1000_camA_t003428_m.jpg,venue_01::camera_A::day,day,74.02,16.65,241.5,0.0000,0.0000,good,
1_empty/slot_20260711_1000_camA_t003431.jpg,venue_01::camera_A::day,day,73.97,16.65,239.6,0.0000,0.0000,good,
1_empty/slot_20260711_1000_camA_t003446.jpg,venue_01::camera_A::day,day,73.92,16.66,241.4,0.0000,0.0000,good,
1_empty/slot_20260711_1000_camA_t003461.jpg,venue_01::camera_A::day,day,73.99,16.66,240.1,0.0000,0.0000,good,
1_empty/slot_20260711_1000_camA_t003476.jpg,venue_01::camera_A::day,day,74.00,16.68,241.7,0.0000,0.0000,good,
1_empty/slot_20260711_1000_camA_t003491.jpg,venue_01::camera_A::day,day,73.98,16.68,240.9,0.0000,0.0000,good,
1_empty/slot_20260711_1000_camA_t003506.jpg,venue_01::camera_A::day,day,74.12,16.70,245.5,0.0000,0.0000,good,
1_empty/slot_20260711_1000_camA_t003521.jpg,venue_01::camera_A::day,day,74.10,16.69,244.6,0.0000,0.0000,good,
1_empty/slot_20260711_1000_camB_t000000.jpg,venue_01::camera_B::day,day,90.99,37.31,1858.7,0.0000,0.0012,good,
1_empty/slot_20260711_1000_camB_t000004_m.jpg,venue_01::camera_B::day,day,91.04,37.43,1890.7,0.0000,0.0012,good,
1_empty/slot_20260711_1000_camB_t000014.jpg,venue_01::camera_B::day,day,91.03,37.36,1844.7,0.0000,0.0011,good,
1_empty/slot_20260711_1000_camB_t000021_m.jpg,venue_01::camera_B::day,day,89.64,36.92,1842.0,0.0000,0.0009,good,
1_empty/slot_20260711_1000_camB_t000029.jpg,venue_01::camera_B::day,day,89.67,36.90,1823.1,0.0000,0.0010,good,
1_empty/slot_20260711_1000_camB_t000034_m.jpg,venue_01::camera_B::day,day,89.64,36.87,1811.1,0.0000,0.0009,good,
1_empty/slot_20260711_1000_camB_t000044.jpg,venue_01::camera_B::day,day,89.56,36.83,1814.7,0.0000,0.0010,good,
1_empty/slot_20260711_1000_camB_t000059.jpg,venue_01::camera_B::day,day,89.55,36.83,1807.6,0.0000,0.0011,good,
1_empty/slot_20260711_1000_camB_t000074.jpg,venue_01::camera_B::day,day,89.45,36.82,1806.7,0.0000,0.0010,good,
1_empty/slot_20260711_1000_camB_t000089.jpg,venue_01::camera_B::day,day,89.54,36.84,1809.6,0.0000,0.0012,good,
1_empty/slot_20260711_1000_camB_t000104.jpg,venue_01::camera_B::day,day,89.53,36.83,1809.1,0.0000,0.0011,good,
1_empty/slot_20260711_1000_camB_t000119.jpg,venue_01::camera_B::day,day,89.81,36.85,1798.3,0.0000,0.0010,good,
1_empty/slot_20260711_1000_camB_t000127_m.jpg,venue_01::camera_B::day,day,89.65,36.88,1801.1,0.0000,0.0010,good,
1_empty/slot_20260711_1000_camB_t000134.jpg,venue_01::camera_B::day,day,89.63,36.88,1821.0,0.0000,0.0010,good,
1_empty/slot_20260711_1000_camB_t000149.jpg,venue_01::camera_B::day,day,89.61,36.87,1812.7,0.0000,0.0009,good,
1_empty/slot_20260711_1000_camB_t000164.jpg,venue_01::camera_B::day,day,89.66,36.84,1810.8,0.0000,0.0010,good,
1_empty/slot_20260711_1000_camB_t000179.jpg,venue_01::camera_B::day,day,89.77,36.92,1803.7,0.0000,0.0010,good,
1_empty/slot_20260711_1000_camB_t000194.jpg,venue_01::camera_B::day,day,89.78,36.93,1841.5,0.0000,0.0010,good,
1_empty/slot_20260711_1000_camB_t000209.jpg,venue_01::camera_B::day,day,89.83,36.95,1830.6,0.0000,0.0009,good,
1_empty/slot_20260711_1000_camB_t000224.jpg,venue_01::camera_B::day,day,89.88,37.05,1811.4,0.0000,0.0009,good,
1_empty/slot_20260711_1000_camB_t000239.jpg,venue_01::camera_B::day,day,89.86,37.04,1804.2,0.0000,0.0008,good,
1_empty/slot_20260711_1000_camB_t000254.jpg,venue_01::camera_B::day,day,89.70,36.81,1798.6,0.0000,0.0007,good,
1_empty/slot_20260711_1000_camB_t000269.jpg,venue_01::camera_B::day,day,90.09,36.71,1803.9,0.0000,0.0006,good,
1_empty/slot_20260711_1000_camB_t000284.jpg,venue_01::camera_B::day,day,90.13,36.73,1800.8,0.0000,0.0007,good,
1_empty/slot_20260711_1000_camB_t000299.jpg,venue_01::camera_B::day,day,90.15,36.75,1811.3,0.0000,0.0006,good,
1_empty/slot_20260711_1000_camB_t000314.jpg,venue_01::camera_B::day,day,90.11,36.79,1811.3,0.0000,0.0006,good,
1_empty/slot_20260711_1000_camB_t000329.jpg,venue_01::camera_B::day,day,90.91,36.96,1824.1,0.0000,0.0007,good,
1_empty/slot_20260711_1000_camB_t000344.jpg,venue_01::camera_B::day,day,90.91,36.98,1817.2,0.0000,0.0006,good,
1_empty/slot_20260711_1000_camB_t000359.jpg,venue_01::camera_B::day,day,90.91,36.97,1809.0,0.0000,0.0007,good,
1_empty/slot_20260711_1000_camB_t000374.jpg,venue_01::camera_B::day,day,90.93,36.95,1803.3,0.0000,0.0007,good,
1_empty/slot_20260711_1000_camB_t000389.jpg,venue_01::camera_B::day,day,90.93,36.96,1806.4,0.0000,0.0008,good,
1_empty/slot_20260711_1000_camB_t000396_m.jpg,venue_01::camera_B::day,day,90.92,36.97,1797.7,0.0000,0.0008,good,
1_empty/slot_20260711_1000_camB_t000404.jpg,venue_01::camera_B::day,day,90.92,36.95,1792.9,0.0000,0.0008,good,
1_empty/slot_20260711_1000_camB_t000419.jpg,venue_01::camera_B::day,day,90.93,36.96,1812.9,0.0000,0.0008,good,
1_empty/slot_20260711_1000_camB_t000434.jpg,venue_01::camera_B::day,day,90.96,36.96,1818.0,0.0000,0.0007,good,
1_empty/slot_20260711_1000_camB_t000449.jpg,venue_01::camera_B::day,day,91.02,36.97,1825.9,0.0000,0.0006,good,
1_empty/slot_20260711_1000_camB_t000464.jpg,venue_01::camera_B::day,day,91.00,36.90,1804.5,0.0000,0.0006,good,
1_empty/slot_20260711_1000_camB_t000479.jpg,venue_01::camera_B::day,day,91.02,36.89,1814.7,0.0000,0.0007,good,
1_empty/slot_20260711_1000_camB_t000494.jpg,venue_01::camera_B::day,day,91.00,36.96,1807.4,0.0000,0.0007,good,
1_empty/slot_20260711_1000_camB_t000509.jpg,venue_01::camera_B::day,day,90.94,36.90,1822.9,0.0000,0.0007,good,
1_empty/slot_20260711_1000_camB_t000524.jpg,venue_01::camera_B::day,day,90.87,36.87,1819.4,0.0000,0.0007,good,
1_empty/slot_20260711_1000_camB_t000539.jpg,venue_01::camera_B::day,day,90.87,36.82,1803.9,0.0000,0.0007,good,
1_empty/slot_20260711_1000_camB_t000554.jpg,venue_01::camera_B::day,day,90.89,36.83,1810.5,0.0000,0.0007,good,
1_empty/slot_20260711_1000_camB_t000569.jpg,venue_01::camera_B::day,day,90.91,36.82,1811.0,0.0000,0.0008,good,
1_empty/slot_20260711_1000_camB_t000584.jpg,venue_01::camera_B::day,day,90.91,36.79,1822.4,0.0000,0.0007,good,
1_empty/slot_20260711_1000_camB_t000599.jpg,venue_01::camera_B::day,day,90.97,36.79,1809.3,0.0000,0.0007,good,
1_empty/slot_20260711_1000_camB_t000614.jpg,venue_01::camera_B::day,day,90.92,36.80,1811.8,0.0000,0.0006,good,
1_empty/slot_20260711_1000_camB_t000629.jpg,venue_01::camera_B::day,day,90.91,36.79,1798.8,0.0000,0.0007,good,
1_empty/slot_20260711_1000_camB_t000644.jpg,venue_01::camera_B::day,day,90.88,36.81,1806.1,0.0000,0.0007,good,
1_empty/slot_20260711_1000_camB_t000659.jpg,venue_01::camera_B::day,day,90.87,36.79,1790.0,0.0000,0.0008,good,
1_empty/slot_20260711_1000_camB_t000674.jpg,venue_01::camera_B::day,day,90.93,36.83,1789.4,0.0000,0.0007,good,
1_empty/slot_20260711_1000_camB_t000689.jpg,venue_01::camera_B::day,day,90.95,36.78,1781.1,0.0000,0.0007,good,
1_empty/slot_20260711_1000_camB_t000704.jpg,venue_01::camera_B::day,day,90.98,36.76,1787.4,0.0000,0.0006,good,
1_empty/slot_20260711_1000_camB_t000719.jpg,venue_01::camera_B::day,day,91.06,36.85,1791.3,0.0000,0.0007,good,
1_empty/slot_20260711_1000_camB_t000734.jpg,venue_01::camera_B::day,day,91.12,36.88,1803.2,0.0000,0.0008,good,
1_empty/slot_20260711_1000_camB_t000749.jpg,venue_01::camera_B::day,day,91.11,36.88,1832.2,0.0000,0.0007,good,
1_empty/slot_20260711_1000_camB_t000764.jpg,venue_01::camera_B::day,day,91.14,36.91,1819.8,0.0000,0.0008,good,
1_empty/slot_20260711_1000_camB_t000779.jpg,venue_01::camera_B::day,day,91.13,36.88,1823.5,0.0000,0.0007,good,
1_empty/slot_20260711_1000_camB_t000794.jpg,venue_01::camera_B::day,day,91.13,36.84,1834.7,0.0000,0.0005,good,
1_empty/slot_20260711_1000_camB_t000809.jpg,venue_01::camera_B::day,day,91.05,36.88,1817.0,0.0000,0.0005,good,
1_empty/slot_20260711_1000_camB_t000824.jpg,venue_01::camera_B::day,day,91.14,36.92,1824.8,0.0000,0.0007,good,
1_empty/slot_20260711_1000_camB_t000839.jpg,venue_01::camera_B::day,day,91.10,36.90,1828.3,0.0000,0.0006,good,
1_empty/slot_20260711_1000_camB_t000854.jpg,venue_01::camera_B::day,day,91.06,36.92,1827.8,0.0000,0.0007,good,
1_empty/slot_20260711_1000_camB_t000869.jpg,venue_01::camera_B::day,day,91.17,37.00,1813.9,0.0000,0.0007,good,
1_empty/slot_20260711_1000_camB_t000884.jpg,venue_01::camera_B::day,day,91.09,36.98,1820.7,0.0000,0.0008,good,
1_empty/slot_20260711_1000_camB_t000899.jpg,venue_01::camera_B::day,day,91.07,36.94,1820.5,0.0000,0.0007,good,
1_empty/slot_20260711_1000_camB_t000914.jpg,venue_01::camera_B::day,day,91.08,36.93,1822.5,0.0000,0.0007,good,
1_empty/slot_20260711_1000_camB_t000929.jpg,venue_01::camera_B::day,day,91.15,36.94,1823.7,0.0000,0.0008,good,
1_empty/slot_20260711_1000_camB_t000944.jpg,venue_01::camera_B::day,day,91.12,36.94,1829.2,0.0000,0.0009,good,
1_empty/slot_20260711_1000_camB_t000959.jpg,venue_01::camera_B::day,day,91.11,36.92,1826.1,0.0000,0.0007,good,
1_empty/slot_20260711_1000_camB_t000974.jpg,venue_01::camera_B::day,day,91.11,36.87,1841.2,0.0000,0.0006,good,
1_empty/slot_20260711_1000_camB_t000989.jpg,venue_01::camera_B::day,day,91.09,36.95,1822.6,0.0000,0.0007,good,
1_empty/slot_20260711_1000_camB_t001004.jpg,venue_01::camera_B::day,day,91.01,36.97,1829.5,0.0000,0.0008,good,
1_empty/slot_20260711_1000_camB_t001019.jpg,venue_01::camera_B::day,day,90.97,36.97,1829.1,0.0000,0.0009,good,
1_empty/slot_20260711_1000_camB_t001034.jpg,venue_01::camera_B::day,day,90.94,36.97,1815.8,0.0000,0.0007,good,
1_empty/slot_20260711_1000_camB_t001049.jpg,venue_01::camera_B::day,day,90.91,36.93,1806.7,0.0000,0.0008,good,
1_empty/slot_20260711_1000_camB_t001054_m.jpg,venue_01::camera_B::day,day,90.92,36.96,1808.0,0.0000,0.0007,good,
1_empty/slot_20260711_1000_camB_t001064.jpg,venue_01::camera_B::day,day,90.95,36.89,1804.1,0.0000,0.0006,good,
1_empty/slot_20260711_1000_camB_t001079.jpg,venue_01::camera_B::day,day,90.92,36.98,1829.3,0.0000,0.0008,good,
1_empty/slot_20260711_1000_camB_t001094.jpg,venue_01::camera_B::day,day,90.88,36.90,1805.0,0.0000,0.0008,good,
1_empty/slot_20260711_1000_camB_t001109.jpg,venue_01::camera_B::day,day,90.93,36.92,1795.6,0.0000,0.0008,good,
1_empty/slot_20260711_1000_camB_t001124.jpg,venue_01::camera_B::day,day,90.99,36.90,1795.9,0.0000,0.0009,good,
1_empty/slot_20260711_1000_camB_t001139.jpg,venue_01::camera_B::day,day,91.01,36.97,1803.0,0.0000,0.0007,good,
1_empty/slot_20260711_1000_camB_t001154.jpg,venue_01::camera_B::day,day,91.02,36.94,1811.5,0.0000,0.0007,good,
1_empty/slot_20260711_1000_camB_t001169.jpg,venue_01::camera_B::day,day,91.04,36.94,1800.7,0.0000,0.0008,good,
1_empty/slot_20260711_1000_camB_t001184.jpg,venue_01::camera_B::day,day,91.04,37.00,1794.6,0.0000,0.0010,good,
1_empty/slot_20260711_1000_camB_t001199.jpg,venue_01::camera_B::day,day,91.01,36.99,1802.7,0.0000,0.0008,good,
1_empty/slot_20260711_1000_camB_t001214.jpg,venue_01::camera_B::day,day,91.02,36.97,1786.4,0.0000,0.0008,good,
1_empty/slot_20260711_1000_camB_t001229.jpg,venue_01::camera_B::day,day,91.03,36.99,1791.7,0.0000,0.0008,good,
1_empty/slot_20260711_1000_camB_t001244.jpg,venue_01::camera_B::day,day,91.00,36.91,1798.5,0.0000,0.0007,good,
1_empty/slot_20260711_1000_camB_t001259.jpg,venue_01::camera_B::day,day,91.03,36.93,1793.8,0.0000,0.0007,good,
1_empty/slot_20260711_1000_camB_t001274.jpg,venue_01::camera_B::day,day,91.03,36.91,1802.1,0.0000,0.0008,good,
1_empty/slot_20260711_1000_camB_t001289.jpg,venue_01::camera_B::day,day,90.99,36.88,1796.0,0.0000,0.0007,good,
1_empty/slot_20260711_1000_camB_t001304.jpg,venue_01::camera_B::day,day,91.03,36.90,1789.3,0.0000,0.0008,good,
1_empty/slot_20260711_1000_camB_t001319.jpg,venue_01::camera_B::day,day,91.05,36.92,1795.8,0.0000,0.0008,good,
1_empty/slot_20260711_1000_camB_t001334.jpg,venue_01::camera_B::day,day,91.04,36.92,1804.3,0.0000,0.0009,good,
1_empty/slot_20260711_1000_camB_t001349.jpg,venue_01::camera_B::day,day,91.08,36.91,1796.6,0.0000,0.0009,good,
1_empty/slot_20260711_1000_camB_t001364.jpg,venue_01::camera_B::day,day,91.21,36.84,1760.2,0.0000,0.0007,good,
1_empty/slot_20260711_1000_camB_t001379.jpg,venue_01::camera_B::day,day,91.09,36.86,1783.2,0.0000,0.0008,good,
1_empty/slot_20260711_1000_camB_t001394.jpg,venue_01::camera_B::day,day,91.11,36.88,1790.5,0.0000,0.0008,good,
1_empty/slot_20260711_1000_camB_t001409.jpg,venue_01::camera_B::day,day,91.17,36.88,1778.1,0.0000,0.0008,good,
1_empty/slot_20260711_1000_camB_t001424.jpg,venue_01::camera_B::day,day,91.14,36.81,1786.9,0.0000,0.0008,good,
1_empty/slot_20260711_1000_camB_t001439.jpg,venue_01::camera_B::day,day,91.08,36.81,1792.2,0.0000,0.0008,good,
1_empty/slot_20260711_1000_camB_t001454.jpg,venue_01::camera_B::day,day,91.08,36.81,1800.7,0.0000,0.0009,good,
1_empty/slot_20260711_1000_camB_t001469.jpg,venue_01::camera_B::day,day,91.15,36.81,1813.7,0.0000,0.0008,good,
1_empty/slot_20260711_1000_camB_t001484.jpg,venue_01::camera_B::day,day,91.21,36.81,1801.5,0.0000,0.0009,good,
1_empty/slot_20260711_1000_camB_t001499.jpg,venue_01::camera_B::day,day,91.21,36.81,1799.7,0.0000,0.0008,good,
1_empty/slot_20260711_1000_camB_t001514.jpg,venue_01::camera_B::day,day,91.29,36.82,1804.6,0.0000,0.0008,good,
1_empty/slot_20260711_1000_camB_t001529.jpg,venue_01::camera_B::day,day,91.27,36.78,1807.8,0.0000,0.0007,good,
1_empty/slot_20260711_1000_camB_t001544.jpg,venue_01::camera_B::day,day,91.35,36.82,1790.5,0.0000,0.0009,good,
1_empty/slot_20260711_1000_camB_t001559.jpg,venue_01::camera_B::day,day,91.69,36.68,1735.2,0.0000,0.0009,good,
1_empty/slot_20260711_1000_camB_t001574.jpg,venue_01::camera_B::day,day,91.41,36.79,1773.6,0.0000,0.0007,good,
1_empty/slot_20260711_1000_camB_t001589.jpg,venue_01::camera_B::day,day,91.34,36.82,1794.1,0.0000,0.0008,good,
1_empty/slot_20260711_1000_camB_t001604.jpg,venue_01::camera_B::day,day,91.32,36.80,1785.6,0.0000,0.0009,good,
1_empty/slot_20260711_1000_camB_t001619.jpg,venue_01::camera_B::day,day,91.36,36.78,1762.5,0.0000,0.0010,good,
1_empty/slot_20260711_1000_camB_t001634.jpg,venue_01::camera_B::day,day,91.33,36.78,1794.5,0.0000,0.0008,good,
1_empty/slot_20260711_1000_camB_t001649.jpg,venue_01::camera_B::day,day,91.35,36.77,1788.7,0.0000,0.0009,good,
1_empty/slot_20260711_1000_camB_t001664.jpg,venue_01::camera_B::day,day,91.28,36.79,1781.2,0.0000,0.0010,good,
1_empty/slot_20260711_1000_camB_t001679.jpg,venue_01::camera_B::day,day,91.29,36.80,1772.3,0.0000,0.0009,good,
1_empty/slot_20260711_1000_camB_t001694.jpg,venue_01::camera_B::day,day,91.27,36.79,1777.9,0.0000,0.0010,good,
1_empty/slot_20260711_1000_camB_t001709.jpg,venue_01::camera_B::day,day,91.24,36.78,1782.8,0.0000,0.0009,good,
1_empty/slot_20260711_1000_camB_t001724.jpg,venue_01::camera_B::day,day,91.26,36.77,1782.6,0.0000,0.0009,good,
1_empty/slot_20260711_1000_camB_t001739.jpg,venue_01::camera_B::day,day,91.25,36.77,1780.9,0.0000,0.0009,good,
1_empty/slot_20260711_1000_camB_t001754.jpg,venue_01::camera_B::day,day,91.26,36.76,1785.9,0.0000,0.0009,good,
1_empty/slot_20260711_1000_camB_t001769.jpg,venue_01::camera_B::day,day,91.28,36.74,1764.6,0.0000,0.0008,good,
1_empty/slot_20260711_1000_camB_t001784.jpg,venue_01::camera_B::day,day,91.22,36.76,1771.8,0.0000,0.0009,good,
1_empty/slot_20260711_1000_camB_t001799.jpg,venue_01::camera_B::day,day,91.15,36.73,1777.3,0.0000,0.0008,good,
1_empty/slot_20260711_1000_camB_t001814.jpg,venue_01::camera_B::day,day,91.12,36.74,1769.5,0.0000,0.0007,good,
1_empty/slot_20260711_1000_camB_t001829.jpg,venue_01::camera_B::day,day,91.04,36.74,1771.6,0.0000,0.0008,good,
1_empty/slot_20260711_1000_camB_t001844.jpg,venue_01::camera_B::day,day,90.97,36.75,1766.9,0.0000,0.0009,good,
1_empty/slot_20260711_1000_camB_t001859.jpg,venue_01::camera_B::day,day,90.98,36.76,1768.9,0.0000,0.0008,good,
1_empty/slot_20260711_1000_camB_t001874.jpg,venue_01::camera_B::day,day,91.08,36.76,1773.8,0.0000,0.0009,good,
1_empty/slot_20260711_1000_camB_t001889.jpg,venue_01::camera_B::day,day,91.10,36.72,1779.0,0.0000,0.0009,good,
1_empty/slot_20260711_1000_camB_t001904.jpg,venue_01::camera_B::day,day,91.09,36.78,1779.8,0.0000,0.0009,good,
1_empty/slot_20260711_1000_camB_t001919.jpg,venue_01::camera_B::day,day,91.14,36.78,1773.2,0.0000,0.0009,good,
1_empty/slot_20260711_1000_camB_t001934.jpg,venue_01::camera_B::day,day,91.10,36.80,1771.1,0.0000,0.0008,good,
1_empty/slot_20260711_1000_camB_t001949.jpg,venue_01::camera_B::day,day,91.05,36.78,1785.3,0.0000,0.0009,good,
1_empty/slot_20260711_1000_camB_t001963.jpg,venue_01::camera_B::day,day,91.12,36.82,1773.1,0.0000,0.0009,good,
1_empty/slot_20260711_1000_camB_t001978.jpg,venue_01::camera_B::day,day,91.19,36.78,1772.5,0.0000,0.0008,good,
1_empty/slot_20260711_1000_camB_t001993.jpg,venue_01::camera_B::day,day,91.19,36.78,1780.6,0.0000,0.0009,good,
1_empty/slot_20260711_1000_camB_t002008.jpg,venue_01::camera_B::day,day,91.25,36.74,1771.5,0.0000,0.0009,good,
1_empty/slot_20260711_1000_camB_t002023.jpg,venue_01::camera_B::day,day,91.31,36.71,1775.1,0.0000,0.0009,good,
1_empty/slot_20260711_1000_camB_t002038.jpg,venue_01::camera_B::day,day,91.30,36.74,1774.1,0.0000,0.0008,good,
1_empty/slot_20260711_1000_camB_t002053.jpg,venue_01::camera_B::day,day,91.31,36.71,1781.5,0.0000,0.0008,good,
1_empty/slot_20260711_1000_camB_t002068.jpg,venue_01::camera_B::day,day,91.36,36.73,1776.9,0.0000,0.0009,good,
1_empty/slot_20260711_1000_camB_t002083.jpg,venue_01::camera_B::day,day,91.35,36.70,1793.4,0.0000,0.0009,good,
1_empty/slot_20260711_1000_camB_t002098.jpg,venue_01::camera_B::day,day,91.34,36.71,1781.1,0.0000,0.0009,good,
1_empty/slot_20260711_1000_camB_t002113.jpg,venue_01::camera_B::day,day,91.44,36.74,1767.9,0.0000,0.0009,good,
1_empty/slot_20260711_1000_camB_t002118_m.jpg,venue_01::camera_B::day,day,91.45,36.72,1765.3,0.0000,0.0008,good,
1_empty/slot_20260711_1000_camB_t002128.jpg,venue_01::camera_B::day,day,91.49,36.71,1775.6,0.0000,0.0009,good,
1_empty/slot_20260711_1000_camB_t002143.jpg,venue_01::camera_B::day,day,91.45,36.69,1777.8,0.0000,0.0008,good,
1_empty/slot_20260711_1000_camB_t002158.jpg,venue_01::camera_B::day,day,91.39,36.66,1780.3,0.0000,0.0010,good,
1_empty/slot_20260711_1000_camB_t002173.jpg,venue_01::camera_B::day,day,91.40,36.63,1766.0,0.0000,0.0009,good,
1_empty/slot_20260711_1000_camB_t002188.jpg,venue_01::camera_B::day,day,91.55,36.67,1773.3,0.0000,0.0008,good,
1_empty/slot_20260711_1000_camB_t002203.jpg,venue_01::camera_B::day,day,91.49,36.63,1775.1,0.0000,0.0009,good,
1_empty/slot_20260711_1000_camB_t002218.jpg,venue_01::camera_B::day,day,91.51,36.66,1769.6,0.0000,0.0009,good,
1_empty/slot_20260711_1000_camB_t002233.jpg,venue_01::camera_B::day,day,91.50,36.69,1765.2,0.0000,0.0009,good,
1_empty/slot_20260711_1000_camB_t002248.jpg,venue_01::camera_B::day,day,91.52,36.68,1768.3,0.0000,0.0009,good,
1_empty/slot_20260711_1000_camB_t002263.jpg,venue_01::camera_B::day,day,91.62,36.64,1738.8,0.0000,0.0009,good,
1_empty/slot_20260711_1000_camB_t002278.jpg,venue_01::camera_B::day,day,91.58,36.68,1756.2,0.0000,0.0010,good,
1_empty/slot_20260711_1000_camB_t002293.jpg,venue_01::camera_B::day,day,91.61,36.68,1770.7,0.0000,0.0009,good,
1_empty/slot_20260711_1000_camB_t002308.jpg,venue_01::camera_B::day,day,91.61,36.71,1758.9,0.0000,0.0009,good,
1_empty/slot_20260711_1000_camB_t002323.jpg,venue_01::camera_B::day,day,91.63,36.71,1767.4,0.0000,0.0008,good,
1_empty/slot_20260711_1000_camB_t002338.jpg,venue_01::camera_B::day,day,91.58,36.64,1757.3,0.0000,0.0009,good,
1_empty/slot_20260711_1000_camB_t002353.jpg,venue_01::camera_B::day,day,91.61,36.69,1762.8,0.0000,0.0008,good,
1_empty/slot_20260711_1000_camB_t002368.jpg,venue_01::camera_B::day,day,91.60,36.65,1752.0,0.0000,0.0009,good,
1_empty/slot_20260711_1000_camB_t002383.jpg,venue_01::camera_B::day,day,91.55,36.61,1741.8,0.0000,0.0007,good,
1_empty/slot_20260711_1000_camB_t002398.jpg,venue_01::camera_B::day,day,91.52,36.69,1774.1,0.0000,0.0008,good,
1_empty/slot_20260711_1000_camB_t002413.jpg,venue_01::camera_B::day,day,91.49,36.68,1770.7,0.0000,0.0008,good,
1_empty/slot_20260711_1000_camB_t002428.jpg,venue_01::camera_B::day,day,91.42,36.67,1754.6,0.0000,0.0009,good,
1_empty/slot_20260711_1000_camB_t002443.jpg,venue_01::camera_B::day,day,91.33,36.64,1749.9,0.0000,0.0009,good,
1_empty/slot_20260711_1000_camB_t002458.jpg,venue_01::camera_B::day,day,91.39,36.67,1762.4,0.0000,0.0008,good,
1_empty/slot_20260711_1000_camB_t002473.jpg,venue_01::camera_B::day,day,91.38,36.64,1748.5,0.0000,0.0007,good,
1_empty/slot_20260711_1000_camB_t002488.jpg,venue_01::camera_B::day,day,91.45,36.68,1743.5,0.0000,0.0009,good,
1_empty/slot_20260711_1000_camB_t002503.jpg,venue_01::camera_B::day,day,91.36,36.69,1747.2,0.0000,0.0009,good,
1_empty/slot_20260711_1000_camB_t002518.jpg,venue_01::camera_B::day,day,91.29,36.71,1745.5,0.0000,0.0008,good,
1_empty/slot_20260711_1000_camB_t002533.jpg,venue_01::camera_B::day,day,91.36,36.69,1755.6,0.0000,0.0008,good,
1_empty/slot_20260711_1000_camB_t002548.jpg,venue_01::camera_B::day,day,91.34,36.71,1750.1,0.0000,0.0007,good,
1_empty/slot_20260711_1000_camB_t002563.jpg,venue_01::camera_B::day,day,91.30,36.68,1746.3,0.0000,0.0008,good,
1_empty/slot_20260711_1000_camB_t002578.jpg,venue_01::camera_B::day,day,91.27,36.70,1745.3,0.0000,0.0009,good,
1_empty/slot_20260711_1000_camB_t002593.jpg,venue_01::camera_B::day,day,91.34,36.68,1738.8,0.0000,0.0008,good,
1_empty/slot_20260711_1000_camB_t002608.jpg,venue_01::camera_B::day,day,91.35,36.64,1734.6,0.0000,0.0008,good,
1_empty/slot_20260711_1000_camB_t002623.jpg,venue_01::camera_B::day,day,91.37,36.65,1736.9,0.0000,0.0008,good,
1_empty/slot_20260711_1000_camB_t002638.jpg,venue_01::camera_B::day,day,91.44,36.63,1737.4,0.0000,0.0009,good,
1_empty/slot_20260711_1000_camB_t002653.jpg,venue_01::camera_B::day,day,91.45,36.70,1745.8,0.0000,0.0009,good,
1_empty/slot_20260711_1000_camB_t002668.jpg,venue_01::camera_B::day,day,91.33,36.65,1736.0,0.0000,0.0007,good,
1_empty/slot_20260711_1000_camB_t002683.jpg,venue_01::camera_B::day,day,91.47,36.66,1742.8,0.0000,0.0007,good,
1_empty/slot_20260711_1000_camB_t002698.jpg,venue_01::camera_B::day,day,91.39,36.66,1750.4,0.0000,0.0008,good,
1_empty/slot_20260711_1000_camB_t002713.jpg,venue_01::camera_B::day,day,91.38,36.66,1744.0,0.0000,0.0009,good,
1_empty/slot_20260711_1000_camB_t002728.jpg,venue_01::camera_B::day,day,91.42,36.64,1755.9,0.0000,0.0008,good,
1_empty/slot_20260711_1000_camB_t002743.jpg,venue_01::camera_B::day,day,91.32,36.56,1750.9,0.0000,0.0007,good,
1_empty/slot_20260711_1000_camB_t002758.jpg,venue_01::camera_B::day,day,91.67,36.72,1750.9,0.0000,0.0009,good,
1_empty/slot_20260711_1000_camB_t002773.jpg,venue_01::camera_B::day,day,91.74,36.69,1746.9,0.0000,0.0009,good,
1_empty/slot_20260711_1000_camB_t002788.jpg,venue_01::camera_B::day,day,91.83,36.72,1753.9,0.0000,0.0008,good,
1_empty/slot_20260711_1000_camB_t002803.jpg,venue_01::camera_B::day,day,91.84,36.73,1754.8,0.0000,0.0007,good,
1_empty/slot_20260711_1000_camB_t002818.jpg,venue_01::camera_B::day,day,91.89,36.70,1749.6,0.0000,0.0008,good,
1_empty/slot_20260711_1000_camB_t002833.jpg,venue_01::camera_B::day,day,91.75,36.63,1744.8,0.0000,0.0007,good,
1_empty/slot_20260711_1000_camB_t002848.jpg,venue_01::camera_B::day,day,91.74,36.61,1753.4,0.0000,0.0007,good,
1_empty/slot_20260711_1000_camB_t002863.jpg,venue_01::camera_B::day,day,91.65,36.61,1746.6,0.0000,0.0007,good,
1_empty/slot_20260711_1000_camB_t002878.jpg,venue_01::camera_B::day,day,91.62,36.60,1741.3,0.0000,0.0008,good,
1_empty/slot_20260711_1000_camB_t002893.jpg,venue_01::camera_B::day,day,91.54,36.57,1754.7,0.0000,0.0007,good,
1_empty/slot_20260711_1000_camB_t002908.jpg,venue_01::camera_B::day,day,91.56,36.62,1762.5,0.0000,0.0007,good,
1_empty/slot_20260711_1000_camB_t002923.jpg,venue_01::camera_B::day,day,91.74,36.61,1716.6,0.0000,0.0007,good,
1_empty/slot_20260711_1000_camB_t002938.jpg,venue_01::camera_B::day,day,91.57,36.67,1733.6,0.0000,0.0009,good,
1_empty/slot_20260711_1000_camB_t002953.jpg,venue_01::camera_B::day,day,91.60,36.69,1732.3,0.0000,0.0008,good,
1_empty/slot_20260711_1000_camB_t002968.jpg,venue_01::camera_B::day,day,91.60,36.66,1719.5,0.0000,0.0009,good,
1_empty/slot_20260711_1000_camB_t002983.jpg,venue_01::camera_B::day,day,91.57,36.65,1737.2,0.0000,0.0008,good,
1_empty/slot_20260711_1000_camB_t002998.jpg,venue_01::camera_B::day,day,91.49,36.68,1745.8,0.0000,0.0008,good,
1_empty/slot_20260711_1000_camB_t003013.jpg,venue_01::camera_B::day,day,91.47,36.61,1732.9,0.0000,0.0010,good,
1_empty/slot_20260711_1000_camB_t003028.jpg,venue_01::camera_B::day,day,91.40,36.66,1728.9,0.0000,0.0008,good,
1_empty/slot_20260711_1000_camB_t003043.jpg,venue_01::camera_B::day,day,91.41,36.51,1763.5,0.0000,0.0009,good,
1_empty/slot_20260711_1000_camB_t003058.jpg,venue_01::camera_B::day,day,91.58,36.64,1743.3,0.0000,0.0009,good,
1_empty/slot_20260711_1000_camB_t003073.jpg,venue_01::camera_B::day,day,91.69,36.65,1737.9,0.0000,0.0009,good,
1_empty/slot_20260711_1000_camB_t003088.jpg,venue_01::camera_B::day,day,91.82,36.68,1728.4,0.0000,0.0008,good,
1_empty/slot_20260711_1000_camB_t003103.jpg,venue_01::camera_B::day,day,91.78,36.68,1728.8,0.0000,0.0009,good,
1_empty/slot_20260711_1000_camB_t003118.jpg,venue_01::camera_B::day,day,91.82,36.68,1749.7,0.0000,0.0009,good,
1_empty/slot_20260711_1000_camB_t003133.jpg,venue_01::camera_B::day,day,91.93,36.72,1741.2,0.0000,0.0009,good,
1_empty/slot_20260711_1000_camB_t003148.jpg,venue_01::camera_B::day,day,91.88,36.70,1744.1,0.0000,0.0009,good,
1_empty/slot_20260711_1000_camB_t003163.jpg,venue_01::camera_B::day,day,91.90,36.71,1750.7,0.0000,0.0008,good,
1_empty/slot_20260711_1000_camB_t003178.jpg,venue_01::camera_B::day,day,91.95,36.73,1750.5,0.0000,0.0008,good,
1_empty/slot_20260711_1000_camB_t003193.jpg,venue_01::camera_B::day,day,91.98,36.72,1747.6,0.0000,0.0009,good,
1_empty/slot_20260711_1000_camB_t003208.jpg,venue_01::camera_B::day,day,91.96,36.67,1742.3,0.0000,0.0008,good,
1_empty/slot_20260711_1000_camB_t003223.jpg,venue_01::camera_B::day,day,91.96,36.71,1746.5,0.0000,0.0009,good,
1_empty/slot_20260711_1000_camB_t003238.jpg,venue_01::camera_B::day,day,91.97,36.69,1750.1,0.0000,0.0008,good,
1_empty/slot_20260711_1000_camB_t003253.jpg,venue_01::camera_B::day,day,91.98,36.68,1739.8,0.0000,0.0008,good,
1_empty/slot_20260711_1000_camB_t003268.jpg,venue_01::camera_B::day,day,92.00,36.70,1744.2,0.0000,0.0008,good,
1_empty/slot_20260711_1000_camB_t003283.jpg,venue_01::camera_B::day,day,91.93,36.72,1751.0,0.0000,0.0009,good,
1_empty/slot_20260711_1000_camB_t003298.jpg,venue_01::camera_B::day,day,91.90,36.66,1761.8,0.0000,0.0008,good,
1_empty/slot_20260711_1000_camB_t003313.jpg,venue_01::camera_B::day,day,91.83,36.64,1754.0,0.0000,0.0009,good,
1_empty/slot_20260711_1000_camB_t003328.jpg,venue_01::camera_B::day,day,91.81,36.67,1740.8,0.0000,0.0008,good,
1_empty/slot_20260711_1000_camB_t003343.jpg,venue_01::camera_B::day,day,91.78,36.69,1749.1,0.0000,0.0008,good,
1_empty/slot_20260711_1000_camB_t003358.jpg,venue_01::camera_B::day,day,91.80,36.72,1741.2,0.0000,0.0008,good,
1_empty/slot_20260711_1000_camB_t003373.jpg,venue_01::camera_B::day,day,91.76,36.72,1743.4,0.0000,0.0007,good,
1_empty/slot_20260711_1000_camB_t003388.jpg,venue_01::camera_B::day,day,91.69,36.67,1738.2,0.0000,0.0007,good,
1_empty/slot_20260711_1000_camB_t003403.jpg,venue_01::camera_B::day,day,91.78,36.62,1735.4,0.0000,0.0007,good,
1_empty/slot_20260711_1000_camB_t003418.jpg,venue_01::camera_B::day,day,91.77,36.64,1734.7,0.0000,0.0009,good,
1_empty/slot_20260711_1000_camB_t003433.jpg,venue_01::camera_B::day,day,91.73,36.64,1730.1,0.0000,0.0008,good,
1_empty/slot_20260711_1000_camB_t003448.jpg,venue_01::camera_B::day,day,91.72,36.67,1756.3,0.0000,0.0008,good,
1_empty/slot_20260712_2030_camA_t000074.jpg,venue_01::camera_B::night,night,83.41,36.99,259.9,0.0000,0.0101,good,
1_empty/slot_20260712_2030_camA_t001633.jpg,venue_01::camera_B::night,night,82.81,37.18,267.2,0.0000,0.0101,good,
1_empty/slot_20260712_2030_camA_t001663.jpg,venue_01::camera_B::night,night,82.94,37.23,264.3,0.0000,0.0101,good,
1_empty/slot_20260712_2030_camA_t002322.jpg,venue_01::camera_B::night,night,84.76,37.97,265.5,0.0000,0.0110,good,
1_empty/slot_20260712_2030_camA_t002861.jpg,venue_01::camera_B::night,night,85.79,38.45,268.0,0.0000,0.0117,good,
1_empty/slot_20260712_2030_camB_t002368.jpg,venue_01::camera_A::night,night,77.71,20.12,77.6,0.0000,0.0000,good,
1_empty/slot_20260712_2030_camB_t002383.jpg,venue_01::camera_A::night,night,77.81,20.08,75.3,0.0000,0.0000,good,
1_empty/slot_20260712_2030_camB_t002398.jpg,venue_01::camera_A::night,night,77.83,20.15,75.6,0.0000,0.0000,good,
1_empty/slot_20260712_2030_camB_t002413.jpg,venue_01::camera_A::night,night,77.75,20.25,77.7,0.0000,0.0000,good,
2_playing/clip_ca_1788518168281_t001333.jpg,clipvenue_a_blue_barrier::night,night,68.79,26.11,899.9,0.0092,0.0000,good,
2_playing/clip_ca_1788518168281_t003533.jpg,clipvenue_a_blue_barrier::night,night,68.45,26.31,862.4,0.0080,0.0000,good,
2_playing/clip_ca_1788518168281_t005700.jpg,clipvenue_a_blue_barrier::night,night,68.64,25.83,881.7,0.0079,0.0000,good,
2_playing/clip_ca_1788518168281_t007900.jpg,clipvenue_a_blue_barrier::night,night,68.90,25.73,881.7,0.0084,0.0000,good,
2_playing/clip_ca_1788518168281_t010066.jpg,clipvenue_a_blue_barrier::night,night,68.94,25.67,880.1,0.0079,0.0000,good,
2_playing/clip_ca_1788518168281_t012266.jpg,clipvenue_a_blue_barrier::night,night,68.45,25.74,884.9,0.0083,0.0000,good,
2_playing/clip_ca_1788518174157_t001200.jpg,clipvenue_a_blue_barrier::night,night,70.30,28.14,1070.3,0.0018,0.0000,good,
2_playing/clip_ca_1788518174157_t003166.jpg,clipvenue_a_blue_barrier::night,night,69.70,27.94,1042.0,0.0016,0.0000,good,
2_playing/clip_ca_1788518174157_t005133.jpg,clipvenue_a_blue_barrier::night,night,70.05,27.84,1068.1,0.0016,0.0000,good,
2_playing/clip_ca_1788518174157_t007100.jpg,clipvenue_a_blue_barrier::night,night,69.64,27.87,1048.8,0.0015,0.0000,good,
2_playing/clip_ca_1788518174157_t009066.jpg,clipvenue_a_blue_barrier::night,night,69.66,27.89,1053.6,0.0013,0.0000,good,
2_playing/clip_ca_1788518174157_t011033.jpg,clipvenue_a_blue_barrier::night,night,69.97,28.27,1072.1,0.0018,0.0000,good,
2_playing/clip_ca_1788518270455_t001266.jpg,clipvenue_a_blue_barrier::night,night,70.98,30.34,993.8,0.0015,0.0000,good,
2_playing/clip_ca_1788518270455_t003300.jpg,clipvenue_a_blue_barrier::night,night,70.80,30.01,948.9,0.0010,0.0000,good,
2_playing/clip_ca_1788518270455_t005333.jpg,clipvenue_a_blue_barrier::night,night,71.54,29.81,942.4,0.0006,0.0000,good,
2_playing/clip_ca_1788518270455_t007333.jpg,clipvenue_a_blue_barrier::night,night,70.69,29.53,958.1,0.0003,0.0000,good,
2_playing/clip_ca_1788518270455_t009366.jpg,clipvenue_a_blue_barrier::night,night,70.73,29.47,967.4,0.0004,0.0000,good,
2_playing/clip_ca_1788518270455_t011400.jpg,clipvenue_a_blue_barrier::night,night,70.54,29.48,967.2,0.0005,0.0000,good,
2_playing/clip_ca_1788518278573_t001266.jpg,clipvenue_a_blue_barrier::night,night,71.36,28.98,937.4,0.0010,0.0000,good,
2_playing/clip_ca_1788518278573_t003366.jpg,clipvenue_a_blue_barrier::night,night,71.74,28.96,931.8,0.0009,0.0000,good,
2_playing/clip_ca_1788518278573_t005433.jpg,clipvenue_a_blue_barrier::night,night,71.60,28.93,955.3,0.0006,0.0000,good,
2_playing/clip_ca_1788518278573_t007500.jpg,clipvenue_a_blue_barrier::night,night,71.52,29.12,949.5,0.0010,0.0000,good,
2_playing/clip_ca_1788518278573_t009566.jpg,clipvenue_a_blue_barrier::night,night,71.59,29.31,964.0,0.0015,0.0000,good,
2_playing/clip_ca_1788518278573_t011666.jpg,clipvenue_a_blue_barrier::night,night,72.20,29.43,968.9,0.0012,0.0000,good,
2_playing/clip_ca_1788518284135_t001200.jpg,clipvenue_a_blue_barrier::night,night,70.51,29.11,957.1,0.0004,0.0000,good,
2_playing/clip_ca_1788518284135_t003133.jpg,clipvenue_a_blue_barrier::night,night,70.71,29.48,899.9,0.0002,0.0000,good,
2_playing/clip_ca_1788518284135_t005066.jpg,clipvenue_a_blue_barrier::night,night,70.71,29.08,938.4,0.0006,0.0000,good,
2_playing/clip_ca_1788518284135_t007000.jpg,clipvenue_a_blue_barrier::night,night,70.68,29.00,930.4,0.0003,0.0000,good,
2_playing/clip_ca_1788518284135_t008933.jpg,clipvenue_a_blue_barrier::night,night,70.74,29.19,959.7,0.0006,0.0000,good,
2_playing/clip_ca_1788518284135_t010866.jpg,clipvenue_a_blue_barrier::night,night,70.76,29.68,941.3,0.0012,0.0000,good,
2_playing/clip_ca_1788518291422_t001266.jpg,clipvenue_a_blue_barrier::night,night,70.09,31.87,954.6,0.0177,0.0000,good,
2_playing/clip_ca_1788518291422_t003333.jpg,clipvenue_a_blue_barrier::night,night,71.20,31.49,939.8,0.0136,0.0000,good,
2_playing/clip_ca_1788518291422_t005366.jpg,clipvenue_a_blue_barrier::night,night,72.08,30.17,970.6,0.0052,0.0000,good,
2_playing/clip_ca_1788518291422_t007433.jpg,clipvenue_a_blue_barrier::night,night,72.06,29.90,994.2,0.0023,0.0000,good,
2_playing/clip_ca_1788518291422_t009466.jpg,clipvenue_a_blue_barrier::night,night,72.41,29.85,991.9,0.0015,0.0000,good,
2_playing/clip_ca_1788518291422_t011533.jpg,clipvenue_a_blue_barrier::night,night,71.66,29.58,960.6,0.0002,0.0000,good,
2_playing/clip_ca_1788518296205_t001366.jpg,clipvenue_a_blue_barrier::night,night,71.88,29.22,951.1,0.0004,0.0000,good,
2_playing/clip_ca_1788518296205_t003566.jpg,clipvenue_a_blue_barrier::night,night,71.61,29.18,978.7,0.0003,0.0000,good,
2_playing/clip_ca_1788518296205_t005766.jpg,clipvenue_a_blue_barrier::night,night,71.54,29.30,968.7,0.0006,0.0000,good,
2_playing/clip_ca_1788518296205_t007933.jpg,clipvenue_a_blue_barrier::night,night,71.75,29.59,1004.0,0.0011,0.0000,good,
2_playing/clip_ca_1788518296205_t010133.jpg,clipvenue_a_blue_barrier::night,night,71.54,29.75,988.4,0.0014,0.0000,good,
2_playing/clip_ca_1788518296205_t012333.jpg,clipvenue_a_blue_barrier::night,night,71.19,29.77,984.7,0.0016,0.0000,good,
2_playing/clip_ca_1788518302270_t001333.jpg,clipvenue_a_blue_barrier::night,night,71.18,29.20,893.7,0.0002,0.0000,good,
2_playing/clip_ca_1788518302270_t003533.jpg,clipvenue_a_blue_barrier::night,night,71.54,29.20,971.3,0.0013,0.0000,good,
2_playing/clip_ca_1788518302270_t005700.jpg,clipvenue_a_blue_barrier::night,night,70.66,29.26,987.7,0.0014,0.0000,good,
2_playing/clip_ca_1788518302270_t007900.jpg,clipvenue_a_blue_barrier::night,night,71.76,29.22,983.9,0.0010,0.0000,good,
2_playing/clip_ca_1788518302270_t010066.jpg,clipvenue_a_blue_barrier::night,night,71.64,29.35,976.1,0.0003,0.0000,good,
2_playing/clip_ca_1788518302270_t012266.jpg,clipvenue_a_blue_barrier::night,night,71.97,29.33,978.0,0.0003,0.0000,good,
2_playing/clip_ca_1788518312798_t001233.jpg,clipvenue_a_blue_barrier::night,night,68.05,27.09,842.2,0.0119,0.0000,good,
2_playing/clip_ca_1788518312798_t003266.jpg,clipvenue_a_blue_barrier::night,night,68.35,26.44,886.8,0.0116,0.0000,good,
2_playing/clip_ca_1788518312798_t005266.jpg,clipvenue_a_blue_barrier::night,night,67.85,26.20,872.9,0.0113,0.0000,good,
2_playing/clip_ca_1788518312798_t007300.jpg,clipvenue_a_blue_barrier::night,night,68.53,26.22,863.0,0.0118,0.0000,good,
2_playing/clip_ca_1788518312798_t009300.jpg,clipvenue_a_blue_barrier::night,night,68.66,26.39,860.5,0.0117,0.0000,good,
2_playing/clip_ca_1788518312798_t011333.jpg,clipvenue_a_blue_barrier::night,night,68.42,26.09,861.6,0.0119,0.0000,good,
2_playing/clip_ca_1788518318235_t001366.jpg,clipvenue_a_blue_barrier::night,night,69.57,27.90,1011.4,0.0055,0.0000,good,
2_playing/clip_ca_1788518318235_t003566.jpg,clipvenue_a_blue_barrier::night,night,69.51,27.98,1017.8,0.0055,0.0000,good,
2_playing/clip_ca_1788518318235_t005766.jpg,clipvenue_a_blue_barrier::night,night,69.89,28.04,1023.6,0.0054,0.0000,good,
2_playing/clip_ca_1788518318235_t007966.jpg,clipvenue_a_blue_barrier::night,night,69.83,28.15,1024.6,0.0059,0.0000,good,
2_playing/clip_ca_1788518318235_t010166.jpg,clipvenue_a_blue_barrier::night,night,69.62,28.18,1026.7,0.0063,0.0000,good,
2_playing/clip_ca_1788518318235_t012366.jpg,clipvenue_a_blue_barrier::night,night,69.60,28.11,1014.4,0.0062,0.0000,good,
2_playing/clip_ca_1788518324229_t001300.jpg,clipvenue_a_blue_barrier::night,night,68.81,26.78,856.7,0.0119,0.0000,good,
2_playing/clip_ca_1788518324229_t003400.jpg,clipvenue_a_blue_barrier::night,night,68.76,26.27,851.3,0.0118,0.0000,good,
2_playing/clip_ca_1788518324229_t005500.jpg,clipvenue_a_blue_barrier::night,night,68.65,26.02,845.4,0.0114,0.0000,good,
2_playing/clip_ca_1788518324229_t007566.jpg,clipvenue_a_blue_barrier::night,night,68.70,26.08,851.1,0.0121,0.0000,good,
2_playing/clip_ca_1788518324229_t009666.jpg,clipvenue_a_blue_barrier::night,night,68.69,26.24,845.6,0.0121,0.0000,good,
2_playing/clip_ca_1788518324229_t011766.jpg,clipvenue_a_blue_barrier::night,night,68.42,26.01,845.1,0.0112,0.0000,good,
2_playing/clip_ca_1788518332036_t001300.jpg,clipvenue_a_blue_barrier::night,night,70.37,28.81,943.2,0.0010,0.0000,good,
2_playing/clip_ca_1788518332036_t003433.jpg,clipvenue_a_blue_barrier::night,night,70.98,28.99,939.0,0.0009,0.0000,good,
2_playing/clip_ca_1788518332036_t005566.jpg,clipvenue_a_blue_barrier::night,night,70.76,28.93,964.7,0.0008,0.0000,good,
2_playing/clip_ca_1788518332036_t007666.jpg,clipvenue_a_blue_barrier::night,night,70.72,28.94,945.5,0.0011,0.0000,good,
2_playing/clip_ca_1788518332036_t009800.jpg,clipvenue_a_blue_barrier::night,night,70.65,28.99,950.9,0.0009,0.0000,good,
2_playing/clip_ca_1788518332036_t011933.jpg,clipvenue_a_blue_barrier::night,night,70.74,29.05,940.6,0.0007,0.0000,good,
2_playing/clip_ca_1788518338406_t001333.jpg,clipvenue_a_blue_barrier::night,night,72.06,27.30,977.1,0.0001,0.0000,good,
2_playing/clip_ca_1788518338406_t003533.jpg,clipvenue_a_blue_barrier::night,night,72.40,29.83,943.2,0.0000,0.0000,good,
2_playing/clip_ca_1788518338406_t005700.jpg,clipvenue_a_blue_barrier::night,night,71.63,27.66,981.6,0.0000,0.0000,good,
2_playing/clip_ca_1788518338406_t007900.jpg,clipvenue_a_blue_barrier::night,night,72.02,27.79,989.4,0.0000,0.0000,good,
2_playing/clip_ca_1788518338406_t010066.jpg,clipvenue_a_blue_barrier::night,night,72.80,27.41,1027.9,0.0000,0.0000,good,
2_playing/clip_ca_1788518338406_t012266.jpg,clipvenue_a_blue_barrier::night,night,72.17,27.29,1013.3,0.0000,0.0000,good,
2_playing/clip_ca_1788518343632_t001233.jpg,clipvenue_a_blue_barrier::night,night,72.58,27.59,991.2,0.0027,0.0000,good,
2_playing/clip_ca_1788518343632_t003233.jpg,clipvenue_a_blue_barrier::night,night,72.36,27.33,960.6,0.0001,0.0000,good,
2_playing/clip_ca_1788518343632_t005233.jpg,clipvenue_a_blue_barrier::night,night,71.96,27.45,974.0,0.0002,0.0000,good,
2_playing/clip_ca_1788518343632_t007266.jpg,clipvenue_a_blue_barrier::night,night,71.98,27.38,975.1,0.0001,0.0000,good,
2_playing/clip_ca_1788518343632_t009266.jpg,clipvenue_a_blue_barrier::night,night,72.79,27.48,997.7,0.0001,0.0000,good,
2_playing/clip_ca_1788518343632_t011266.jpg,clipvenue_a_blue_barrier::night,night,71.89,27.78,977.7,0.0002,0.0000,good,
2_playing/clip_ca_1788518349117_t001233.jpg,clipvenue_a_blue_barrier::night,night,70.22,28.58,912.4,0.0007,0.0000,good,
2_playing/clip_ca_1788518349117_t003200.jpg,clipvenue_a_blue_barrier::night,night,70.26,28.72,911.3,0.0010,0.0000,good,
2_playing/clip_ca_1788518349117_t005200.jpg,clipvenue_a_blue_barrier::night,night,70.26,28.62,926.1,0.0008,0.0000,good,
2_playing/clip_ca_1788518349117_t007166.jpg,clipvenue_a_blue_barrier::night,night,70.38,28.73,926.3,0.0008,0.0000,good,
2_playing/clip_ca_1788518349117_t009166.jpg,clipvenue_a_blue_barrier::night,night,69.88,29.61,966.9,0.0040,0.0000,good,
2_playing/clip_ca_1788518349117_t011133.jpg,clipvenue_a_blue_barrier::night,night,70.22,29.44,953.7,0.0031,0.0000,good,
2_playing/clip_ca_1788518356572_t001200.jpg,clipvenue_a_blue_barrier::night,night,69.63,29.72,911.2,0.0025,0.0000,good,
2_playing/clip_ca_1788518356572_t003133.jpg,clipvenue_a_blue_barrier::night,night,70.00,29.76,905.1,0.0007,0.0000,good,
2_playing/clip_ca_1788518356572_t005066.jpg,clipvenue_a_blue_barrier::night,night,70.41,29.90,940.0,0.0006,0.0000,good,
2_playing/clip_ca_1788518356572_t007000.jpg,clipvenue_a_blue_barrier::night,night,70.44,29.88,919.8,0.0007,0.0000,good,
2_playing/clip_ca_1788518356572_t008933.jpg,clipvenue_a_blue_barrier::night,night,70.32,29.65,919.8,0.0007,0.0000,good,
2_playing/clip_ca_1788518356572_t010866.jpg,clipvenue_a_blue_barrier::night,night,69.51,30.37,967.9,0.0045,0.0000,good,
2_playing/clip_ca_1788518475528_t001366.jpg,clipvenue_a_blue_barrier::night,night,66.81,31.42,1299.5,0.0090,0.0000,good,
2_playing/clip_ca_1788518475528_t003600.jpg,clipvenue_a_blue_barrier::night,night,66.73,31.54,1212.5,0.0092,0.0000,good,
2_playing/clip_ca_1788518475528_t005833.jpg,clipvenue_a_blue_barrier::night,night,66.87,31.33,1254.6,0.0098,0.0000,good,
2_playing/clip_ca_1788518475528_t008100.jpg,clipvenue_a_blue_barrier::night,night,66.88,31.22,1254.5,0.0092,0.0000,good,
2_playing/clip_ca_1788518475528_t010333.jpg,clipvenue_a_blue_barrier::night,night,66.50,31.54,1259.1,0.0096,0.0000,good,
2_playing/clip_ca_1788518475528_t012566.jpg,clipvenue_a_blue_barrier::night,night,66.72,31.20,1231.7,0.0096,0.0000,good,
2_playing/clip_ca_1788518480806_t001233.jpg,clipvenue_a_blue_barrier::night,night,67.25,31.19,1314.3,0.0109,0.0000,good,
2_playing/clip_ca_1788518480806_t003266.jpg,clipvenue_a_blue_barrier::night,night,67.11,30.96,1279.0,0.0108,0.0000,good,
2_playing/clip_ca_1788518480806_t005300.jpg,clipvenue_a_blue_barrier::night,night,67.57,30.67,1285.4,0.0110,0.0000,good,
2_playing/clip_ca_1788518480806_t007300.jpg,clipvenue_a_blue_barrier::night,night,67.48,30.53,1255.8,0.0101,0.0000,good,
2_playing/clip_ca_1788518480806_t009333.jpg,clipvenue_a_blue_barrier::night,night,67.95,30.39,1261.1,0.0100,0.0000,good,
2_playing/clip_ca_1788518480806_t011366.jpg,clipvenue_a_blue_barrier::night,night,67.99,30.53,1268.2,0.0106,0.0000,good,
2_playing/clip_ca_1788518486158_t001200.jpg,clipvenue_a_blue_barrier::night,night,55.55,35.48,1008.2,0.0136,0.0000,good,
2_playing/clip_ca_1788518486158_t003133.jpg,clipvenue_a_blue_barrier::night,night,55.41,35.65,1013.4,0.0138,0.0000,good,
2_playing/clip_ca_1788518486158_t005066.jpg,clipvenue_a_blue_barrier::night,night,55.40,35.64,991.0,0.0138,0.0000,good,
2_playing/clip_ca_1788518486158_t007000.jpg,clipvenue_a_blue_barrier::night,night,55.30,35.50,1001.4,0.0124,0.0000,good,
2_playing/clip_ca_1788518486158_t008933.jpg,clipvenue_a_blue_barrier::night,night,55.58,35.33,989.9,0.0130,0.0000,good,
2_playing/clip_ca_1788518486158_t010866.jpg,clipvenue_a_blue_barrier::night,night,55.52,35.64,1015.5,0.0125,0.0000,good,
2_playing/clip_ca_1788518528712_t001266.jpg,clipvenue_a_blue_barrier::night,night,70.39,26.70,1053.3,0.0088,0.0000,good,
2_playing/clip_ca_1788518528712_t003300.jpg,clipvenue_a_blue_barrier::night,night,70.54,26.73,1052.1,0.0083,0.0000,good,
2_playing/clip_ca_1788518528712_t005333.jpg,clipvenue_a_blue_barrier::night,night,70.48,26.70,1072.2,0.0085,0.0000,good,
2_playing/clip_ca_1788518528712_t007400.jpg,clipvenue_a_blue_barrier::night,night,70.28,26.71,1051.0,0.0088,0.0000,good,
2_playing/clip_ca_1788518528712_t009433.jpg,clipvenue_a_blue_barrier::night,night,70.49,26.85,1057.0,0.0087,0.0000,good,
2_playing/clip_ca_1788518528712_t011466.jpg,clipvenue_a_blue_barrier::night,night,70.46,26.81,1058.8,0.0088,0.0000,good,
2_playing/clip_ca_1788518533961_t001333.jpg,clipvenue_a_blue_barrier::night,night,70.42,27.28,1074.7,0.0085,0.0000,good,
2_playing/clip_ca_1788518533961_t003466.jpg,clipvenue_a_blue_barrier::night,night,70.80,27.08,1077.0,0.0082,0.0000,good,
2_playing/clip_ca_1788518533961_t005600.jpg,clipvenue_a_blue_barrier::night,night,70.53,26.97,1060.7,0.0092,0.0000,good,
2_playing/clip_ca_1788518533961_t007733.jpg,clipvenue_a_blue_barrier::night,night,70.73,26.95,1055.0,0.0084,0.0000,good,
2_playing/clip_ca_1788518533961_t009866.jpg,clipvenue_a_blue_barrier::night,night,70.34,26.88,1041.3,0.0089,0.0000,good,
2_playing/clip_ca_1788518533961_t012000.jpg,clipvenue_a_blue_barrier::night,night,70.77,26.83,1055.0,0.0083,0.0000,good,
2_playing/clip_ca_1788518546012_t001233.jpg,clipvenue_a_blue_barrier::night,night,70.60,26.78,1028.2,0.0088,0.0000,good,
2_playing/clip_ca_1788518546012_t003266.jpg,clipvenue_a_blue_barrier::night,night,70.40,26.72,1056.0,0.0083,0.0000,good,
2_playing/clip_ca_1788518546012_t005300.jpg,clipvenue_a_blue_barrier::night,night,70.61,26.78,1058.7,0.0086,0.0000,good,
2_playing/clip_ca_1788518546012_t007300.jpg,clipvenue_a_blue_barrier::night,night,70.41,26.97,1063.0,0.0080,0.0000,good,
2_playing/clip_ca_1788518546012_t009333.jpg,clipvenue_a_blue_barrier::night,night,70.45,27.01,1061.7,0.0087,0.0000,good,
2_playing/clip_ca_1788518546012_t011366.jpg,clipvenue_a_blue_barrier::night,night,70.68,27.03,1080.0,0.0096,0.0000,good,
2_playing/clip_ca_1788518551408_t001366.jpg,clipvenue_a_blue_barrier::night,night,64.68,32.57,1236.8,0.0093,0.0000,good,
2_playing/clip_ca_1788518551408_t003566.jpg,clipvenue_a_blue_barrier::night,night,64.92,32.40,1257.7,0.0096,0.0000,good,
2_playing/clip_ca_1788518551408_t005766.jpg,clipvenue_a_blue_barrier::night,night,65.06,32.43,1259.6,0.0095,0.0000,good,
2_playing/clip_ca_1788518551408_t008000.jpg,clipvenue_a_blue_barrier::night,night,65.09,32.65,1275.6,0.0091,0.0000,good,
2_playing/clip_ca_1788518551408_t010200.jpg,clipvenue_a_blue_barrier::night,night,65.31,32.55,1232.5,0.0097,0.0000,good,
2_playing/clip_ca_1788518551408_t012400.jpg,clipvenue_a_blue_barrier::night,night,64.71,32.37,1214.1,0.0098,0.0000,good,
2_playing/clip_ca_1788518557362_t001400.jpg,clipvenue_a_blue_barrier::night,night,67.04,31.56,1264.1,0.0096,0.0000,good,
2_playing/clip_ca_1788518557362_t003633.jpg,clipvenue_a_blue_barrier::night,night,67.06,31.67,1299.6,0.0099,0.0000,good,
2_playing/clip_ca_1788518557362_t005866.jpg,clipvenue_a_blue_barrier::night,night,66.66,31.69,1265.9,0.0094,0.0000,good,
2_playing/clip_ca_1788518557362_t008133.jpg,clipvenue_a_blue_barrier::night,night,67.09,31.56,1265.9,0.0098,0.0000,good,
2_playing/clip_ca_1788518557362_t010366.jpg,clipvenue_a_blue_barrier::night,night,67.21,32.24,1283.6,0.0097,0.0000,good,
2_playing/clip_ca_1788518557362_t012600.jpg,clipvenue_a_blue_barrier::night,night,67.00,31.53,1266.0,0.0096,0.0000,good,
2_playing/clip_ca_1788518563639_t001300.jpg,clipvenue_a_blue_barrier::night,night,68.44,30.34,1288.7,0.0112,0.0000,good,
2_playing/clip_ca_1788518563639_t003433.jpg,clipvenue_a_blue_barrier::night,night,68.11,30.40,1297.6,0.0108,0.0000,good,
2_playing/clip_ca_1788518563639_t005566.jpg,clipvenue_a_blue_barrier::night,night,67.85,30.57,1325.0,0.0111,0.0000,good,
2_playing/clip_ca_1788518563639_t007700.jpg,clipvenue_a_blue_barrier::night,night,68.48,30.16,1305.5,0.0105,0.0000,good,
2_playing/clip_ca_1788518563639_t009833.jpg,clipvenue_a_blue_barrier::night,night,68.36,29.86,1280.8,0.0102,0.0000,good,
2_playing/clip_ca_1788518563639_t011966.jpg,clipvenue_a_blue_barrier::night,night,68.71,29.92,1278.3,0.0109,0.0000,good,
2_playing/clip_ca_1788518570250_t001266.jpg,clipvenue_a_blue_barrier::night,night,64.76,32.89,1307.2,0.0096,0.0000,good,
2_playing/clip_ca_1788518570250_t003333.jpg,clipvenue_a_blue_barrier::night,night,64.85,32.73,1301.6,0.0092,0.0000,good,
2_playing/clip_ca_1788518570250_t005400.jpg,clipvenue_a_blue_barrier::night,night,64.92,32.67,1286.4,0.0090,0.0000,good,
2_playing/clip_ca_1788518570250_t007466.jpg,clipvenue_a_blue_barrier::night,night,65.12,32.56,1261.3,0.0096,0.0000,good,
2_playing/clip_ca_1788518570250_t009533.jpg,clipvenue_a_blue_barrier::night,night,65.30,32.66,1292.7,0.0098,0.0000,good,
2_playing/clip_ca_1788518570250_t011600.jpg,clipvenue_a_blue_barrier::night,night,65.18,32.61,1264.8,0.0094,0.0000,good,
2_playing/clip_ca_1788518575705_t001300.jpg,clipvenue_a_blue_barrier::night,night,68.25,29.81,1268.3,0.0111,0.0000,good,
2_playing/clip_ca_1788518575705_t003400.jpg,clipvenue_a_blue_barrier::night,night,68.93,29.92,1273.9,0.0109,0.0000,good,
2_playing/clip_ca_1788518575705_t005500.jpg,clipvenue_a_blue_barrier::night,night,69.21,30.06,1291.0,0.0107,0.0000,good,
2_playing/clip_ca_1788518575705_t007600.jpg,clipvenue_a_blue_barrier::night,night,69.38,29.89,1285.0,0.0102,0.0000,good,
2_playing/clip_ca_1788518575705_t009700.jpg,clipvenue_a_blue_barrier::night,night,68.43,29.66,1286.6,0.0113,0.0000,good,
2_playing/clip_ca_1788518575705_t011800.jpg,clipvenue_a_blue_barrier::night,night,69.01,29.84,1284.1,0.0108,0.0000,good,
2_playing/clip_ca_1788518581547_t001300.jpg,clipvenue_a_blue_barrier::night,night,68.16,29.92,1287.1,0.0110,0.0000,good,
2_playing/clip_ca_1788518581547_t003433.jpg,clipvenue_a_blue_barrier::night,night,68.38,30.09,1313.5,0.0109,0.0000,good,
2_playing/clip_ca_1788518581547_t005533.jpg,clipvenue_a_blue_barrier::night,night,68.79,29.94,1290.6,0.0111,0.0000,good,
2_playing/clip_ca_1788518581547_t007666.jpg,clipvenue_a_blue_barrier::night,night,69.63,29.95,1315.0,0.0106,0.0000,good,
2_playing/clip_ca_1788518581547_t009766.jpg,clipvenue_a_blue_barrier::night,night,69.43,30.03,1300.8,0.0102,0.0000,good,
2_playing/clip_ca_1788518581547_t011900.jpg,clipvenue_a_blue_barrier::night,night,69.06,29.99,1286.3,0.0107,0.0000,good,
2_playing/clip_cb_1788518043376_t001266.jpg,clipvenue_b_floodlit_track::day,day,119.84,30.77,741.4,0.0000,0.0002,good,
2_playing/clip_cb_1788518043376_t003333.jpg,clipvenue_b_floodlit_track::day,day,119.71,30.88,758.2,0.0000,0.0001,good,
2_playing/clip_cb_1788518043376_t005366.jpg,clipvenue_b_floodlit_track::day,day,119.56,30.90,771.2,0.0000,0.0001,good,
2_playing/clip_cb_1788518043376_t007433.jpg,clipvenue_b_floodlit_track::day,day,119.79,30.80,737.0,0.0000,0.0002,good,
2_playing/clip_cb_1788518043376_t009466.jpg,clipvenue_b_floodlit_track::day,day,119.89,30.84,728.4,0.0000,0.0002,good,
2_playing/clip_cb_1788518043376_t011533.jpg,clipvenue_b_floodlit_track::day,day,119.98,30.91,732.0,0.0000,0.0003,good,
2_playing/clip_cb_1788518049658_t001200.jpg,clipvenue_b_floodlit_track::day,day,119.98,30.65,714.4,0.0000,0.0001,good,
2_playing/clip_cb_1788518049658_t003133.jpg,clipvenue_b_floodlit_track::day,day,119.92,30.76,765.9,0.0000,0.0002,good,
2_playing/clip_cb_1788518049658_t005066.jpg,clipvenue_b_floodlit_track::day,day,119.66,30.89,717.9,0.0000,0.0003,good,
2_playing/clip_cb_1788518049658_t007000.jpg,clipvenue_b_floodlit_track::day,day,119.81,31.11,735.4,0.0000,0.0003,good,
2_playing/clip_cb_1788518049658_t008933.jpg,clipvenue_b_floodlit_track::day,day,119.70,31.01,742.7,0.0000,0.0002,good,
2_playing/clip_cb_1788518049658_t010866.jpg,clipvenue_b_floodlit_track::day,day,120.09,30.96,754.1,0.0000,0.0002,good,
2_playing/clip_cb_1788518452957_t001200.jpg,clipvenue_b_floodlit_track::day,day,120.09,31.10,744.8,0.0000,0.0003,good,
2_playing/clip_cb_1788518452957_t003133.jpg,clipvenue_b_floodlit_track::day,day,119.66,30.82,757.5,0.0000,0.0002,good,
2_playing/clip_cb_1788518452957_t005066.jpg,clipvenue_b_floodlit_track::day,day,119.75,30.86,736.3,0.0000,0.0001,good,
2_playing/clip_cb_1788518452957_t007000.jpg,clipvenue_b_floodlit_track::day,day,120.07,31.25,738.0,0.0000,0.0003,good,
2_playing/clip_cb_1788518452957_t008933.jpg,clipvenue_b_floodlit_track::day,day,120.26,31.15,749.8,0.0000,0.0003,good,
2_playing/clip_cb_1788518452957_t010866.jpg,clipvenue_b_floodlit_track::day,day,119.88,31.13,763.7,0.0000,0.0003,good,
2_playing/clip_cb_1788518463024_t001366.jpg,clipvenue_b_floodlit_track::day,day,119.80,31.31,742.5,0.0000,0.0003,good,
2_playing/clip_cb_1788518463024_t003533.jpg,clipvenue_b_floodlit_track::day,day,119.63,31.35,758.7,0.0000,0.0003,good,
2_playing/clip_cb_1788518463024_t005733.jpg,clipvenue_b_floodlit_track::day,day,119.54,31.47,789.1,0.0000,0.0003,good,
2_playing/clip_cb_1788518463024_t007900.jpg,clipvenue_b_floodlit_track::day,day,119.14,31.57,817.0,0.0000,0.0003,good,
2_playing/clip_cb_1788518463024_t010100.jpg,clipvenue_b_floodlit_track::day,day,119.13,31.43,800.0,0.0000,0.0003,good,
2_playing/clip_cb_1788518463024_t012300.jpg,clipvenue_b_floodlit_track::day,day,119.43,31.13,765.2,0.0000,0.0001,good,
2_playing/clip_cb_1788518469145_t001400.jpg,clipvenue_b_floodlit_track::day,day,120.23,30.99,766.1,0.0000,0.0002,good,
2_playing/clip_cb_1788518469145_t003633.jpg,clipvenue_b_floodlit_track::day,day,120.38,30.82,772.9,0.0000,0.0001,good,
2_playing/clip_cb_1788518469145_t005866.jpg,clipvenue_b_floodlit_track::day,day,120.65,30.80,769.0,0.0000,0.0003,good,
2_playing/clip_cb_1788518469145_t008100.jpg,clipvenue_b_floodlit_track::day,day,120.04,31.13,766.4,0.0000,0.0003,good,
2_playing/clip_cb_1788518469145_t010333.jpg,clipvenue_b_floodlit_track::day,day,120.21,31.29,801.8,0.0000,0.0003,good,
2_playing/clip_cb_1788518469145_t012600.jpg,clipvenue_b_floodlit_track::day,day,120.18,31.20,777.8,0.0000,0.0003,good,
2_playing/clip_cb_1788518680610_t001233.jpg,clipvenue_b_floodlit_track::day,day,120.89,45.24,369.3,0.0000,0.0111,bad,detail 369 is far below this camera's usual 830; the lens may be dirty or wet
2_playing/clip_cb_1788518680610_t003200.jpg,clipvenue_b_floodlit_track::day,day,120.77,45.32,367.9,0.0000,0.0111,bad,detail 368 is far below this camera's usual 830; the lens may be dirty or wet
2_playing/clip_cb_1788518680610_t005200.jpg,clipvenue_b_floodlit_track::day,day,120.65,45.27,360.0,0.0000,0.0111,bad,detail 360 is far below this camera's usual 830; the lens may be dirty or wet
2_playing/clip_cb_1788518680610_t007200.jpg,clipvenue_b_floodlit_track::day,day,120.74,45.31,355.0,0.0000,0.0111,bad,detail 355 is far below this camera's usual 830; the lens may be dirty or wet
2_playing/clip_cb_1788518680610_t009200.jpg,clipvenue_b_floodlit_track::day,day,120.65,45.44,371.4,0.0000,0.0112,bad,detail 371 is far below this camera's usual 830; the lens may be dirty or wet
2_playing/clip_cb_1788518680610_t011166.jpg,clipvenue_b_floodlit_track::day,day,120.71,45.28,368.1,0.0000,0.0113,bad,detail 368 is far below this camera's usual 830; the lens may be dirty or wet
2_playing/clip_cb_1788518688922_t001233.jpg,clipvenue_b_floodlit_track::day,day,121.59,30.90,895.6,0.0000,0.0002,good,
2_playing/clip_cb_1788518688922_t003266.jpg,clipvenue_b_floodlit_track::day,day,121.40,31.05,873.6,0.0000,0.0003,good,
2_playing/clip_cb_1788518688922_t005266.jpg,clipvenue_b_floodlit_track::day,day,121.50,30.96,882.7,0.0000,0.0001,good,
2_playing/clip_cb_1788518688922_t007300.jpg,clipvenue_b_floodlit_track::day,day,121.43,31.19,890.8,0.0000,0.0003,good,
2_playing/clip_cb_1788518688922_t009300.jpg,clipvenue_b_floodlit_track::day,day,121.39,31.00,878.8,0.0000,0.0002,good,
2_playing/clip_cb_1788518688922_t011333.jpg,clipvenue_b_floodlit_track::day,day,121.41,30.97,894.4,0.0000,0.0003,good,
2_playing/clip_cb_1788518694984_t001300.jpg,clipvenue_b_floodlit_track::day,day,127.52,21.10,886.8,0.0000,0.0002,good,
2_playing/clip_cb_1788518694984_t003400.jpg,clipvenue_b_floodlit_track::day,day,127.86,21.01,847.4,0.0000,0.0002,good,
2_playing/clip_cb_1788518694984_t005500.jpg,clipvenue_b_floodlit_track::day,day,128.09,20.93,859.6,0.0000,0.0002,good,
2_playing/clip_cb_1788518694984_t007566.jpg,clipvenue_b_floodlit_track::day,day,128.02,20.98,875.6,0.0000,0.0001,good,
2_playing/clip_cb_1788518694984_t009666.jpg,clipvenue_b_floodlit_track::day,day,127.80,21.13,865.6,0.0000,0.0002,good,
2_playing/clip_cb_1788518694984_t011766.jpg,clipvenue_b_floodlit_track::day,day,127.80,21.27,839.7,0.0000,0.0002,good,
2_playing/clip_cb_1788518700749_t001366.jpg,clipvenue_b_floodlit_track::day,day,121.06,31.33,980.7,0.0000,0.0001,good,
2_playing/clip_cb_1788518700749_t003566.jpg,clipvenue_b_floodlit_track::day,day,120.45,30.96,934.5,0.0000,0.0003,good,
2_playing/clip_cb_1788518700749_t005800.jpg,clipvenue_b_floodlit_track::day,day,121.35,31.35,922.5,0.0000,0.0001,good,
2_playing/clip_cb_1788518700749_t008000.jpg,clipvenue_b_floodlit_track::day,day,121.30,31.07,898.9,0.0000,0.0003,good,
2_playing/clip_cb_1788518700749_t010233.jpg,clipvenue_b_floodlit_track::day,day,121.32,31.03,911.8,0.0000,0.0002,good,
2_playing/clip_cb_1788518700749_t012433.jpg,clipvenue_b_floodlit_track::day,day,121.17,30.71,894.3,0.0000,0.0003,good,
2_playing/clip_cb_1788518706532_t001266.jpg,clipvenue_b_floodlit_track::day,day,121.55,30.54,892.5,0.0000,0.0002,good,
2_playing/clip_cb_1788518706532_t003300.jpg,clipvenue_b_floodlit_track::day,day,121.54,30.56,883.3,0.0000,0.0002,good,
2_playing/clip_cb_1788518706532_t005333.jpg,clipvenue_b_floodlit_track::day,day,121.52,30.51,876.7,0.0000,0.0003,good,
2_playing/clip_cb_1788518706532_t007400.jpg,clipvenue_b_floodlit_track::day,day,121.69,30.35,869.0,0.0000,0.0001,good,
2_playing/clip_cb_1788518706532_t009433.jpg,clipvenue_b_floodlit_track::day,day,121.84,30.46,863.2,0.0000,0.0003,good,
2_playing/clip_cb_1788518706532_t011466.jpg,clipvenue_b_floodlit_track::day,day,121.95,30.47,867.6,0.0000,0.0003,good,
2_playing/clip_cb_1788518736613_t001300.jpg,clipvenue_b_floodlit_track::day,day,118.64,33.23,879.3,0.0000,0.0003,good,
2_playing/clip_cb_1788518736613_t003433.jpg,clipvenue_b_floodlit_track::day,day,119.13,33.24,863.4,0.0000,0.0003,good,
2_playing/clip_cb_1788518736613_t005566.jpg,clipvenue_b_floodlit_track::day,day,119.04,33.17,873.9,0.0000,0.0003,good,
2_playing/clip_cb_1788518736613_t007700.jpg,clipvenue_b_floodlit_track::day,day,118.61,33.49,877.4,0.0000,0.0002,good,
2_playing/clip_cb_1788518736613_t009833.jpg,clipvenue_b_floodlit_track::day,day,118.49,32.86,873.3,0.0000,0.0002,good,
2_playing/clip_cb_1788518736613_t011966.jpg,clipvenue_b_floodlit_track::day,day,118.64,32.68,890.2,0.0000,0.0001,good,
2_playing/clip_cb_1788518742645_t001200.jpg,clipvenue_b_floodlit_track::day,day,118.78,33.80,914.9,0.0000,0.0003,good,
2_playing/clip_cb_1788518742645_t003133.jpg,clipvenue_b_floodlit_track::day,day,118.74,33.91,919.0,0.0000,0.0003,good,
2_playing/clip_cb_1788518742645_t005066.jpg,clipvenue_b_floodlit_track::day,day,118.58,33.79,913.1,0.0000,0.0002,good,
2_playing/clip_cb_1788518742645_t007000.jpg,clipvenue_b_floodlit_track::day,day,118.30,33.51,900.1,0.0000,0.0002,good,
2_playing/clip_cb_1788518742645_t008933.jpg,clipvenue_b_floodlit_track::day,day,118.47,33.48,919.2,0.0000,0.0001,good,
2_playing/clip_cb_1788518742645_t010866.jpg,clipvenue_b_floodlit_track::day,day,118.40,33.55,906.2,0.0000,0.0001,good,
2_playing/clip_cb_1788518748061_t001200.jpg,clipvenue_b_floodlit_track::day,day,122.74,30.00,819.0,0.0000,0.0003,good,
2_playing/clip_cb_1788518748061_t003166.jpg,clipvenue_b_floodlit_track::day,day,122.50,30.66,857.1,0.0000,0.0004,good,
2_playing/clip_cb_1788518748061_t005133.jpg,clipvenue_b_floodlit_track::day,day,122.66,30.67,859.6,0.0000,0.0003,good,
2_playing/clip_cb_1788518748061_t007100.jpg,clipvenue_b_floodlit_track::day,day,122.34,30.55,848.1,0.0000,0.0003,good,
2_playing/clip_cb_1788518748061_t009066.jpg,clipvenue_b_floodlit_track::day,day,122.27,30.66,820.2,0.0000,0.0002,good,
2_playing/clip_cb_1788518748061_t011033.jpg,clipvenue_b_floodlit_track::day,day,122.39,30.15,817.7,0.0000,0.0002,good,
2_playing/clip_cc_1788518491617_t001300.jpg,clipvenue_c_teal_boards::day,day,108.42,40.21,1734.7,0.0013,0.0003,good,
2_playing/clip_cc_1788518491617_t003400.jpg,clipvenue_c_teal_boards::day,day,106.64,40.83,1827.8,0.0012,0.0002,good,
2_playing/clip_cc_1788518491617_t005500.jpg,clipvenue_c_teal_boards::day,day,106.50,41.47,1815.7,0.0014,0.0007,good,
2_playing/clip_cc_1788518491617_t007566.jpg,clipvenue_c_teal_boards::day,day,107.00,40.80,1804.9,0.0013,0.0005,good,
2_playing/clip_cc_1788518491617_t009666.jpg,clipvenue_c_teal_boards::day,day,107.72,40.22,1762.5,0.0012,0.0003,good,
2_playing/clip_cc_1788518491617_t011766.jpg,clipvenue_c_teal_boards::day,day,107.69,40.00,1791.5,0.0012,0.0003,good,
2_playing/clip_cc_1788518496823_t001266.jpg,clipvenue_c_teal_boards::day,day,107.42,40.36,1695.0,0.0013,0.0001,good,
2_playing/clip_cc_1788518496823_t003333.jpg,clipvenue_c_teal_boards::day,day,107.27,40.12,1718.3,0.0012,0.0007,good,
2_playing/clip_cc_1788518496823_t005400.jpg,clipvenue_c_teal_boards::day,day,107.54,40.04,1697.8,0.0012,0.0002,good,
2_playing/clip_cc_1788518496823_t007433.jpg,clipvenue_c_teal_boards::day,day,107.41,40.15,1736.4,0.0015,0.0002,good,
2_playing/clip_cc_1788518496823_t009500.jpg,clipvenue_c_teal_boards::day,day,107.12,40.29,1744.5,0.0018,0.0002,good,
2_playing/clip_cc_1788518496823_t011566.jpg,clipvenue_c_teal_boards::day,day,107.19,40.03,1706.3,0.0013,0.0002,good,
2_playing/clip_cc_1788518502597_t001233.jpg,clipvenue_c_teal_boards::day,day,106.65,40.84,1695.3,0.0014,0.0005,good,
2_playing/clip_cc_1788518502597_t003266.jpg,clipvenue_c_teal_boards::day,day,107.14,39.89,1742.1,0.0012,0.0004,good,
2_playing/clip_cc_1788518502597_t005266.jpg,clipvenue_c_teal_boards::day,day,107.40,39.89,1714.3,0.0014,0.0005,good,
2_playing/clip_cc_1788518502597_t007266.jpg,clipvenue_c_teal_boards::day,day,107.40,40.09,1736.9,0.0013,0.0004,good,
2_playing/clip_cc_1788518502597_t009266.jpg,clipvenue_c_teal_boards::day,day,107.34,40.04,1744.5,0.0011,0.0002,good,
2_playing/clip_cc_1788518502597_t011300.jpg,clipvenue_c_teal_boards::day,day,107.51,39.89,1709.5,0.0013,0.0002,good,
2_playing/clip_cc_1788518508545_t001200.jpg,clipvenue_c_teal_boards::day,day,108.68,40.21,1719.7,0.0012,0.0003,good,
2_playing/clip_cc_1788518508545_t003166.jpg,clipvenue_c_teal_boards::day,day,108.71,40.21,1742.3,0.0012,0.0005,good,
2_playing/clip_cc_1788518508545_t005133.jpg,clipvenue_c_teal_boards::day,day,108.79,40.19,1734.5,0.0013,0.0004,good,
2_playing/clip_cc_1788518508545_t007133.jpg,clipvenue_c_teal_boards::day,day,108.60,40.21,1730.8,0.0016,0.0004,good,
2_playing/clip_cc_1788518508545_t009100.jpg,clipvenue_c_teal_boards::day,day,108.62,40.16,1738.5,0.0013,0.0003,good,
2_playing/clip_cc_1788518508545_t011066.jpg,clipvenue_c_teal_boards::day,day,108.43,39.89,1705.9,0.0016,0.0001,good,
2_playing/clip_cc_1788518513386_t001333.jpg,clipvenue_c_teal_boards::day,day,109.97,36.05,1525.6,0.0001,0.0001,good,
2_playing/clip_cc_1788518513386_t003466.jpg,clipvenue_c_teal_boards::day,day,109.91,36.58,1562.0,0.0001,0.0001,good,
2_playing/clip_cc_1788518513386_t005600.jpg,clipvenue_c_teal_boards::day,day,109.92,36.01,1626.6,0.0000,0.0008,good,
2_playing/clip_cc_1788518513386_t007733.jpg,clipvenue_c_teal_boards::day,day,110.11,35.95,1636.3,0.0001,0.0007,good,
2_playing/clip_cc_1788518513386_t009866.jpg,clipvenue_c_teal_boards::day,day,109.73,36.30,1652.8,0.0001,0.0001,good,
2_playing/clip_cc_1788518513386_t012000.jpg,clipvenue_c_teal_boards::day,day,109.59,36.19,1577.1,0.0001,0.0001,good,
2_playing/clip_cc_1788518518750_t001366.jpg,clipvenue_c_teal_boards::day,day,107.53,40.28,1677.9,0.0014,0.0003,good,
2_playing/clip_cc_1788518518750_t003600.jpg,clipvenue_c_teal_boards::day,day,107.69,40.09,1686.9,0.0014,0.0005,good,
2_playing/clip_cc_1788518518750_t005833.jpg,clipvenue_c_teal_boards::day,day,107.84,40.06,1659.3,0.0017,0.0005,good,
2_playing/clip_cc_1788518518750_t008100.jpg,clipvenue_c_teal_boards::day,day,107.98,39.97,1682.4,0.0014,0.0004,good,
2_playing/clip_cc_1788518518750_t010333.jpg,clipvenue_c_teal_boards::day,day,107.95,39.92,1660.3,0.0014,0.0005,good,
2_playing/clip_cc_1788518518750_t012566.jpg,clipvenue_c_teal_boards::day,day,107.71,39.99,1680.0,0.0012,0.0002,good,
2_playing/clip_cd_1788518082821_t001000.jpg,clipvenue_d_indoor_dome::day,day,114.21,34.46,1227.3,0.0005,0.0007,unknown,no baseline for this camera yet
2_playing/clip_cd_1788518082821_t002633.jpg,clipvenue_d_indoor_dome::day,day,114.48,34.74,1201.1,0.0008,0.0007,unknown,no baseline for this camera yet
2_playing/clip_cd_1788518082821_t004266.jpg,clipvenue_d_indoor_dome::day,day,115.01,34.13,1149.6,0.0005,0.0005,unknown,no baseline for this camera yet
2_playing/clip_cd_1788518082821_t005900.jpg,clipvenue_d_indoor_dome::day,day,117.72,37.05,887.5,0.0004,0.0007,unknown,no baseline for this camera yet
2_playing/clip_cd_1788518082821_t007533.jpg,clipvenue_d_indoor_dome::day,day,117.06,36.66,1158.0,0.0010,0.0004,unknown,no baseline for this camera yet
2_playing/clip_cd_1788518082821_t009166.jpg,clipvenue_d_indoor_dome::day,day,117.73,36.21,1188.2,0.0010,0.0004,unknown,no baseline for this camera yet
2_playing/clip_cd_1788518094123_t001000.jpg,clipvenue_d_indoor_dome::day,day,108.04,32.43,1287.6,0.0031,0.0003,unknown,no baseline for this camera yet
2_playing/clip_cd_1788518094123_t002633.jpg,clipvenue_d_indoor_dome::day,day,111.41,32.97,1184.5,0.0012,0.0008,unknown,no baseline for this camera yet
2_playing/clip_cd_1788518094123_t004266.jpg,clipvenue_d_indoor_dome::day,day,115.37,34.03,1174.8,0.0006,0.0006,unknown,no baseline for this camera yet
2_playing/clip_cd_1788518094123_t005900.jpg,clipvenue_d_indoor_dome::day,day,118.51,37.62,1202.8,0.0010,0.0004,unknown,no baseline for this camera yet
2_playing/clip_cd_1788518094123_t007533.jpg,clipvenue_d_indoor_dome::day,day,110.73,31.67,1083.5,0.0006,0.0007,unknown,no baseline for this camera yet
2_playing/clip_cd_1788518094123_t009166.jpg,clipvenue_d_indoor_dome::day,day,112.17,29.82,1171.3,0.0002,0.0005,unknown,no baseline for this camera yet
2_playing/clip_cd_1788518102618_t001000.jpg,clipvenue_d_indoor_dome::day,day,111.39,30.78,1213.1,0.0013,0.0003,unknown,no baseline for this camera yet
2_playing/clip_cd_1788518102618_t002633.jpg,clipvenue_d_indoor_dome::day,day,112.91,31.15,1242.7,0.0002,0.0004,unknown,no baseline for this camera yet
2_playing/clip_cd_1788518102618_t004266.jpg,clipvenue_d_indoor_dome::day,day,113.18,31.50,1197.6,0.0009,0.0005,unknown,no baseline for this camera yet
2_playing/clip_cd_1788518102618_t005900.jpg,clipvenue_d_indoor_dome::day,day,108.65,31.36,1051.5,0.0017,0.0005,unknown,no baseline for this camera yet
2_playing/clip_cd_1788518102618_t007533.jpg,clipvenue_d_indoor_dome::day,day,112.67,34.12,1156.7,0.0008,0.0006,unknown,no baseline for this camera yet
2_playing/clip_cd_1788518102618_t009166.jpg,clipvenue_d_indoor_dome::day,day,114.15,35.03,1228.6,0.0010,0.0006,unknown,no baseline for this camera yet
2_playing/clip_ce_1788518718116_t001333.jpg,clipvenue_e_pink_boards::day,day,94.62,30.37,1330.4,0.0000,0.0001,unknown,no baseline for this camera yet
2_playing/clip_ce_1788518718116_t003533.jpg,clipvenue_e_pink_boards::day,day,93.77,30.58,1332.7,0.0000,0.0001,unknown,no baseline for this camera yet
2_playing/clip_ce_1788518718116_t005700.jpg,clipvenue_e_pink_boards::day,day,94.01,30.41,1310.7,0.0000,0.0000,unknown,no baseline for this camera yet
2_playing/clip_ce_1788518718116_t007866.jpg,clipvenue_e_pink_boards::day,day,94.38,30.61,1372.0,0.0000,0.0001,unknown,no baseline for this camera yet
2_playing/clip_ce_1788518718116_t010033.jpg,clipvenue_e_pink_boards::day,day,94.03,30.63,1346.3,0.0000,0.0001,unknown,no baseline for this camera yet
2_playing/clip_ce_1788518718116_t012233.jpg,clipvenue_e_pink_boards::day,day,94.34,30.34,1324.6,0.0000,0.0001,unknown,no baseline for this camera yet
2_playing/clip_ce_1788518723558_t001266.jpg,clipvenue_e_pink_boards::day,day,93.13,30.75,1375.9,0.0000,0.0001,unknown,no baseline for this camera yet
2_playing/clip_ce_1788518723558_t003366.jpg,clipvenue_e_pink_boards::day,day,92.65,30.92,1369.0,0.0000,0.0001,unknown,no baseline for this camera yet
2_playing/clip_ce_1788518723558_t005433.jpg,clipvenue_e_pink_boards::day,day,92.60,31.00,1363.8,0.0000,0.0001,unknown,no baseline for this camera yet
2_playing/clip_ce_1788518723558_t007500.jpg,clipvenue_e_pink_boards::day,day,93.09,30.77,1372.2,0.0000,0.0001,unknown,no baseline for this camera yet
2_playing/clip_ce_1788518723558_t009566.jpg,clipvenue_e_pink_boards::day,day,92.87,30.78,1382.3,0.0000,0.0001,unknown,no baseline for this camera yet
2_playing/clip_ce_1788518723558_t011666.jpg,clipvenue_e_pink_boards::day,day,92.98,30.89,1374.3,0.0000,0.0001,unknown,no baseline for this camera yet
2_playing/clip_ce_1788518730311_t001400.jpg,clipvenue_e_pink_boards::day,day,93.63,30.96,1353.3,0.0000,0.0001,unknown,no baseline for this camera yet
2_playing/clip_ce_1788518730311_t003633.jpg,clipvenue_e_pink_boards::day,day,93.45,31.09,1360.1,0.0000,0.0001,unknown,no baseline for this camera yet
2_playing/clip_ce_1788518730311_t005866.jpg,clipvenue_e_pink_boards::day,day,92.94,31.30,1370.4,0.0001,0.0001,unknown,no baseline for this camera yet
2_playing/clip_ce_1788518730311_t008100.jpg,clipvenue_e_pink_boards::day,day,93.00,31.34,1373.1,0.0000,0.0001,unknown,no baseline for this camera yet
2_playing/clip_ce_1788518730311_t010333.jpg,clipvenue_e_pink_boards::day,day,93.15,31.27,1343.8,0.0000,0.0001,unknown,no baseline for this camera yet
2_playing/clip_ce_1788518730311_t012600.jpg,clipvenue_e_pink_boards::day,day,92.62,31.41,1331.0,0.0000,0.0001,unknown,no baseline for this camera yet
2_playing/clip_cf_1788517934401_t001000.jpg,clipvenue_f_outdoor_bldg::day,day,100.98,50.33,751.1,0.0004,0.0011,unknown,no baseline for this camera yet
2_playing/clip_cf_1788517934401_t002666.jpg,clipvenue_f_outdoor_bldg::day,day,100.22,49.97,780.3,0.0003,0.0011,unknown,no baseline for this camera yet
2_playing/clip_cf_1788517934401_t004300.jpg,clipvenue_f_outdoor_bldg::day,day,101.00,49.68,488.5,0.0000,0.0010,unknown,no baseline for this camera yet
2_playing/clip_cf_1788517934401_t005933.jpg,clipvenue_f_outdoor_bldg::day,day,99.73,53.56,427.7,0.0019,0.0013,unknown,no baseline for this camera yet
2_playing/clip_cf_1788517934401_t007566.jpg,clipvenue_f_outdoor_bldg::day,day,104.03,52.10,544.9,0.0000,0.0023,unknown,no baseline for this camera yet
2_playing/clip_cf_1788517934401_t009233.jpg,clipvenue_f_outdoor_bldg::day,day,105.06,52.71,753.7,0.0013,0.0024,unknown,no baseline for this camera yet
2_playing/clip_cf_1788518024202_t001000.jpg,clipvenue_f_outdoor_bldg::day,day,106.44,54.32,694.1,0.0001,0.0029,unknown,no baseline for this camera yet
2_playing/clip_cf_1788518024202_t002633.jpg,clipvenue_f_outdoor_bldg::day,day,105.77,54.11,512.2,0.0000,0.0012,unknown,no baseline for this camera yet
2_playing/clip_cf_1788518024202_t004266.jpg,clipvenue_f_outdoor_bldg::day,day,100.42,49.83,699.5,0.0010,0.0010,unknown,no baseline for this camera yet
2_playing/clip_cf_1788518024202_t005933.jpg,clipvenue_f_outdoor_bldg::day,day,100.12,49.23,786.0,0.0001,0.0010,unknown,no baseline for this camera yet
2_playing/clip_cf_1788518024202_t007566.jpg,clipvenue_f_outdoor_bldg::day,day,100.27,49.34,784.0,0.0001,0.0010,unknown,no baseline for this camera yet
2_playing/clip_cf_1788518024202_t009200.jpg,clipvenue_f_outdoor_bldg::day,day,100.18,49.18,782.0,0.0001,0.0011,unknown,no baseline for this camera yet
2_playing/clip_cg_1788518055948_t001200.jpg,clipvenue_g_netting::night,night,71.00,25.91,1022.5,0.0001,0.0000,unknown,no baseline for this camera yet
2_playing/clip_cg_1788518055948_t003166.jpg,clipvenue_g_netting::night,night,72.02,25.89,1018.0,0.0001,0.0000,unknown,no baseline for this camera yet
2_playing/clip_cg_1788518055948_t005100.jpg,clipvenue_g_netting::night,night,71.32,25.78,1012.7,0.0001,0.0000,unknown,no baseline for this camera yet
2_playing/clip_cg_1788518055948_t007066.jpg,clipvenue_g_netting::night,night,71.29,25.92,1024.6,0.0000,0.0000,unknown,no baseline for this camera yet
2_playing/clip_cg_1788518055948_t009000.jpg,clipvenue_g_netting::night,night,71.25,25.90,1027.1,0.0001,0.0000,unknown,no baseline for this camera yet
2_playing/clip_cg_1788518055948_t010966.jpg,clipvenue_g_netting::night,night,71.15,25.96,1031.8,0.0000,0.0000,unknown,no baseline for this camera yet
2_playing/clip_cg_1788518136880_t001200.jpg,clipvenue_g_netting::day,day,89.17,49.78,2569.1,0.0000,0.0000,good,
2_playing/clip_cg_1788518136880_t003166.jpg,clipvenue_g_netting::day,day,89.08,50.04,2719.1,0.0000,0.0000,good,
2_playing/clip_cg_1788518136880_t005133.jpg,clipvenue_g_netting::day,day,88.93,49.99,2624.6,0.0001,0.0000,good,
2_playing/clip_cg_1788518136880_t007066.jpg,clipvenue_g_netting::day,day,88.83,50.16,2755.4,0.0001,0.0000,good,
2_playing/clip_cg_1788518136880_t009033.jpg,clipvenue_g_netting::day,day,88.80,50.11,2655.8,0.0000,0.0000,good,
2_playing/clip_cg_1788518136880_t011000.jpg,clipvenue_g_netting::day,day,88.68,50.25,2696.1,0.0000,0.0000,good,
2_playing/clip_cg_1788518144607_t001200.jpg,clipvenue_g_netting::day,day,108.16,43.66,2212.2,0.0000,0.0000,good,
2_playing/clip_cg_1788518144607_t003133.jpg,clipvenue_g_netting::day,day,108.30,43.34,2103.6,0.0000,0.0000,good,
2_playing/clip_cg_1788518144607_t005066.jpg,clipvenue_g_netting::day,day,108.30,43.41,2171.1,0.0000,0.0000,good,
2_playing/clip_cg_1788518144607_t007033.jpg,clipvenue_g_netting::day,day,108.35,43.36,2190.0,0.0000,0.0000,good,
2_playing/clip_cg_1788518144607_t008966.jpg,clipvenue_g_netting::day,day,108.46,43.43,2189.6,0.0001,0.0000,good,
2_playing/clip_cg_1788518144607_t010900.jpg,clipvenue_g_netting::day,day,108.53,43.41,2194.2,0.0000,0.0000,good,
2_playing/clip_cg_1788518149492_t001366.jpg,clipvenue_g_netting::day,day,109.79,44.57,2151.0,0.0000,0.0000,good,
2_playing/clip_cg_1788518149492_t003600.jpg,clipvenue_g_netting::day,day,109.32,43.87,2185.1,0.0000,0.0000,good,
2_playing/clip_cg_1788518149492_t005833.jpg,clipvenue_g_netting::day,day,109.45,43.60,2177.2,0.0001,0.0000,good,
2_playing/clip_cg_1788518149492_t008100.jpg,clipvenue_g_netting::day,day,109.45,43.41,2184.2,0.0000,0.0000,good,
2_playing/clip_cg_1788518149492_t010333.jpg,clipvenue_g_netting::day,day,109.38,43.41,2124.4,0.0000,0.0000,good,
2_playing/clip_cg_1788518149492_t012566.jpg,clipvenue_g_netting::day,day,109.33,43.56,2096.3,0.0001,0.0000,good,
2_playing/clip_cg_1788518155619_t001200.jpg,clipvenue_g_netting::day,day,104.83,40.82,1158.3,0.0000,0.0000,good,
2_playing/clip_cg_1788518155619_t003166.jpg,clipvenue_g_netting::day,day,105.35,41.31,1115.1,0.0000,0.0000,good,
2_playing/clip_cg_1788518155619_t005100.jpg,clipvenue_g_netting::day,day,105.08,40.76,1201.9,0.0000,0.0000,good,
2_playing/clip_cg_1788518155619_t007066.jpg,clipvenue_g_netting::day,day,104.96,40.54,1223.4,0.0000,0.0000,good,
2_playing/clip_cg_1788518155619_t009000.jpg,clipvenue_g_netting::day,day,104.88,40.56,1234.7,0.0000,0.0000,good,
2_playing/clip_cg_1788518155619_t010966.jpg,clipvenue_g_netting::day,day,104.87,40.45,1210.8,0.0000,0.0000,good,
2_playing/clip_ch_1788518036387_t001266.jpg,clipvenue_h_teal_pitch::day,day,128.45,40.51,2069.2,0.0000,0.0047,unknown,no baseline for this camera yet
2_playing/clip_ch_1788518036387_t003333.jpg,clipvenue_h_teal_pitch::day,day,128.37,39.98,1972.2,0.0000,0.0038,unknown,no baseline for this camera yet
2_playing/clip_ch_1788518036387_t005400.jpg,clipvenue_h_teal_pitch::day,day,128.66,39.79,2020.1,0.0000,0.0039,unknown,no baseline for this camera yet
2_playing/clip_ch_1788518036387_t007433.jpg,clipvenue_h_teal_pitch::day,day,128.58,39.20,1999.9,0.0000,0.0034,unknown,no baseline for this camera yet
2_playing/clip_ch_1788518036387_t009500.jpg,clipvenue_h_teal_pitch::day,day,128.50,38.99,1970.0,0.0000,0.0031,unknown,no baseline for this camera yet
2_playing/clip_ch_1788518036387_t011566.jpg,clipvenue_h_teal_pitch::day,day,128.38,38.70,1977.0,0.0000,0.0030,unknown,no baseline for this camera yet
2_playing/clip_ch_1788518070457_t001300.jpg,clipvenue_h_teal_pitch::day,day,129.01,38.53,1871.5,0.0000,0.0029,unknown,no baseline for this camera yet
2_playing/clip_ch_1788518070457_t003433.jpg,clipvenue_h_teal_pitch::day,day,128.94,38.55,1901.6,0.0000,0.0031,unknown,no baseline for this camera yet
2_playing/clip_ch_1788518070457_t005566.jpg,clipvenue_h_teal_pitch::day,day,128.98,38.61,1919.1,0.0000,0.0031,unknown,no baseline for this camera yet
2_playing/clip_ch_1788518070457_t007700.jpg,clipvenue_h_teal_pitch::day,day,129.05,38.81,1910.7,0.0000,0.0032,unknown,no baseline for this camera yet
2_playing/clip_ch_1788518070457_t009833.jpg,clipvenue_h_teal_pitch::day,day,128.91,38.71,1940.8,0.0000,0.0030,unknown,no baseline for this camera yet
2_playing/clip_ch_1788518070457_t011966.jpg,clipvenue_h_teal_pitch::day,day,128.80,38.79,1922.9,0.0000,0.0031,unknown,no baseline for this camera yet
2_playing/clip_ch_1788518162577_t001333.jpg,clipvenue_h_teal_pitch::day,day,114.53,48.93,2396.7,0.0002,0.0016,unknown,no baseline for this camera yet
2_playing/clip_ch_1788518162577_t003500.jpg,clipvenue_h_teal_pitch::day,day,114.43,48.98,2476.8,0.0003,0.0016,unknown,no baseline for this camera yet
2_playing/clip_ch_1788518162577_t005633.jpg,clipvenue_h_teal_pitch::day,day,114.64,49.03,2472.2,0.0002,0.0016,unknown,no baseline for this camera yet
2_playing/clip_ch_1788518162577_t007800.jpg,clipvenue_h_teal_pitch::day,day,114.44,48.88,2465.9,0.0002,0.0015,unknown,no baseline for this camera yet
2_playing/clip_ch_1788518162577_t009933.jpg,clipvenue_h_teal_pitch::day,day,114.46,48.87,2429.8,0.0005,0.0016,unknown,no baseline for this camera yet
2_playing/clip_ch_1788518162577_t012100.jpg,clipvenue_h_teal_pitch::day,day,114.48,48.84,2401.6,0.0010,0.0015,unknown,no baseline for this camera yet
2_playing/clip_ci_1788517881838_t001200.jpg,clipvenue_i_outdoor_trees::day,day,88.89,47.72,2134.2,0.0079,0.0000,unknown,no baseline for this camera yet
2_playing/clip_ci_1788517881838_t003133.jpg,clipvenue_i_outdoor_trees::day,day,89.22,46.63,2466.2,0.0081,0.0000,unknown,no baseline for this camera yet
2_playing/clip_ci_1788517881838_t005066.jpg,clipvenue_i_outdoor_trees::day,day,89.57,47.05,2497.8,0.0080,0.0000,unknown,no baseline for this camera yet
2_playing/clip_ci_1788517881838_t007000.jpg,clipvenue_i_outdoor_trees::day,day,89.43,47.06,2533.6,0.0091,0.0000,unknown,no baseline for this camera yet
2_playing/clip_ci_1788517881838_t008933.jpg,clipvenue_i_outdoor_trees::day,day,88.74,46.48,2423.7,0.0088,0.0000,unknown,no baseline for this camera yet
2_playing/clip_ci_1788517881838_t010866.jpg,clipvenue_i_outdoor_trees::day,day,88.47,46.34,2362.1,0.0091,0.0000,unknown,no baseline for this camera yet
2_playing/clip_ci_1788517913957_t001266.jpg,clipvenue_i_outdoor_trees::day,day,89.55,47.76,2338.3,0.0137,0.0000,unknown,no baseline for this camera yet
2_playing/clip_ci_1788517913957_t003300.jpg,clipvenue_i_outdoor_trees::day,day,89.72,47.31,2486.3,0.0139,0.0000,unknown,no baseline for this camera yet
2_playing/clip_ci_1788517913957_t005333.jpg,clipvenue_i_outdoor_trees::day,day,89.35,47.29,2524.3,0.0148,0.0000,unknown,no baseline for this camera yet
2_playing/clip_ci_1788517913957_t007333.jpg,clipvenue_i_outdoor_trees::day,day,89.33,46.95,2371.4,0.0112,0.0000,unknown,no baseline for this camera yet
2_playing/clip_ci_1788517913957_t009366.jpg,clipvenue_i_outdoor_trees::day,day,89.47,47.50,2343.7,0.0136,0.0000,unknown,no baseline for this camera yet
2_playing/clip_ci_1788517913957_t011400.jpg,clipvenue_i_outdoor_trees::day,day,89.24,47.13,2310.1,0.0121,0.0000,unknown,no baseline for this camera yet
2_playing/clip_ci_1788518712737_t001233.jpg,clipvenue_i_outdoor_trees::night,night,58.42,36.14,1098.3,0.0020,0.0000,unknown,no baseline for this camera yet
2_playing/clip_ci_1788518712737_t003200.jpg,clipvenue_i_outdoor_trees::night,night,58.37,36.31,1101.4,0.0019,0.0000,unknown,no baseline for this camera yet
2_playing/clip_ci_1788518712737_t005200.jpg,clipvenue_i_outdoor_trees::night,night,58.32,36.19,1099.8,0.0018,0.0000,unknown,no baseline for this camera yet
2_playing/clip_ci_1788518712737_t007200.jpg,clipvenue_i_outdoor_trees::night,night,58.30,36.05,1094.7,0.0018,0.0000,unknown,no baseline for this camera yet
2_playing/clip_ci_1788518712737_t009200.jpg,clipvenue_i_outdoor_trees::night,night,58.40,35.93,1079.8,0.0017,0.0000,unknown,no baseline for this camera yet
2_playing/clip_ci_1788518712737_t011166.jpg,clipvenue_i_outdoor_trees::night,night,58.39,36.02,1103.8,0.0023,0.0000,unknown,no baseline for this camera yet
2_playing/slot_20260711_1000_camA_t000000.jpg,venue_01::camera_A::day,day,74.92,17.51,290.3,0.0000,0.0000,good,
2_playing/slot_20260711_1000_camA_t000005_m.jpg,venue_01::camera_A::day,day,75.18,17.48,296.9,0.0000,0.0000,good,
2_playing/slot_20260711_1000_camA_t000014.jpg,venue_01::camera_A::day,day,75.17,17.45,302.5,0.0000,0.0000,good,
2_playing/slot_20260711_1000_camA_t000014_m.jpg,venue_01::camera_A::day,day,75.11,17.52,310.8,0.0000,0.0000,good,
2_playing/slot_20260711_1000_camA_t000021_m.jpg,venue_01::camera_A::day,day,75.84,17.15,242.5,0.0000,0.0000,good,
2_playing/slot_20260711_1000_camA_t000027_m.jpg,venue_01::camera_A::day,day,75.78,17.18,268.6,0.0000,0.0000,good,
2_playing/slot_20260712_2030_camA_t000000.jpg,venue_01::camera_B::night,night,83.13,36.81,313.1,0.0000,0.0098,good,
2_playing/slot_20260712_2030_camA_t000014.jpg,venue_01::camera_B::night,night,83.26,36.92,302.1,0.0000,0.0100,good,
2_playing/slot_20260712_2030_camA_t000029.jpg,venue_01::camera_B::night,night,83.52,37.06,299.4,0.0000,0.0100,good,
2_playing/slot_20260712_2030_camA_t000044.jpg,venue_01::camera_B::night,night,83.32,36.88,261.4,0.0000,0.0101,good,
2_playing/slot_20260712_2030_camA_t000059.jpg,venue_01::camera_B::night,night,83.34,36.93,259.6,0.0000,0.0100,good,
2_playing/slot_20260712_2030_camA_t000089.jpg,venue_01::camera_B::night,night,83.33,37.03,261.4,0.0000,0.0102,good,
2_playing/slot_20260712_2030_camA_t000104.jpg,venue_01::camera_B::night,night,83.37,37.10,261.9,0.0000,0.0101,good,
2_playing/slot_20260712_2030_camA_t000119.jpg,venue_01::camera_B::night,night,83.27,37.09,261.8,0.0000,0.0103,good,
2_playing/slot_20260712_2030_camA_t000134.jpg,venue_01::camera_B::night,night,83.16,37.06,266.6,0.0000,0.0102,good,
2_playing/slot_20260712_2030_camA_t000149.jpg,venue_01::camera_B::night,night,83.11,37.03,267.9,0.0000,0.0101,good,
2_playing/slot_20260712_2030_camA_t000164.jpg,venue_01::camera_B::night,night,83.34,37.39,303.2,0.0000,0.0101,good,
2_playing/slot_20260712_2030_camA_t000179.jpg,venue_01::camera_B::night,night,83.18,37.43,309.5,0.0000,0.0101,good,
2_playing/slot_20260712_2030_camA_t000194.jpg,venue_01::camera_B::night,night,83.03,37.44,349.1,0.0000,0.0102,good,
2_playing/slot_20260712_2030_camA_t000200_m.jpg,venue_01::camera_B::night,night,83.18,37.62,348.5,0.0000,0.0100,good,
2_playing/slot_20260712_2030_camA_t000209.jpg,venue_01::camera_B::night,night,83.24,37.62,367.9,0.0000,0.0102,good,
2_playing/slot_20260712_2030_camA_t000224.jpg,venue_01::camera_B::night,night,82.86,37.21,295.9,0.0000,0.0102,good,
2_playing/slot_20260712_2030_camA_t000239.jpg,venue_01::camera_B::night,night,83.08,37.43,297.9,0.0000,0.0102,good,
2_playing/slot_20260712_2030_camA_t000254.jpg,venue_01::camera_B::night,night,83.33,37.78,353.4,0.0000,0.0102,good,
2_playing/slot_20260712_2030_camA_t000269.jpg,venue_01::camera_B::night,night,83.12,37.61,340.6,0.0000,0.0103,good,
2_playing/slot_20260712_2030_camA_t000284.jpg,venue_01::camera_B::night,night,82.94,37.40,308.7,0.0000,0.0101,good,
2_playing/slot_20260712_2030_camA_t000299.jpg,venue_01::camera_B::night,night,83.02,37.56,338.6,0.0000,0.0101,good,
2_playing/slot_20260712_2030_camA_t000310_m.jpg,venue_01::camera_B::night,night,83.23,37.79,371.3,0.0000,0.0102,good,
2_playing/slot_20260712_2030_camA_t000314.jpg,venue_01::camera_B::night,night,82.72,37.29,291.2,0.0000,0.0101,good,
2_playing/slot_20260712_2030_camA_t000327_m.jpg,venue_01::camera_B::night,night,83.33,38.12,388.6,0.0000,0.0101,good,
2_playing/slot_20260712_2030_camA_t000329.jpg,venue_01::camera_B::night,night,82.99,37.68,346.0,0.0000,0.0103,good,
2_playing/slot_20260712_2030_camA_t000344.jpg,venue_01::camera_B::night,night,82.50,37.10,264.8,0.0000,0.0101,good,
2_playing/slot_20260712_2030_camA_t000359.jpg,venue_01::camera_B::night,night,82.72,37.40,309.7,0.0000,0.0100,good,
2_playing/slot_20260712_2030_camA_t000374.jpg,venue_01::camera_B::night,night,83.00,37.85,387.5,0.0000,0.0100,good,
2_playing/slot_20260712_2030_camA_t000389.jpg,venue_01::camera_B::night,night,82.62,37.43,353.3,0.0000,0.0099,good,
2_playing/slot_20260712_2030_camA_t000404.jpg,venue_01::camera_B::night,night,82.87,37.76,348.2,0.0000,0.0099,good,
2_playing/slot_20260712_2030_camA_t000419.jpg,venue_01::camera_B::night,night,82.46,37.05,263.8,0.0000,0.0098,good,
2_playing/slot_20260712_2030_camA_t000434.jpg,venue_01::camera_B::night,night,82.73,37.47,335.3,0.0000,0.0100,good,
2_playing/slot_20260712_2030_camA_t000449.jpg,venue_01::camera_B::night,night,82.44,37.29,307.8,0.0000,0.0098,good,
2_playing/slot_20260712_2030_camA_t000464.jpg,venue_01::camera_B::night,night,82.40,37.27,327.3,0.0000,0.0099,good,
2_playing/slot_20260712_2030_camA_t000472_m.jpg,venue_01::camera_B::night,night,82.59,37.47,349.5,0.0000,0.0098,good,
2_playing/slot_20260712_2030_camA_t000479.jpg,venue_01::camera_B::night,night,82.64,37.55,351.1,0.0000,0.0100,good,
2_playing/slot_20260712_2030_camA_t000494.jpg,venue_01::camera_B::night,night,82.62,37.24,281.2,0.0000,0.0102,good,
2_playing/slot_20260712_2030_camA_t000509.jpg,venue_01::camera_B::night,night,82.54,37.21,269.0,0.0000,0.0100,good,
2_playing/slot_20260712_2030_camA_t000524.jpg,venue_01::camera_B::night,night,83.36,38.07,377.3,0.0000,0.0101,good,
2_playing/slot_20260712_2030_camA_t000529_m.jpg,venue_01::camera_B::night,night,83.17,38.13,416.8,0.0000,0.0101,good,
2_playing/slot_20260712_2030_camA_t000534_m.jpg,venue_01::camera_B::night,night,83.28,38.08,411.8,0.0000,0.0102,good,
2_playing/slot_20260712_2030_camA_t000539.jpg,venue_01::camera_B::night,night,83.30,38.08,384.6,0.0000,0.0102,good,
2_playing/slot_20260712_2030_camA_t000544_m.jpg,venue_01::camera_B::night,night,83.24,38.08,374.6,0.0000,0.0102,good,
2_playing/slot_20260712_2030_camA_t000554.jpg,venue_01::camera_B::night,night,83.17,37.62,312.1,0.0000,0.0102,good,
2_playing/slot_20260712_2030_camA_t000569.jpg,venue_01::camera_B::night,night,83.32,37.74,304.6,0.0000,0.0102,good,
2_playing/slot_20260712_2030_camA_t000584.jpg,venue_01::camera_B::night,night,83.80,38.04,341.9,0.0000,0.0104,good,
2_playing/slot_20260712_2030_camA_t000597_m.jpg,venue_01::camera_B::night,night,84.02,38.47,365.9,0.0000,0.0104,good,
2_playing/slot_20260712_2030_camA_t000599.jpg,venue_01::camera_B::night,night,83.83,38.32,395.3,0.0000,0.0103,good,
2_playing/slot_20260712_2030_camA_t000614.jpg,venue_01::camera_B::night,night,83.56,38.03,356.8,0.0000,0.0103,good,
2_playing/slot_20260712_2030_camA_t000621_m.jpg,venue_01::camera_B::night,night,83.80,38.08,387.7,0.0000,0.0104,good,
2_playing/slot_20260712_2030_camA_t000629.jpg,venue_01::camera_B::night,night,83.63,37.91,326.0,0.0000,0.0105,good,
2_playing/slot_20260712_2030_camA_t000642_m.jpg,venue_01::camera_B::night,night,83.92,38.28,383.8,0.0000,0.0104,good,
2_playing/slot_20260712_2030_camA_t000644.jpg,venue_01::camera_B::night,night,83.76,38.11,374.6,0.0000,0.0104,good,
2_playing/slot_20260712_2030_camA_t000659.jpg,venue_01::camera_B::night,night,83.36,37.76,308.8,0.0000,0.0104,good,
2_playing/slot_20260712_2030_camA_t000674.jpg,venue_01::camera_B::night,night,83.16,37.50,268.4,0.0000,0.0103,good,
2_playing/slot_20260712_2030_camA_t000689.jpg,venue_01::camera_B::night,night,83.33,37.74,310.7,0.0000,0.0103,good,
2_playing/slot_20260712_2030_camA_t000704.jpg,venue_01::camera_B::night,night,83.47,37.81,344.3,0.0000,0.0102,good,
2_playing/slot_20260712_2030_camA_t000714_m.jpg,venue_01::camera_B::night,night,84.16,38.77,374.0,0.0000,0.0103,good,
2_playing/slot_20260712_2030_camA_t000719.jpg,venue_01::camera_B::night,night,83.52,38.01,353.2,0.0000,0.0105,good,
2_playing/slot_20260712_2030_camA_t000734.jpg,venue_01::camera_B::night,night,83.29,37.72,283.4,0.0000,0.0104,good,
2_playing/slot_20260712_2030_camA_t000749.jpg,venue_01::camera_B::night,night,83.48,38.08,364.8,0.0000,0.0105,good,
2_playing/slot_20260712_2030_camA_t000754_m.jpg,venue_01::camera_B::night,night,83.73,38.40,404.3,0.0000,0.0105,good,
2_playing/slot_20260712_2030_camA_t000764.jpg,venue_01::camera_B::night,night,83.65,38.23,362.2,0.0000,0.0105,good,
2_playing/slot_20260712_2030_camA_t000779.jpg,venue_01::camera_B::night,night,83.39,37.74,276.4,0.0000,0.0105,good,
2_playing/slot_20260712_2030_camA_t000794.jpg,venue_01::camera_B::night,night,83.29,37.66,269.6,0.0000,0.0105,good,
2_playing/slot_20260712_2030_camA_t000809.jpg,venue_01::camera_B::night,night,83.51,37.99,306.5,0.0000,0.0105,good,
2_playing/slot_20260712_2030_camA_t000822_m.jpg,venue_01::camera_B::night,night,83.57,38.34,373.4,0.0000,0.0105,good,
2_playing/slot_20260712_2030_camA_t000824.jpg,venue_01::camera_B::night,night,83.76,38.48,369.8,0.0000,0.0106,good,
2_playing/slot_20260712_2030_camA_t000836_m.jpg,venue_01::camera_B::night,night,83.58,38.16,357.7,0.0000,0.0106,good,
2_playing/slot_20260712_2030_camA_t000839.jpg,venue_01::camera_B::night,night,83.46,37.92,306.9,0.0000,0.0106,good,
2_playing/slot_20260712_2030_camA_t000854.jpg,venue_01::camera_B::night,night,83.62,38.15,339.9,0.0000,0.0107,good,
2_playing/slot_20260712_2030_camA_t000859_m.jpg,venue_01::camera_B::night,night,84.02,38.53,381.7,0.0000,0.0105,good,
2_playing/slot_20260712_2030_camA_t000869.jpg,venue_01::camera_B::night,night,83.58,38.07,325.9,0.0000,0.0105,good,
2_playing/slot_20260712_2030_camA_t000884.jpg,venue_01::camera_B::night,night,83.67,38.17,356.8,0.0000,0.0104,good,
2_playing/slot_20260712_2030_camA_t000899.jpg,venue_01::camera_B::night,night,83.40,38.00,301.1,0.0000,0.0106,good,
2_playing/slot_20260712_2030_camA_t000913.jpg,venue_01::camera_B::night,night,83.37,37.98,337.7,0.0000,0.0105,good,
2_playing/slot_20260712_2030_camA_t000928.jpg,venue_01::camera_B::night,night,82.93,37.61,257.1,0.0000,0.0104,good,
2_playing/slot_20260712_2030_camA_t000943.jpg,venue_01::camera_B::night,night,83.21,38.10,367.9,0.0000,0.0103,good,
2_playing/slot_20260712_2030_camA_t000958.jpg,venue_01::camera_B::night,night,82.90,37.65,270.1,0.0000,0.0103,good,
2_playing/slot_20260712_2030_camA_t000973.jpg,venue_01::camera_B::night,night,82.84,37.62,264.2,0.0000,0.0103,good,
2_playing/slot_20260712_2030_camA_t000988.jpg,venue_01::camera_B::night,night,82.77,37.61,267.9,0.0000,0.0104,good,
2_playing/slot_20260712_2030_camA_t001003.jpg,venue_01::camera_B::night,night,83.05,38.05,325.2,0.0000,0.0103,good,
2_playing/slot_20260712_2030_camA_t001018.jpg,venue_01::camera_B::night,night,82.76,37.68,291.9,0.0000,0.0102,good,
2_playing/slot_20260712_2030_camA_t001033.jpg,venue_01::camera_B::night,night,82.87,37.84,320.2,0.0000,0.0102,good,
2_playing/slot_20260712_2030_camA_t001048.jpg,venue_01::camera_B::night,night,82.73,37.60,310.4,0.0000,0.0102,good,
2_playing/slot_20260712_2030_camA_t001063.jpg,venue_01::camera_B::night,night,82.34,37.34,275.0,0.0000,0.0102,good,
2_playing/slot_20260712_2030_camA_t001078.jpg,venue_01::camera_B::night,night,82.75,37.73,300.8,0.0000,0.0102,good,
2_playing/slot_20260712_2030_camA_t001093.jpg,venue_01::camera_B::night,night,82.64,37.52,300.7,0.0000,0.0102,good,
2_playing/slot_20260712_2030_camA_t001108.jpg,venue_01::camera_B::night,night,82.64,37.46,283.8,0.0000,0.0103,good,
2_playing/slot_20260712_2030_camA_t001123.jpg,venue_01::camera_B::night,night,82.81,37.73,318.1,0.0000,0.0103,good,
2_playing/slot_20260712_2030_camA_t001138.jpg,venue_01::camera_B::night,night,82.68,37.55,300.2,0.0000,0.0103,good,
2_playing/slot_20260712_2030_camA_t001153.jpg,venue_01::camera_B::night,night,82.68,37.40,283.0,0.0000,0.0103,good,
2_playing/slot_20260712_2030_camA_t001168.jpg,venue_01::camera_B::night,night,82.61,37.39,291.7,0.0000,0.0102,good,
2_playing/slot_20260712_2030_camA_t001183.jpg,venue_01::camera_B::night,night,82.83,37.63,327.1,0.0000,0.0101,good,
2_playing/slot_20260712_2030_camA_t001198.jpg,venue_01::camera_B::night,night,82.44,37.24,277.5,0.0000,0.0102,good,
2_playing/slot_20260712_2030_camA_t001213.jpg,venue_01::camera_B::night,night,82.59,37.38,277.9,0.0000,0.0102,good,
2_playing/slot_20260712_2030_camA_t001228.jpg,venue_01::camera_B::night,night,82.54,37.49,294.6,0.0000,0.0102,good,
2_playing/slot_20260712_2030_camA_t001243.jpg,venue_01::camera_B::night,night,82.80,37.61,329.8,0.0000,0.0102,good,
2_playing/slot_20260712_2030_camA_t001258.jpg,venue_01::camera_B::night,night,82.98,37.83,336.7,0.0000,0.0102,good,
2_playing/slot_20260712_2030_camA_t001266_m.jpg,venue_01::camera_B::night,night,83.41,38.45,391.9,0.0000,0.0104,good,
2_playing/slot_20260712_2030_camA_t001273.jpg,venue_01::camera_B::night,night,82.97,37.71,331.8,0.0000,0.0102,good,
2_playing/slot_20260712_2030_camA_t001288.jpg,venue_01::camera_B::night,night,82.69,37.41,263.6,0.0000,0.0103,good,
2_playing/slot_20260712_2030_camA_t001303.jpg,venue_01::camera_B::night,night,83.05,37.93,332.5,0.0000,0.0103,good,
2_playing/slot_20260712_2030_camA_t001318.jpg,venue_01::camera_B::night,night,82.72,37.44,275.5,0.0000,0.0103,good,
2_playing/slot_20260712_2030_camA_t001333.jpg,venue_01::camera_B::night,night,82.67,37.51,293.1,0.0000,0.0102,good,
2_playing/slot_20260712_2030_camA_t001348.jpg,venue_01::camera_B::night,night,83.11,37.75,323.9,0.0000,0.0103,good,
2_playing/slot_20260712_2030_camA_t001363.jpg,venue_01::camera_B::night,night,83.27,37.95,363.9,0.0000,0.0104,good,
2_playing/slot_20260712_2030_camA_t001378.jpg,venue_01::camera_B::night,night,83.07,37.79,328.4,0.0000,0.0102,good,
2_playing/slot_20260712_2030_camA_t001383_m.jpg,venue_01::camera_B::night,night,83.30,37.89,375.3,0.0000,0.0103,good,
2_playing/slot_20260712_2030_camA_t001393.jpg,venue_01::camera_B::night,night,82.65,37.36,270.2,0.0000,0.0102,good,
2_playing/slot_20260712_2030_camA_t001398_m.jpg,venue_01::camera_B::night,night,83.12,38.08,366.3,0.0000,0.0103,good,
2_playing/slot_20260712_2030_camA_t001403_m.jpg,venue_01::camera_B::night,night,83.25,38.19,421.7,0.0000,0.0102,good,
2_playing/slot_20260712_2030_camA_t001408.jpg,venue_01::camera_B::night,night,83.52,38.40,381.4,0.0000,0.0103,good,
2_playing/slot_20260712_2030_camA_t001413_m.jpg,venue_01::camera_B::night,night,82.93,37.85,380.8,0.0000,0.0101,good,
2_playing/slot_20260712_2030_camA_t001418_m.jpg,venue_01::camera_B::night,night,83.15,38.09,433.0,0.0000,0.0103,good,
2_playing/slot_20260712_2030_camA_t001423.jpg,venue_01::camera_B::night,night,82.91,37.78,348.9,0.0000,0.0102,good,
2_playing/slot_20260712_2030_camA_t001438.jpg,venue_01::camera_B::night,night,82.39,37.34,290.7,0.0000,0.0100,good,
2_playing/slot_20260712_2030_camA_t001453.jpg,venue_01::camera_B::night,night,82.53,37.26,266.7,0.0000,0.0102,good,
2_playing/slot_20260712_2030_camA_t001466_m.jpg,venue_01::camera_B::night,night,83.00,37.85,300.6,0.0000,0.0103,good,
2_playing/slot_20260712_2030_camA_t001468.jpg,venue_01::camera_B::night,night,83.05,37.94,329.0,0.0000,0.0102,good,
2_playing/slot_20260712_2030_camA_t001473_m.jpg,venue_01::camera_B::night,night,82.75,37.80,319.3,0.0000,0.0102,good,
2_playing/slot_20260712_2030_camA_t001478_m.jpg,venue_01::camera_B::night,night,82.56,37.59,313.8,0.0000,0.0102,good,
2_playing/slot_20260712_2030_camA_t001483.jpg,venue_01::camera_B::night,night,82.57,37.48,286.9,0.0000,0.0101,good,
2_playing/slot_20260712_2030_camA_t001498.jpg,venue_01::camera_B::night,night,82.37,37.35,284.1,0.0000,0.0100,good,
2_playing/slot_20260712_2030_camA_t001513.jpg,venue_01::camera_B::night,night,82.37,37.36,301.1,0.0000,0.0100,good,
2_playing/slot_20260712_2030_camA_t001518_m.jpg,venue_01::camera_B::night,night,82.91,38.10,373.7,0.0000,0.0101,good,
2_playing/slot_20260712_2030_camA_t001523_m.jpg,venue_01::camera_B::night,night,82.70,38.02,374.5,0.0000,0.0101,good,
2_playing/slot_20260712_2030_camA_t001528.jpg,venue_01::camera_B::night,night,82.55,37.76,373.8,0.0000,0.0100,good,
2_playing/slot_20260712_2030_camA_t001543.jpg,venue_01::camera_B::night,night,82.71,37.57,310.7,0.0000,0.0100,good,
2_playing/slot_20260712_2030_camA_t001558.jpg,venue_01::camera_B::night,night,82.64,37.49,301.5,0.0000,0.0101,good,
2_playing/slot_20260712_2030_camA_t001573.jpg,venue_01::camera_B::night,night,82.71,37.35,287.9,0.0000,0.0101,good,
2_playing/slot_20260712_2030_camA_t001578_m.jpg,venue_01::camera_B::night,night,83.62,38.37,405.3,0.0000,0.0100,good,
2_playing/slot_20260712_2030_camA_t001588.jpg,venue_01::camera_B::night,night,82.63,37.30,317.8,0.0000,0.0099,good,
2_playing/slot_20260712_2030_camA_t001603.jpg,venue_01::camera_B::night,night,82.97,37.53,318.5,0.0000,0.0100,good,
2_playing/slot_20260712_2030_camA_t001618.jpg,venue_01::camera_B::night,night,82.69,37.18,276.1,0.0000,0.0100,good,
2_playing/slot_20260712_2030_camA_t001648.jpg,venue_01::camera_B::night,night,82.83,37.29,281.8,0.0000,0.0101,good,
2_playing/slot_20260712_2030_camA_t001678.jpg,venue_01::camera_B::night,night,83.01,37.54,308.7,0.0000,0.0102,good,
2_playing/slot_20260712_2030_camA_t001693.jpg,venue_01::camera_B::night,night,83.17,37.46,302.6,0.0000,0.0103,good,
2_playing/slot_20260712_2030_camA_t001700_m.jpg,venue_01::camera_B::night,night,83.31,38.00,380.9,0.0000,0.0102,good,
2_playing/slot_20260712_2030_camA_t001705_m.jpg,venue_01::camera_B::night,night,83.51,37.95,390.4,0.0000,0.0103,good,
2_playing/slot_20260712_2030_camA_t001708.jpg,venue_01::camera_B::night,night,83.51,38.05,372.3,0.0000,0.0103,good,
2_playing/slot_20260712_2030_camA_t001723.jpg,venue_01::camera_B::night,night,83.56,37.84,289.7,0.0000,0.0103,good,
2_playing/slot_20260712_2030_camA_t001731_m.jpg,venue_01::camera_B::night,night,83.55,38.07,387.2,0.0000,0.0104,good,
2_playing/slot_20260712_2030_camA_t001738.jpg,venue_01::camera_B::night,night,83.49,37.70,289.3,0.0000,0.0105,good,
2_playing/slot_20260712_2030_camA_t001753.jpg,venue_01::camera_B::night,night,83.59,37.94,345.9,0.0000,0.0104,good,
2_playing/slot_20260712_2030_camA_t001768.jpg,venue_01::camera_B::night,night,83.69,37.93,345.0,0.0000,0.0104,good,
2_playing/slot_20260712_2030_camA_t001777_m.jpg,venue_01::camera_B::night,night,83.96,38.31,388.8,0.0000,0.0106,good,
2_playing/slot_20260712_2030_camA_t001783.jpg,venue_01::camera_B::night,night,83.87,38.19,355.4,0.0000,0.0106,good,
2_playing/slot_20260712_2030_camA_t001798.jpg,venue_01::camera_B::night,night,84.01,38.29,380.7,0.0000,0.0105,good,
2_playing/slot_20260712_2030_camA_t001813.jpg,venue_01::camera_B::night,night,84.06,38.14,345.5,0.0000,0.0105,good,
2_playing/slot_20260712_2030_camA_t001827.jpg,venue_01::camera_B::night,night,83.79,37.96,324.6,0.0000,0.0105,good,
2_playing/slot_20260712_2030_camA_t001842.jpg,venue_01::camera_B::night,night,83.63,37.91,336.8,0.0000,0.0105,good,
2_playing/slot_20260712_2030_camA_t001857.jpg,venue_01::camera_B::night,night,84.14,38.24,324.8,0.0000,0.0105,good,
2_playing/slot_20260712_2030_camA_t001872.jpg,venue_01::camera_B::night,night,83.75,37.95,317.4,0.0000,0.0103,good,
2_playing/slot_20260712_2030_camA_t001887.jpg,venue_01::camera_B::night,night,83.59,38.12,365.1,0.0000,0.0104,good,
2_playing/slot_20260712_2030_camA_t001902.jpg,venue_01::camera_B::night,night,83.25,37.64,305.6,0.0000,0.0104,good,
2_playing/slot_20260712_2030_camA_t001917.jpg,venue_01::camera_B::night,night,83.66,38.16,305.8,0.0000,0.0106,good,
2_playing/slot_20260712_2030_camA_t001932.jpg,venue_01::camera_B::night,night,83.51,37.89,302.4,0.0000,0.0104,good,
2_playing/slot_20260712_2030_camA_t001946_m.jpg,venue_01::camera_B::night,night,83.42,37.84,350.7,0.0000,0.0104,good,
2_playing/slot_20260712_2030_camA_t001947.jpg,venue_01::camera_B::night,night,83.41,37.82,350.2,0.0000,0.0103,good,
2_playing/slot_20260712_2030_camA_t001962.jpg,venue_01::camera_B::night,night,83.13,37.49,265.3,0.0000,0.0103,good,
2_playing/slot_20260712_2030_camA_t001977.jpg,venue_01::camera_B::night,night,83.34,37.64,315.1,0.0000,0.0104,good,
2_playing/slot_20260712_2030_camA_t001992.jpg,venue_01::camera_B::night,night,83.36,37.90,309.7,0.0000,0.0103,good,
2_playing/slot_20260712_2030_camA_t002003_m.jpg,venue_01::camera_B::night,night,83.38,37.89,366.0,0.0000,0.0103,good,
2_playing/slot_20260712_2030_camA_t002007.jpg,venue_01::camera_B::night,night,83.36,37.89,359.7,0.0000,0.0104,good,
2_playing/slot_20260712_2030_camA_t002022.jpg,venue_01::camera_B::night,night,82.96,37.39,276.0,0.0000,0.0101,good,
2_playing/slot_20260712_2030_camA_t002037.jpg,venue_01::camera_B::night,night,83.13,37.59,329.3,0.0000,0.0101,good,
2_playing/slot_20260712_2030_camA_t002052.jpg,venue_01::camera_B::night,night,83.24,37.77,354.0,0.0000,0.0101,good,
2_playing/slot_20260712_2030_camA_t002067.jpg,venue_01::camera_B::night,night,83.35,37.57,315.1,0.0000,0.0102,good,
2_playing/slot_20260712_2030_camA_t002073_m.jpg,venue_01::camera_B::night,night,83.78,38.33,364.8,0.0000,0.0103,good,
2_playing/slot_20260712_2030_camA_t002082.jpg,venue_01::camera_B::night,night,83.50,37.96,345.7,0.0000,0.0103,good,
2_playing/slot_20260712_2030_camA_t002097.jpg,venue_01::camera_B::night,night,83.21,37.46,282.7,0.0000,0.0103,good,
2_playing/slot_20260712_2030_camA_t002112.jpg,venue_01::camera_B::night,night,83.39,37.51,266.9,0.0000,0.0104,good,
2_playing/slot_20260712_2030_camA_t002127.jpg,venue_01::camera_B::night,night,83.41,37.49,273.2,0.0000,0.0104,good,
2_playing/slot_20260712_2030_camA_t002142.jpg,venue_01::camera_B::night,night,83.82,37.79,311.2,0.0000,0.0104,good,
2_playing/slot_20260712_2030_camA_t002157.jpg,venue_01::camera_B::night,night,83.96,37.90,328.4,0.0000,0.0104,good,
2_playing/slot_20260712_2030_camA_t002172.jpg,venue_01::camera_B::night,night,83.89,37.91,348.8,0.0000,0.0105,good,
2_playing/slot_20260712_2030_camA_t002187.jpg,venue_01::camera_B::night,night,84.14,37.99,345.3,0.0000,0.0107,good,
2_playing/slot_20260712_2030_camA_t002202.jpg,venue_01::camera_B::night,night,84.22,38.05,343.1,0.0000,0.0106,good,
2_playing/slot_20260712_2030_camA_t002217.jpg,venue_01::camera_B::night,night,84.43,38.12,356.0,0.0000,0.0107,good,
2_playing/slot_20260712_2030_camA_t002232.jpg,venue_01::camera_B::night,night,84.51,37.95,297.9,0.0000,0.0107,good,
2_playing/slot_20260712_2030_camA_t002247.jpg,venue_01::camera_B::night,night,84.52,37.95,288.3,0.0000,0.0108,good,
2_playing/slot_20260712_2030_camA_t002262.jpg,venue_01::camera_B::night,night,84.38,37.87,274.6,0.0000,0.0108,good,
2_playing/slot_20260712_2030_camA_t002277.jpg,venue_01::camera_B::night,night,85.10,38.43,355.8,0.0000,0.0109,good,
2_playing/slot_20260712_2030_camA_t002292.jpg,venue_01::camera_B::night,night,84.97,38.31,307.1,0.0000,0.0111,good,
2_playing/slot_20260712_2030_camA_t002307.jpg,venue_01::camera_B::night,night,84.67,37.97,275.3,0.0000,0.0109,good,
2_playing/slot_20260712_2030_camA_t002337.jpg,venue_01::camera_B::night,night,84.81,38.02,288.0,0.0000,0.0110,good,
2_playing/slot_20260712_2030_camA_t002352.jpg,venue_01::camera_B::night,night,84.83,38.17,323.8,0.0000,0.0111,good,
2_playing/slot_20260712_2030_camA_t002367.jpg,venue_01::camera_B::night,night,84.97,38.34,334.9,0.0000,0.0111,good,
2_playing/slot_20260712_2030_camA_t002382.jpg,venue_01::camera_B::night,night,84.99,38.37,348.4,0.0000,0.0111,good,
2_playing/slot_20260712_2030_camA_t002397.jpg,venue_01::camera_B::night,night,84.89,38.28,334.7,0.0000,0.0111,good,
2_playing/slot_20260712_2030_camA_t002412.jpg,venue_01::camera_B::night,night,84.88,38.29,304.0,0.0000,0.0111,good,
2_playing/slot_20260712_2030_camA_t002427.jpg,venue_01::camera_B::night,night,84.88,38.16,297.1,0.0000,0.0110,good,
2_playing/slot_20260712_2030_camA_t002442.jpg,venue_01::camera_B::night,night,85.04,38.29,295.5,0.0000,0.0112,good,
2_playing/slot_20260712_2030_camA_t002457.jpg,venue_01::camera_B::night,night,85.04,38.20,301.4,0.0000,0.0110,good,
2_playing/slot_20260712_2030_camA_t002472.jpg,venue_01::camera_B::night,night,85.05,38.24,301.2,0.0000,0.0111,good,
2_playing/slot_20260712_2030_camA_t002487.jpg,venue_01::camera_B::night,night,85.02,38.23,292.9,0.0000,0.0111,good,
2_playing/slot_20260712_2030_camA_t002502.jpg,venue_01::camera_B::night,night,84.60,38.11,300.8,0.0000,0.0110,good,
2_playing/slot_20260712_2030_camA_t002517.jpg,venue_01::camera_B::night,night,85.12,38.24,307.1,0.0000,0.0110,good,
2_playing/slot_20260712_2030_camA_t002532.jpg,venue_01::camera_B::night,night,85.16,38.25,311.7,0.0000,0.0111,good,
2_playing/slot_20260712_2030_camA_t002547.jpg,venue_01::camera_B::night,night,84.76,38.16,293.8,0.0000,0.0111,good,
2_playing/slot_20260712_2030_camA_t002555_m.jpg,venue_01::camera_B::night,night,85.52,38.74,367.7,0.0000,0.0111,good,
2_playing/slot_20260712_2030_camA_t002562.jpg,venue_01::camera_B::night,night,85.24,38.40,310.3,0.0000,0.0112,good,
2_playing/slot_20260712_2030_camA_t002577.jpg,venue_01::camera_B::night,night,85.29,38.26,281.0,0.0000,0.0113,good,
2_playing/slot_20260712_2030_camA_t002592.jpg,venue_01::camera_B::night,night,85.39,38.38,304.3,0.0000,0.0112,good,
2_playing/slot_20260712_2030_camA_t002607.jpg,venue_01::camera_B::night,night,85.56,38.60,319.7,0.0000,0.0113,good,
2_playing/slot_20260712_2030_camA_t002622.jpg,venue_01::camera_B::night,night,85.46,38.50,307.1,0.0000,0.0114,good,
2_playing/slot_20260712_2030_camA_t002630_m.jpg,venue_01::camera_B::night,night,85.80,38.81,366.8,0.0000,0.0114,good,
2_playing/slot_20260712_2030_camA_t002637.jpg,venue_01::camera_B::night,night,85.51,38.62,346.4,0.0000,0.0113,good,
2_playing/slot_20260712_2030_camA_t002652.jpg,venue_01::camera_B::night,night,85.53,38.53,305.1,0.0000,0.0114,good,
2_playing/slot_20260712_2030_camA_t002667.jpg,venue_01::camera_B::night,night,85.40,38.31,268.4,0.0000,0.0114,good,
2_playing/slot_20260712_2030_camA_t002682.jpg,venue_01::camera_B::night,night,85.49,38.31,279.2,0.0000,0.0115,good,
2_playing/slot_20260712_2030_camA_t002697.jpg,venue_01::camera_B::night,night,85.78,38.56,317.8,0.0000,0.0114,good,
2_playing/slot_20260712_2030_camA_t002704_m.jpg,venue_01::camera_B::night,night,85.88,38.90,390.0,0.0000,0.0115,good,
2_playing/slot_20260712_2030_camA_t002712.jpg,venue_01::camera_B::night,night,85.52,38.41,299.3,0.0000,0.0113,good,
2_playing/slot_20260712_2030_camA_t002726.jpg,venue_01::camera_B::night,night,85.53,38.36,285.6,0.0000,0.0115,good,
2_playing/slot_20260712_2030_camA_t002741.jpg,venue_01::camera_B::night,night,85.57,38.49,313.0,0.0000,0.0114,good,
2_playing/slot_20260712_2030_camA_t002756.jpg,venue_01::camera_B::night,night,85.69,38.49,300.2,0.0000,0.0114,good,
2_playing/slot_20260712_2030_camA_t002771.jpg,venue_01::camera_B::night,night,85.75,38.46,308.3,0.0000,0.0114,good,
2_playing/slot_20260712_2030_camA_t002786.jpg,venue_01::camera_B::night,night,85.78,38.50,306.2,0.0000,0.0115,good,
2_playing/slot_20260712_2030_camA_t002801.jpg,venue_01::camera_B::night,night,85.83,38.64,323.6,0.0000,0.0115,good,
2_playing/slot_20260712_2030_camA_t002816.jpg,venue_01::camera_B::night,night,85.94,38.72,349.2,0.0000,0.0115,good,
2_playing/slot_20260712_2030_camA_t002831.jpg,venue_01::camera_B::night,night,86.27,39.08,314.5,0.0000,0.0115,good,
2_playing/slot_20260712_2030_camA_t002846.jpg,venue_01::camera_B::night,night,85.82,38.52,280.2,0.0000,0.0115,good,
2_playing/slot_20260712_2030_camA_t002876.jpg,venue_01::camera_B::night,night,86.35,38.76,316.2,0.0000,0.0117,good,
2_playing/slot_20260712_2030_camA_t002891.jpg,venue_01::camera_B::night,night,86.42,38.94,350.1,0.0000,0.0117,good,
2_playing/slot_20260712_2030_camA_t002906.jpg,venue_01::camera_B::night,night,86.28,38.70,294.3,0.0000,0.0117,good,
2_playing/slot_20260712_2030_camA_t002921.jpg,venue_01::camera_B::night,night,86.44,38.94,313.6,0.0000,0.0119,good,
2_playing/slot_20260712_2030_camA_t002936.jpg,venue_01::camera_B::night,night,85.56,38.72,299.5,0.0000,0.0114,good,
2_playing/slot_20260712_2030_camA_t002951.jpg,venue_01::camera_B::night,night,85.40,38.56,289.6,0.0000,0.0114,good,
2_playing/slot_20260712_2030_camA_t002956_m.jpg,venue_01::camera_B::night,night,85.81,39.41,385.1,0.0000,0.0114,good,
2_playing/slot_20260712_2030_camA_t002965_m.jpg,venue_01::camera_B::night,night,85.87,39.17,349.3,0.0000,0.0114,good,
2_playing/slot_20260712_2030_camA_t002966.jpg,venue_01::camera_B::night,night,85.82,39.17,365.8,0.0000,0.0114,good,
2_playing/slot_20260712_2030_camA_t002971_m.jpg,venue_01::camera_B::night,night,85.93,39.21,452.0,0.0000,0.0115,good,
2_playing/slot_20260712_2030_camA_t002981.jpg,venue_01::camera_B::night,night,85.78,39.01,333.7,0.0000,0.0114,good,
2_playing/slot_20260712_2030_camA_t002996.jpg,venue_01::camera_B::night,night,85.41,38.55,272.5,0.0000,0.0116,good,
2_playing/slot_20260712_2030_camA_t003011.jpg,venue_01::camera_B::night,night,85.50,38.75,311.8,0.0000,0.0117,good,
2_playing/slot_20260712_2030_camA_t003026.jpg,venue_01::camera_B::night,night,85.96,39.01,346.5,0.0000,0.0116,good,
2_playing/slot_20260712_2030_camA_t003041.jpg,venue_01::camera_B::night,night,85.55,38.69,302.3,0.0000,0.0116,good,
2_playing/slot_20260712_2030_camA_t003056.jpg,venue_01::camera_B::night,night,85.56,38.83,335.4,0.0000,0.0115,good,
2_playing/slot_20260712_2030_camA_t003071.jpg,venue_01::camera_B::night,night,85.65,38.77,318.6,0.0000,0.0116,good,
2_playing/slot_20260712_2030_camA_t003086.jpg,venue_01::camera_B::night,night,85.59,38.73,302.2,0.0000,0.0115,good,
2_playing/slot_20260712_2030_camA_t003101.jpg,venue_01::camera_B::night,night,85.80,38.86,330.5,0.0000,0.0116,good,
2_playing/slot_20260712_2030_camA_t003116.jpg,venue_01::camera_B::night,night,86.03,38.83,328.9,0.0000,0.0115,good,
2_playing/slot_20260712_2030_camA_t003131.jpg,venue_01::camera_B::night,night,86.02,38.77,311.1,0.0000,0.0116,good,
2_playing/slot_20260712_2030_camA_t003146.jpg,venue_01::camera_B::night,night,85.90,38.68,288.3,0.0000,0.0116,good,
2_playing/slot_20260712_2030_camA_t003161.jpg,venue_01::camera_B::night,night,86.29,38.91,306.3,0.0000,0.0118,good,
2_playing/slot_20260712_2030_camA_t003176.jpg,venue_01::camera_B::night,night,86.26,39.02,329.2,0.0000,0.0118,good,
2_playing/slot_20260712_2030_camA_t003191.jpg,venue_01::camera_B::night,night,84.33,38.94,334.4,0.0000,0.0113,good,
2_playing/slot_20260712_2030_camA_t003196_m.jpg,venue_01::camera_B::night,night,84.60,39.35,353.8,0.0000,0.0111,good,
2_playing/slot_20260712_2030_camA_t003206.jpg,venue_01::camera_B::night,night,84.06,38.57,291.3,0.0000,0.0112,good,
2_playing/slot_20260712_2030_camA_t003221.jpg,venue_01::camera_B::night,night,84.17,38.70,309.7,0.0000,0.0112,good,
2_playing/slot_20260712_2030_camA_t003228_m.jpg,venue_01::camera_B::night,night,84.28,39.10,362.7,0.0000,0.0112,good,
2_playing/slot_20260712_2030_camA_t003236.jpg,venue_01::camera_B::night,night,84.10,38.86,337.1,0.0000,0.0112,good,
2_playing/slot_20260712_2030_camA_t003251.jpg,venue_01::camera_B::night,night,83.66,38.58,306.3,0.0000,0.0112,good,
2_playing/slot_20260712_2030_camA_t003266.jpg,venue_01::camera_B::night,night,83.69,38.45,279.5,0.0000,0.0111,good,
2_playing/slot_20260712_2030_camA_t003281.jpg,venue_01::camera_B::night,night,83.92,38.96,346.8,0.0000,0.0110,good,
2_playing/slot_20260712_2030_camA_t003296.jpg,venue_01::camera_B::night,night,83.76,38.74,332.4,0.0000,0.0111,good,
2_playing/slot_20260712_2030_camA_t003311.jpg,venue_01::camera_B::night,night,83.68,38.51,285.8,0.0000,0.0111,good,
2_playing/slot_20260712_2030_camA_t003326.jpg,venue_01::camera_B::night,night,83.49,38.34,267.3,0.0000,0.0109,good,
2_playing/slot_20260712_2030_camA_t003341.jpg,venue_01::camera_B::night,night,83.57,38.45,272.2,0.0000,0.0111,good,
2_playing/slot_20260712_2030_camA_t003356.jpg,venue_01::camera_B::night,night,83.88,38.72,326.9,0.0000,0.0111,good,
2_playing/slot_20260712_2030_camA_t003371.jpg,venue_01::camera_B::night,night,84.07,38.95,330.2,0.0000,0.0111,good,
2_playing/slot_20260712_2030_camA_t003376_m.jpg,venue_01::camera_B::night,night,84.27,39.44,396.2,0.0000,0.0111,good,
2_playing/slot_20260712_2030_camA_t003386.jpg,venue_01::camera_B::night,night,84.03,39.04,358.0,0.0000,0.0111,good,
2_playing/slot_20260712_2030_camA_t003401.jpg,venue_01::camera_B::night,night,83.82,38.70,318.4,0.0000,0.0110,good,
2_playing/slot_20260712_2030_camA_t003416.jpg,venue_01::camera_B::night,night,83.89,38.61,303.9,0.0000,0.0111,good,
2_playing/slot_20260712_2030_camA_t003431.jpg,venue_01::camera_B::night,night,83.77,38.62,309.6,0.0000,0.0111,good,
2_playing/slot_20260712_2030_camA_t003446.jpg,venue_01::camera_B::night,night,83.90,38.85,330.8,0.0000,0.0111,good,
2_playing/slot_20260712_2030_camA_t003461.jpg,venue_01::camera_B::night,night,84.22,38.95,356.2,0.0000,0.0111,good,
2_playing/slot_20260712_2030_camA_t003476.jpg,venue_01::camera_B::night,night,83.93,38.64,315.8,0.0000,0.0112,good,
2_playing/slot_20260712_2030_camA_t003491.jpg,venue_01::camera_B::night,night,83.97,38.55,313.5,0.0000,0.0111,good,
2_playing/slot_20260712_2030_camA_t003506.jpg,venue_01::camera_B::night,night,83.72,38.52,294.4,0.0000,0.0112,good,
2_playing/slot_20260712_2030_camA_t003521.jpg,venue_01::camera_B::night,night,83.91,38.69,309.9,0.0000,0.0112,good,
2_playing/slot_20260712_2030_camA_t003536.jpg,venue_01::camera_B::night,night,83.95,38.81,318.1,0.0000,0.0111,good,
2_playing/slot_20260712_2030_camA_t003551.jpg,venue_01::camera_B::night,night,83.73,38.46,283.2,0.0000,0.0111,good,
2_playing/slot_20260712_2030_camA_t003566.jpg,venue_01::camera_B::night,night,83.61,38.43,283.8,0.0000,0.0111,good,
2_playing/slot_20260712_2030_camA_t003581.jpg,venue_01::camera_B::night,night,83.82,38.65,317.7,0.0000,0.0111,good,
2_playing/slot_20260712_2030_camB_t000000.jpg,venue_01::camera_A::night,night,76.06,20.41,116.3,0.0000,0.0000,good,
2_playing/slot_20260712_2030_camB_t000014.jpg,venue_01::camera_A::night,night,75.68,19.65,95.2,0.0000,0.0000,good,
2_playing/slot_20260712_2030_camB_t000020_m.jpg,venue_01::camera_A::night,night,75.98,20.48,115.8,0.0000,0.0000,good,
2_playing/slot_20260712_2030_camB_t000026_m.jpg,venue_01::camera_A::night,night,75.91,19.94,132.1,0.0000,0.0000,good,
2_playing/slot_20260712_2030_camB_t000029.jpg,venue_01::camera_A::night,night,76.96,21.73,143.2,0.0000,0.0000,good,
2_playing/slot_20260712_2030_camB_t000035_m.jpg,venue_01::camera_A::night,night,76.45,20.47,130.5,0.0000,0.0000,good,
2_playing/slot_20260712_2030_camB_t000042_m.jpg,venue_01::camera_A::night,night,76.11,19.90,120.6,0.0000,0.0000,good,
2_playing/slot_20260712_2030_camB_t000044.jpg,venue_01::camera_A::night,night,76.48,20.38,119.9,0.0000,0.0000,good,
2_playing/slot_20260712_2030_camB_t000059.jpg,venue_01::camera_A::night,night,75.87,19.54,100.7,0.0000,0.0000,good,
2_playing/slot_20260712_2030_camB_t000074.jpg,venue_01::camera_A::night,night,75.99,19.64,108.5,0.0000,0.0000,good,
2_playing/slot_20260712_2030_camB_t000089.jpg,venue_01::camera_A::night,night,76.03,19.76,108.5,0.0000,0.0000,good,
2_playing/slot_20260712_2030_camB_t000104.jpg,venue_01::camera_A::night,night,75.94,19.65,105.5,0.0000,0.0000,good,
2_playing/slot_20260712_2030_camB_t000119.jpg,venue_01::camera_A::night,night,75.55,19.51,97.6,0.0000,0.0000,good,
2_playing/slot_20260712_2030_camB_t000134.jpg,venue_01::camera_A::night,night,75.79,19.28,94.5,0.0000,0.0000,good,
2_playing/slot_20260712_2030_camB_t000149.jpg,venue_01::camera_A::night,night,75.96,19.57,100.0,0.0000,0.0000,good,
2_playing/slot_20260712_2030_camB_t000158_m.jpg,venue_01::camera_A::night,night,76.15,19.96,117.5,0.0000,0.0000,good,
2_playing/slot_20260712_2030_camB_t000163_m.jpg,venue_01::camera_A::night,night,76.07,19.69,121.9,0.0000,0.0000,good,
2_playing/slot_20260712_2030_camB_t000164.jpg,venue_01::camera_A::night,night,76.10,19.74,125.8,0.0000,0.0000,good,
2_playing/slot_20260712_2030_camB_t000179.jpg,venue_01::camera_A::night,night,75.71,19.61,109.9,0.0000,0.0000,good,
2_playing/slot_20260712_2030_camB_t000179_m.jpg,venue_01::camera_A::night,night,75.74,19.59,114.4,0.0000,0.0000,good,
2_playing/slot_20260712_2030_camB_t000186_m.jpg,venue_01::camera_A::night,night,75.57,19.57,96.0,0.0000,0.0000,good,
2_playing/slot_20260712_2030_camB_t000194.jpg,venue_01::camera_A::night,night,75.40,19.15,78.8,0.0000,0.0000,good,
2_playing/slot_20260712_2030_camB_t000209.jpg,venue_01::camera_A::night,night,75.25,19.46,96.4,0.0000,0.0000,good,
2_playing/slot_20260712_2030_camB_t000222_m.jpg,venue_01::camera_A::night,night,75.78,19.88,108.4,0.0000,0.0000,good,
2_playing/slot_20260712_2030_camB_t000224.jpg,venue_01::camera_A::night,night,76.03,20.56,129.9,0.0000,0.0000,good,
2_playing/slot_20260712_2030_camB_t000230_m.jpg,venue_01::camera_A::night,night,75.82,20.24,127.5,0.0000,0.0000,good,
2_playing/slot_20260712_2030_camB_t000236_m.jpg,venue_01::camera_A::night,night,75.68,20.06,122.5,0.0000,0.0000,good,
2_playing/slot_20260712_2030_camB_t000239.jpg,venue_01::camera_A::night,night,75.77,19.96,123.5,0.0000,0.0000,good,
2_playing/slot_20260712_2030_camB_t000245_m.jpg,venue_01::camera_A::night,night,75.96,20.29,133.6,0.0000,0.0000,good,
2_playing/slot_20260712_2030_camB_t000251_m.jpg,venue_01::camera_A::night,night,75.61,19.85,100.6,0.0000,0.0000,good,
2_playing/slot_20260712_2030_camB_t000254.jpg,venue_01::camera_A::night,night,75.48,19.67,101.4,0.0000,0.0000,good,
2_playing/slot_20260712_2030_camB_t000260_m.jpg,venue_01::camera_A::night,night,75.86,20.47,103.6,0.0000,0.0000,good,
2_playing/slot_20260712_2030_camB_t000265_m.jpg,venue_01::camera_A::night,night,75.82,19.93,113.1,0.0000,0.0000,good,
2_playing/slot_20260712_2030_camB_t000269.jpg,venue_01::camera_A::night,night,75.69,19.93,112.3,0.0000,0.0000,good,
2_playing/slot_20260712_2030_camB_t000277_m.jpg,venue_01::camera_A::night,night,75.50,19.67,107.7,0.0000,0.0000,good,
2_playing/slot_20260712_2030_camB_t000284.jpg,venue_01::camera_A::night,night,75.49,19.53,90.6,0.0000,0.0000,good,
2_playing/slot_20260712_2030_camB_t000299.jpg,venue_01::camera_A::night,night,75.43,19.48,91.9,0.0000,0.0000,good,
2_playing/slot_20260712_2030_camB_t000304_m.jpg,venue_01::camera_A::night,night,75.64,20.26,124.7,0.0000,0.0000,good,
2_playing/slot_20260712_2030_camB_t000310_m.jpg,venue_01::camera_A::night,night,75.45,19.90,109.6,0.0000,0.0000,good,
2_playing/slot_20260712_2030_camB_t000314.jpg,venue_01::camera_A::night,night,75.77,20.12,126.3,0.0000,0.0000,good,
2_playing/slot_20260712_2030_camB_t000320_m.jpg,venue_01::camera_A::night,night,75.87,20.13,102.3,0.0000,0.0000,good,
2_playing/slot_20260712_2030_camB_t000329.jpg,venue_01::camera_A::night,night,75.50,19.63,91.6,0.0000,0.0000,good,
2_playing/slot_20260712_2030_camB_t000340_m.jpg,venue_01::camera_A::night,night,75.58,19.76,111.6,0.0000,0.0000,good,
2_playing/slot_20260712_2030_camB_t000344.jpg,venue_01::camera_A::night,night,75.50,19.69,104.4,0.0000,0.0000,good,
2_playing/slot_20260712_2030_camB_t000352_m.jpg,venue_01::camera_A::night,night,75.79,20.08,112.1,0.0000,0.0000,good,
2_playing/slot_20260712_2030_camB_t000358_m.jpg,venue_01::camera_A::night,night,75.90,20.41,131.1,0.0000,0.0000,good,
2_playing/slot_20260712_2030_camB_t000359.jpg,venue_01::camera_A::night,night,76.03,20.37,137.2,0.0000,0.0000,good,
2_playing/slot_20260712_2030_camB_t000365_m.jpg,venue_01::camera_A::night,night,75.45,19.88,107.8,0.0000,0.0000,good,
2_playing/slot_20260712_2030_camB_t000372_m.jpg,venue_01::camera_A::night,night,75.35,19.94,109.1,0.0000,0.0000,good,
2_playing/slot_20260712_2030_camB_t000374.jpg,venue_01::camera_A::night,night,75.47,19.97,108.8,0.0000,0.0000,good,
2_playing/slot_20260712_2030_camB_t000382_m.jpg,venue_01::camera_A::night,night,75.20,19.74,98.3,0.0000,0.0000,good,
2_playing/slot_20260712_2030_camB_t000389.jpg,venue_01::camera_A::night,night,75.15,19.40,87.7,0.0000,0.0000,good,
2_playing/slot_20260712_2030_camB_t000404.jpg,venue_01::camera_A::night,night,75.27,19.62,94.2,0.0000,0.0000,good,
2_playing/slot_20260712_2030_camB_t000410_m.jpg,venue_01::camera_A::night,night,75.85,20.54,111.1,0.0000,0.0000,good,
2_playing/slot_20260712_2030_camB_t000417_m.jpg,venue_01::camera_A::night,night,75.89,20.14,102.9,0.0000,0.0000,good,
2_playing/slot_20260712_2030_camB_t000419.jpg,venue_01::camera_A::night,night,76.09,20.52,112.7,0.0000,0.0000,good,
2_playing/slot_20260712_2030_camB_t000425_m.jpg,venue_01::camera_A::night,night,75.77,20.07,107.1,0.0000,0.0000,good,
2_playing/slot_20260712_2030_camB_t000431_m.jpg,venue_01::camera_A::night,night,75.74,20.24,120.1,0.0000,0.0000,good,
2_playing/slot_20260712_2030_camB_t000434.jpg,venue_01::camera_A::night,night,75.47,19.54,91.1,0.0000,0.0000,good,
2_playing/slot_20260712_2030_camB_t000440_m.jpg,venue_01::camera_A::night,night,75.97,20.68,126.2,0.0000,0.0000,good,
2_playing/slot_20260712_2030_camB_t000445_m.jpg,venue_01::camera_A::night,night,76.06,20.66,131.8,0.0000,0.0000,good,
2_playing/slot_20260712_2030_camB_t000449.jpg,venue_01::camera_A::night,night,75.50,19.97,114.9,0.0000,0.0000,good,
2_playing/slot_20260712_2030_camB_t000457_m.jpg,venue_01::camera_A::night,night,75.44,19.87,107.4,0.0000,0.0000,good,
2_playing/slot_20260712_2030_camB_t000464.jpg,venue_01::camera_A::night,night,75.39,19.41,77.7,0.0000,0.0000,good,
2_playing/slot_20260712_2030_camB_t000479.jpg,venue_01::camera_A::night,night,75.42,19.84,97.7,0.0000,0.0000,good,
2_playing/slot_20260712_2030_camB_t000486_m.jpg,venue_01::camera_A::night,night,75.43,20.12,107.6,0.0000,0.0000,good,
2_playing/slot_20260712_2030_camB_t000492_m.jpg,venue_01::camera_A::night,night,75.49,20.09,111.1,0.0000,0.0000,good,
2_playing/slot_20260712_2030_camB_t000494.jpg,venue_01::camera_A::night,night,75.43,19.92,103.3,0.0000,0.0000,good,
2_playing/slot_20260712_2030_camB_t000502_m.jpg,venue_01::camera_A::night,night,75.53,19.86,100.8,0.0000,0.0000,good,
2_playing/slot_20260712_2030_camB_t000508_m.jpg,venue_01::camera_A::night,night,75.57,20.22,117.7,0.0000,0.0000,good,
2_playing/slot_20260712_2030_camB_t000509.jpg,venue_01::camera_A::night,night,75.18,20.00,115.2,0.0000,0.0000,good,
2_playing/slot_20260712_2030_camB_t000515_m.jpg,venue_01::camera_A::night,night,75.75,20.27,125.3,0.0000,0.0000,good,
2_playing/slot_20260712_2030_camB_t000521_m.jpg,venue_01::camera_A::night,night,75.84,20.65,123.8,0.0000,0.0000,good,
2_playing/slot_20260712_2030_camB_t000524.jpg,venue_01::camera_A::night,night,75.75,20.17,108.5,0.0000,0.0000,good,
2_playing/slot_20260712_2030_camB_t000539.jpg,venue_01::camera_A::night,night,75.62,19.80,102.9,0.0000,0.0000,good,
2_playing/slot_20260712_2030_camB_t000539_m.jpg,venue_01::camera_A::night,night,75.65,19.81,113.6,0.0000,0.0000,good,
2_playing/slot_20260712_2030_camB_t000546_m.jpg,venue_01::camera_A::night,night,75.50,19.71,86.0,0.0000,0.0000,good,
2_playing/slot_20260712_2030_camB_t000554.jpg,venue_01::camera_A::night,night,76.16,20.04,96.9,0.0000,0.0000,good,
2_playing/slot_20260712_2030_camB_t000561_m.jpg,venue_01::camera_A::night,night,75.95,19.64,91.1,0.0000,0.0000,good,
2_playing/slot_20260712_2030_camB_t000566_m.jpg,venue_01::camera_A::night,night,76.01,20.13,134.3,0.0000,0.0000,good,
2_playing/slot_20260712_2030_camB_t000569.jpg,venue_01::camera_A::night,night,75.90,20.55,138.4,0.0000,0.0000,good,
2_playing/slot_20260712_2030_camB_t000576_m.jpg,venue_01::camera_A::night,night,76.49,20.73,104.4,0.0000,0.0000,good,
2_playing/slot_20260712_2030_camB_t000581_m.jpg,venue_01::camera_A::night,night,76.49,21.04,132.4,0.0000,0.0000,good,
2_playing/slot_20260712_2030_camB_t000584.jpg,venue_01::camera_A::night,night,77.04,22.06,150.5,0.0000,0.0000,good,
2_playing/slot_20260712_2030_camB_t000589_m.jpg,venue_01::camera_A::night,night,76.25,20.42,132.8,0.0000,0.0000,good,
2_playing/slot_20260712_2030_camB_t000595_m.jpg,venue_01::camera_A::night,night,76.28,20.29,115.0,0.0000,0.0000,good,
2_playing/slot_20260712_2030_camB_t000599.jpg,venue_01::camera_A::night,night,76.30,20.40,132.5,0.0000,0.0000,good,
2_playing/slot_20260712_2030_camB_t000604_m.jpg,venue_01::camera_A::night,night,76.70,20.74,112.8,0.0000,0.0000,good,
2_playing/slot_20260712_2030_camB_t000614.jpg,venue_01::camera_A::night,night,76.13,19.58,83.4,0.0000,0.0000,good,
2_playing/slot_20260712_2030_camB_t000621_m.jpg,venue_01::camera_A::night,night,76.36,20.22,112.5,0.0000,0.0000,good,
2_playing/slot_20260712_2030_camB_t000627_m.jpg,venue_01::camera_A::night,night,76.80,21.07,144.3,0.0000,0.0000,good,
2_playing/slot_20260712_2030_camB_t000629.jpg,venue_01::camera_A::night,night,76.51,20.48,130.8,0.0000,0.0000,good,
2_playing/slot_20260712_2030_camB_t000635_m.jpg,venue_01::camera_A::night,night,76.54,20.62,130.0,0.0000,0.0000,good,
2_playing/slot_20260712_2030_camB_t000641_m.jpg,venue_01::camera_A::night,night,76.44,20.44,119.8,0.0000,0.0000,good,
2_playing/slot_20260712_2030_camB_t000644.jpg,venue_01::camera_A::night,night,76.75,20.57,121.0,0.0000,0.0000,good,
2_playing/slot_20260712_2030_camB_t000649_m.jpg,venue_01::camera_A::night,night,76.46,20.25,106.4,0.0000,0.0000,good,
2_playing/slot_20260712_2030_camB_t000656_m.jpg,venue_01::camera_A::night,night,76.67,20.56,116.7,0.0000,0.0000,good,
2_playing/slot_20260712_2030_camB_t000659.jpg,venue_01::camera_A::night,night,76.40,20.64,127.6,0.0000,0.0000,good,
2_playing/slot_20260712_2030_camB_t000664_m.jpg,venue_01::camera_A::night,night,76.74,21.27,160.3,0.0000,0.0000,good,
2_playing/slot_20260712_2030_camB_t000670_m.jpg,venue_01::camera_A::night,night,76.46,20.06,132.1,0.0000,0.0000,good,
2_playing/slot_20260712_2030_camB_t000674.jpg,venue_01::camera_A::night,night,76.66,20.58,136.4,0.0000,0.0000,good,
2_playing/slot_20260712_2030_camB_t000680_m.jpg,venue_01::camera_A::night,night,76.55,20.70,148.1,0.0000,0.0000,good,
2_playing/slot_20260712_2030_camB_t000689.jpg,venue_01::camera_A::night,night,75.97,19.55,93.4,0.0000,0.0000,good,
2_playing/slot_20260712_2030_camB_t000704.jpg,venue_01::camera_A::night,night,76.07,19.64,100.1,0.0000,0.0000,good,
2_playing/slot_20260712_2030_camB_t000711_m.jpg,venue_01::camera_A::night,night,76.56,20.76,119.2,0.0000,0.0000,good,
2_playing/slot_20260712_2030_camB_t000719.jpg,venue_01::camera_A::night,night,76.03,19.63,91.6,0.0000,0.0000,good,
2_playing/slot_20260712_2030_camB_t000727_m.jpg,venue_01::camera_A::night,night,76.24,20.09,117.2,0.0000,0.0000,good,
2_playing/slot_20260712_2030_camB_t000734.jpg,venue_01::camera_A::night,night,75.88,19.72,91.5,0.0000,0.0000,good,
2_playing/slot_20260712_2030_camB_t000749.jpg,venue_01::camera_A::night,night,75.95,19.58,87.0,0.0000,0.0000,good,
2_playing/slot_20260712_2030_camB_t000764.jpg,venue_01::camera_A::night,night,75.79,19.32,76.9,0.0000,0.0000,good,
2_playing/slot_20260712_2030_camB_t000769_m.jpg,venue_01::camera_A::night,night,76.07,20.03,116.9,0.0000,0.0000,good,
2_playing/slot_20260712_2030_camB_t000775_m.jpg,venue_01::camera_A::night,night,76.70,21.17,130.0,0.0000,0.0000,good,
2_playing/slot_20260712_2030_camB_t000779.jpg,venue_01::camera_A::night,night,75.93,19.78,107.0,0.0000,0.0000,good,
2_playing/slot_20260712_2030_camB_t000784_m.jpg,venue_01::camera_A::night,night,76.32,20.82,144.1,0.0000,0.0000,good,
2_playing/slot_20260712_2030_camB_t000790_m.jpg,venue_01::camera_A::night,night,75.97,19.68,108.5,0.0000,0.0000,good,
2_playing/slot_20260712_2030_camB_t000794.jpg,venue_01::camera_A::night,night,75.98,19.71,106.3,0.0000,0.0000,good,
2_playing/slot_20260712_2030_camB_t000800_m.jpg,venue_01::camera_A::night,night,76.26,20.09,121.8,0.0000,0.0000,good,
2_playing/slot_20260712_2030_camB_t000809.jpg,venue_01::camera_A::night,night,76.05,19.74,100.1,0.0000,0.0000,good,
2_playing/slot_20260712_2030_camB_t000816_m.jpg,venue_01::camera_A::night,night,75.86,19.72,108.1,0.0000,0.0000,good,
2_playing/slot_20260712_2030_camB_t000821_m.jpg,venue_01::camera_A::night,night,75.76,20.07,127.6,0.0000,0.0000,good,
2_playing/slot_20260712_2030_camB_t000824.jpg,venue_01::camera_A::night,night,76.22,19.92,106.1,0.0000,0.0000,good,
2_playing/slot_20260712_2030_camB_t000829_m.jpg,venue_01::camera_A::night,night,76.46,20.29,113.3,0.0000,0.0000,good,
2_playing/slot_20260712_2030_camB_t000839.jpg,venue_01::camera_A::night,night,75.97,19.67,100.8,0.0000,0.0000,good,
2_playing/slot_20260712_2030_camB_t000851_m.jpg,venue_01::camera_A::night,night,76.07,20.00,114.4,0.0000,0.0000,good,
2_playing/slot_20260712_2030_camB_t000854.jpg,venue_01::camera_A::night,night,76.15,20.03,109.6,0.0000,0.0000,good,
2_playing/slot_20260712_2030_camB_t000860_m.jpg,venue_01::camera_A::night,night,76.74,20.57,120.9,0.0000,0.0000,good,
2_playing/slot_20260712_2030_camB_t000865_m.jpg,venue_01::camera_A::night,night,76.34,20.53,141.9,0.0000,0.0000,good,
2_playing/slot_20260712_2030_camB_t000869.jpg,venue_01::camera_A::night,night,76.15,20.15,123.3,0.0000,0.0000,good,
2_playing/slot_20260712_2030_camB_t000874_m.jpg,venue_01::camera_A::night,night,76.17,20.09,111.4,0.0000,0.0000,good,
2_playing/slot_20260712_2030_camB_t000884.jpg,venue_01::camera_A::night,night,76.24,19.85,104.7,0.0000,0.0000,good,
2_playing/slot_20260712_2030_camB_t000889_m.jpg,venue_01::camera_A::night,night,76.72,20.46,124.4,0.0000,0.0000,good,
2_playing/slot_20260712_2030_camB_t000899.jpg,venue_01::camera_A::night,night,76.17,19.86,98.7,0.0000,0.0000,good,
2_playing/slot_20260712_2030_camB_t000906_m.jpg,venue_01::camera_A::night,night,76.16,20.22,110.5,0.0000,0.0000,good,
2_playing/slot_20260712_2030_camB_t000912_m.jpg,venue_01::camera_A::night,night,76.36,20.98,166.2,0.0000,0.0000,good,
2_playing/slot_20260712_2030_camB_t000914.jpg,venue_01::camera_A::night,night,76.06,20.19,116.7,0.0000,0.0000,good,
2_playing/slot_20260712_2030_camB_t000920_m.jpg,venue_01::camera_A::night,night,75.98,20.20,116.8,0.0000,0.0000,good,
2_playing/slot_20260712_2030_camB_t000925_m.jpg,venue_01::camera_A::night,night,75.98,20.02,130.0,0.0000,0.0000,good,
2_playing/slot_20260712_2030_camB_t000929.jpg,venue_01::camera_A::night,night,76.04,20.22,112.5,0.0000,0.0000,good,
2_playing/slot_20260712_2030_camB_t000944.jpg,venue_01::camera_A::night,night,76.07,19.97,100.8,0.0000,0.0000,good,
2_playing/slot_20260712_2030_camB_t000959.jpg,venue_01::camera_A::night,night,75.86,20.10,92.7,0.0000,0.0000,good,
2_playing/slot_20260712_2030_camB_t000964_m.jpg,venue_01::camera_A::night,night,75.97,20.26,118.0,0.0000,0.0000,good,
2_playing/slot_20260712_2030_camB_t000970_m.jpg,venue_01::camera_A::night,night,75.88,20.05,127.0,0.0000,0.0000,good,
2_playing/slot_20260712_2030_camB_t000974.jpg,venue_01::camera_A::night,night,76.02,20.55,131.4,0.0000,0.0000,good,
2_playing/slot_20260712_2030_camB_t000980_m.jpg,venue_01::camera_A::night,night,76.44,20.76,140.0,0.0000,0.0000,good,
2_playing/slot_20260712_2030_camB_t000985_m.jpg,venue_01::camera_A::night,night,75.94,20.21,121.5,0.0000,0.0000,good,
2_playing/slot_20260712_2030_camB_t000989.jpg,venue_01::camera_A::night,night,75.92,20.19,123.4,0.0000,0.0000,good,
2_playing/slot_20260712_2030_camB_t000994_m.jpg,venue_01::camera_A::night,night,75.81,20.10,127.7,0.0000,0.0000,good,
2_playing/slot_20260712_2030_camB_t001000_m.jpg,venue_01::camera_A::night,night,76.60,21.32,157.9,0.0000,0.0000,good,
2_playing/slot_20260712_2030_camB_t001004.jpg,venue_01::camera_A::night,night,76.67,21.44,136.6,0.0000,0.0000,good,
2_playing/slot_20260712_2030_camB_t001019.jpg,venue_01::camera_A::night,night,75.45,19.63,89.3,0.0000,0.0000,good,
2_playing/slot_20260712_2030_camB_t001034.jpg,venue_01::camera_A::night,night,75.69,19.98,103.2,0.0000,0.0000,good,
2_playing/slot_20260712_2030_camB_t001049.jpg,venue_01::camera_A::night,night,75.65,20.14,104.9,0.0000,0.0000,good,
2_playing/slot_20260712_2030_camB_t001055_m.jpg,venue_01::camera_A::night,night,75.72,19.93,111.7,0.0000,0.0000,good,
2_playing/slot_20260712_2030_camB_t001061_m.jpg,venue_01::camera_A::night,night,75.70,19.87,109.9,0.0000,0.0000,good,
2_playing/slot_20260712_2030_camB_t001064.jpg,venue_01::camera_A::night,night,75.63,19.78,106.9,0.0000,0.0000,good,
2_playing/slot_20260712_2030_camB_t001076_m.jpg,venue_01::camera_A::night,night,75.70,20.11,117.4,0.0000,0.0000,good,
2_playing/slot_20260712_2030_camB_t001079.jpg,venue_01::camera_A::night,night,75.76,20.08,112.9,0.0000,0.0000,good,
2_playing/slot_20260712_2030_camB_t001087_m.jpg,venue_01::camera_A::night,night,76.05,20.73,122.0,0.0000,0.0000,good,
2_playing/slot_20260712_2030_camB_t001093_m.jpg,venue_01::camera_A::night,night,76.51,21.39,122.1,0.0000,0.0000,good,
2_playing/slot_20260712_2030_camB_t001094.jpg,venue_01::camera_A::night,night,76.55,21.65,125.4,0.0000,0.0000,good,
2_playing/slot_20260712_2030_camB_t001109.jpg,venue_01::camera_A::night,night,75.86,20.16,103.3,0.0000,0.0000,good,
2_playing/slot_20260712_2030_camB_t001114_m.jpg,venue_01::camera_A::night,night,77.03,21.53,132.5,0.0000,0.0000,good,
2_playing/slot_20260712_2030_camB_t001120_m.jpg,venue_01::camera_A::night,night,75.73,20.00,105.9,0.0000,0.0000,good,
2_playing/slot_20260712_2030_camB_t001124.jpg,venue_01::camera_A::night,night,75.70,19.94,88.2,0.0000,0.0000,good,
2_playing/slot_20260712_2030_camB_t001139.jpg,venue_01::camera_A::night,night,75.53,19.71,94.5,0.0000,0.0000,good,
2_playing/slot_20260712_2030_camB_t001154.jpg,venue_01::camera_A::night,night,75.50,19.59,82.9,0.0000,0.0000,good,
2_playing/slot_20260712_2030_camB_t001169.jpg,venue_01::camera_A::night,night,75.52,19.59,82.8,0.0000,0.0000,good,
2_playing/slot_20260712_2030_camB_t001184.jpg,venue_01::camera_A::night,night,75.43,19.54,80.3,0.0000,0.0000,good,
2_playing/slot_20260712_2030_camB_t001199.jpg,venue_01::camera_A::night,night,75.75,20.08,105.2,0.0000,0.0000,good,
2_playing/slot_20260712_2030_camB_t001214.jpg,venue_01::camera_A::night,night,75.45,19.62,93.6,0.0000,0.0000,good,
2_playing/slot_20260712_2030_camB_t001229.jpg,venue_01::camera_A::night,night,75.50,19.63,91.1,0.0000,0.0000,good,
2_playing/slot_20260712_2030_camB_t001244.jpg,venue_01::camera_A::night,night,75.50,19.75,101.0,0.0000,0.0000,good,
2_playing/slot_20260712_2030_camB_t001253_m.jpg,venue_01::camera_A::night,night,75.83,20.41,111.0,0.0000,0.0000,good,
2_playing/slot_20260712_2030_camB_t001259.jpg,venue_01::camera_A::night,night,76.04,20.89,120.5,0.0000,0.0000,good,
2_playing/slot_20260712_2030_camB_t001264_m.jpg,venue_01::camera_A::night,night,76.43,21.51,126.1,0.0000,0.0000,good,
2_playing/slot_20260712_2030_camB_t001270_m.jpg,venue_01::camera_A::night,night,76.07,20.43,113.4,0.0000,0.0000,good,
2_playing/slot_20260712_2030_camB_t001274.jpg,venue_01::camera_A::night,night,75.56,19.76,87.9,0.0000,0.0000,good,
2_playing/slot_20260712_2030_camB_t001279_m.jpg,venue_01::camera_A::night,night,76.12,20.40,111.8,0.0000,0.0000,good,
2_playing/slot_20260712_2030_camB_t001284_m.jpg,venue_01::camera_A::night,night,75.82,20.12,104.8,0.0000,0.0000,good,
2_playing/slot_20260712_2030_camB_t001289.jpg,venue_01::camera_A::night,night,75.89,20.22,111.2,0.0000,0.0000,good,
2_playing/slot_20260712_2030_camB_t001304.jpg,venue_01::camera_A::night,night,75.73,19.77,89.1,0.0000,0.0000,good,
2_playing/slot_20260712_2030_camB_t001309_m.jpg,venue_01::camera_A::night,night,76.87,21.59,155.3,0.0000,0.0000,good,
2_playing/slot_20260712_2030_camB_t001315_m.jpg,venue_01::camera_A::night,night,76.00,20.75,129.4,0.0000,0.0000,good,
2_playing/slot_20260712_2030_camB_t001319.jpg,venue_01::camera_A::night,night,75.79,20.03,111.3,0.0000,0.0000,good,
2_playing/slot_20260712_2030_camB_t001325_m.jpg,venue_01::camera_A::night,night,75.72,20.05,112.7,0.0000,0.0000,good,
2_playing/slot_20260712_2030_camB_t001331_m.jpg,venue_01::camera_A::night,night,75.77,20.15,114.0,0.0000,0.0000,good,
2_playing/slot_20260712_2030_camB_t001334.jpg,venue_01::camera_A::night,night,75.99,20.49,114.4,0.0000,0.0000,good,
2_playing/slot_20260712_2030_camB_t001339_m.jpg,venue_01::camera_A::night,night,75.81,20.56,127.5,0.0000,0.0000,good,
2_playing/slot_20260712_2030_camB_t001347_m.jpg,venue_01::camera_A::night,night,76.06,20.28,102.1,0.0000,0.0000,good,
2_playing/slot_20260712_2030_camB_t001349.jpg,venue_01::camera_A::night,night,76.17,20.09,98.6,0.0000,0.0000,good,
2_playing/slot_20260712_2030_camB_t001363.jpg,venue_01::camera_A::night,night,75.37,19.60,78.8,0.0000,0.0000,good,
2_playing/slot_20260712_2030_camB_t001376_m.jpg,venue_01::camera_A::night,night,75.68,19.95,110.5,0.0000,0.0000,good,
2_playing/slot_20260712_2030_camB_t001378.jpg,venue_01::camera_A::night,night,75.69,20.00,95.6,0.0000,0.0000,good,
2_playing/slot_20260712_2030_camB_t001385_m.jpg,venue_01::camera_A::night,night,75.96,20.33,114.5,0.0000,0.0000,good,
2_playing/slot_20260712_2030_camB_t001391_m.jpg,venue_01::camera_A::night,night,74.21,20.18,117.8,0.0000,0.0000,good,
2_playing/slot_20260712_2030_camB_t001393.jpg,venue_01::camera_A::night,night,75.93,20.24,117.5,0.0000,0.0000,good,
2_playing/slot_20260712_2030_camB_t001399_m.jpg,venue_01::camera_A::night,night,76.42,21.03,132.7,0.0000,0.0000,good,
2_playing/slot_20260712_2030_camB_t001404_m.jpg,venue_01::camera_A::night,night,76.48,20.85,116.7,0.0000,0.0000,good,
2_playing/slot_20260712_2030_camB_t001408.jpg,venue_01::camera_A::night,night,75.83,19.96,100.9,0.0000,0.0000,good,
2_playing/slot_20260712_2030_camB_t001419_m.jpg,venue_01::camera_A::night,night,75.81,19.97,93.4,0.0000,0.0000,good,
2_playing/slot_20260712_2030_camB_t001423.jpg,venue_01::camera_A::night,night,75.67,19.84,88.3,0.0000,0.0000,good,
2_playing/slot_20260712_2030_camB_t001438.jpg,venue_01::camera_A::night,night,75.52,19.65,82.8,0.0000,0.0000,good,
2_playing/slot_20260712_2030_camB_t001453.jpg,venue_01::camera_A::night,night,76.01,20.17,110.5,0.0000,0.0000,good,
2_playing/slot_20260712_2030_camB_t001459_m.jpg,venue_01::camera_A::night,night,76.55,21.05,110.2,0.0000,0.0000,good,
2_playing/slot_20260712_2030_camB_t001464_m.jpg,venue_01::camera_A::night,night,75.80,20.30,111.7,0.0000,0.0000,good,
2_playing/slot_20260712_2030_camB_t001468.jpg,venue_01::camera_A::night,night,76.52,21.28,124.1,0.0000,0.0000,good,
2_playing/slot_20260712_2030_camB_t001474_m.jpg,venue_01::camera_A::night,night,75.76,20.27,115.0,0.0000,0.0000,good,
2_playing/slot_20260712_2030_camB_t001480_m.jpg,venue_01::camera_A::night,night,75.84,20.37,123.1,0.0000,0.0000,good,
2_playing/slot_20260712_2030_camB_t001483.jpg,venue_01::camera_A::night,night,75.94,20.66,128.4,0.0000,0.0000,good,
2_playing/slot_20260712_2030_camB_t001489_m.jpg,venue_01::camera_A::night,night,75.85,20.14,119.3,0.0000,0.0000,good,
2_playing/slot_20260712_2030_camB_t001496_m.jpg,venue_01::camera_A::night,night,75.95,20.34,118.1,0.0000,0.0000,good,
2_playing/slot_20260712_2030_camB_t001498.jpg,venue_01::camera_A::night,night,76.01,20.64,126.4,0.0000,0.0000,good,
2_playing/slot_20260712_2030_camB_t001503_m.jpg,venue_01::camera_A::night,night,75.77,20.26,109.2,0.0000,0.0000,good,
2_playing/slot_20260712_2030_camB_t001513.jpg,venue_01::camera_A::night,night,75.70,19.79,99.6,0.0000,0.0000,good,
2_playing/slot_20260712_2030_camB_t001523_m.jpg,venue_01::camera_A::night,night,76.22,20.70,123.1,0.0000,0.0000,good,
2_playing/slot_20260712_2030_camB_t001528.jpg,venue_01::camera_A::night,night,76.28,20.93,138.0,0.0000,0.0000,good,
2_playing/slot_20260712_2030_camB_t001539_m.jpg,venue_01::camera_A::night,night,75.97,20.20,108.4,0.0000,0.0000,good,
2_playing/slot_20260712_2030_camB_t001543.jpg,venue_01::camera_A::night,night,75.79,20.07,117.1,0.0000,0.0000,good,
2_playing/slot_20260712_2030_camB_t001549_m.jpg,venue_01::camera_A::night,night,76.15,20.47,129.6,0.0000,0.0000,good,
2_playing/slot_20260712_2030_camB_t001555_m.jpg,venue_01::camera_A::night,night,76.13,20.13,110.5,0.0000,0.0000,good,
2_playing/slot_20260712_2030_camB_t001558.jpg,venue_01::camera_A::night,night,76.25,20.18,117.6,0.0000,0.0000,good,
2_playing/slot_20260712_2030_camB_t001563_m.jpg,venue_01::camera_A::night,night,75.94,19.97,105.4,0.0000,0.0000,good,
2_playing/slot_20260712_2030_camB_t001569_m.jpg,venue_01::camera_A::night,night,76.12,20.50,122.8,0.0000,0.0000,good,
2_playing/slot_20260712_2030_camB_t001573.jpg,venue_01::camera_A::night,night,76.18,20.31,113.4,0.0000,0.0000,good,
2_playing/slot_20260712_2030_camB_t001583_m.jpg,venue_01::camera_A::night,night,76.42,20.38,112.5,0.0000,0.0000,good,
2_playing/slot_20260712_2030_camB_t001588.jpg,venue_01::camera_A::night,night,76.35,20.25,84.7,0.0000,0.0000,good,
2_playing/slot_20260712_2030_camB_t001594_m.jpg,venue_01::camera_A::night,night,76.68,20.78,123.6,0.0000,0.0000,good,
2_playing/slot_20260712_2030_camB_t001603.jpg,venue_01::camera_A::night,night,76.99,21.33,114.9,0.0000,0.0000,good,
2_playing/slot_20260712_2030_camB_t001603_m.jpg,venue_01::camera_A::night,night,77.18,21.58,110.1,0.0000,0.0000,good,
2_playing/slot_20260712_2030_camB_t001609_m.jpg,venue_01::camera_A::night,night,76.88,21.09,128.8,0.0000,0.0000,good,
2_playing/slot_20260712_2030_camB_t001615_m.jpg,venue_01::camera_A::night,night,76.67,20.59,128.3,0.0000,0.0000,good,
2_playing/slot_20260712_2030_camB_t001618.jpg,venue_01::camera_A::night,night,76.83,20.50,130.6,0.0000,0.0000,good,
2_playing/slot_20260712_2030_camB_t001623_m.jpg,venue_01::camera_A::night,night,77.04,20.91,133.3,0.0000,0.0000,good,
2_playing/slot_20260712_2030_camB_t001629_m.jpg,venue_01::camera_A::night,night,77.02,20.79,116.5,0.0000,0.0000,good,
2_playing/slot_20260712_2030_camB_t001633.jpg,venue_01::camera_A::night,night,76.65,20.31,105.4,0.0000,0.0000,good,
2_playing/slot_20260712_2030_camB_t001639_m.jpg,venue_01::camera_A::night,night,76.66,20.43,116.8,0.0000,0.0000,good,
2_playing/slot_20260712_2030_camB_t001645_m.jpg,venue_01::camera_A::night,night,76.53,20.23,104.5,0.0000,0.0000,good,
2_playing/slot_20260712_2030_camB_t001648.jpg,venue_01::camera_A::night,night,76.52,20.34,113.2,0.0000,0.0000,good,
2_playing/slot_20260712_2030_camB_t001654_m.jpg,venue_01::camera_A::night,night,76.72,20.38,124.1,0.0000,0.0000,good,
2_playing/slot_20260712_2030_camB_t001660_m.jpg,venue_01::camera_A::night,night,77.03,20.96,138.2,0.0000,0.0000,good,
2_playing/slot_20260712_2030_camB_t001663.jpg,venue_01::camera_A::night,night,76.99,20.95,135.6,0.0000,0.0000,good,
2_playing/slot_20260712_2030_camB_t001669_m.jpg,venue_01::camera_A::night,night,76.84,20.42,116.3,0.0000,0.0000,good,
2_playing/slot_20260712_2030_camB_t001675_m.jpg,venue_01::camera_A::night,night,76.90,20.47,116.5,0.0000,0.0000,good,
2_playing/slot_20260712_2030_camB_t001678.jpg,venue_01::camera_A::night,night,76.93,20.45,108.1,0.0000,0.0000,good,
2_playing/slot_20260712_2030_camB_t001683_m.jpg,venue_01::camera_A::night,night,76.69,20.47,107.0,0.0000,0.0000,good,
2_playing/slot_20260712_2030_camB_t001693.jpg,venue_01::camera_A::night,night,76.72,20.24,100.2,0.0000,0.0000,good,
2_playing/slot_20260712_2030_camB_t001699_m.jpg,venue_01::camera_A::night,night,76.94,20.54,112.3,0.0000,0.0000,good,
2_playing/slot_20260712_2030_camB_t001704_m.jpg,venue_01::camera_A::night,night,76.82,20.55,110.5,0.0000,0.0000,good,
2_playing/slot_20260712_2030_camB_t001708.jpg,venue_01::camera_A::night,night,76.57,19.75,79.3,0.0000,0.0000,good,
2_playing/slot_20260712_2030_camB_t001718_m.jpg,venue_01::camera_A::night,night,76.51,20.03,101.2,0.0000,0.0000,good,
2_playing/slot_20260712_2030_camB_t001723.jpg,venue_01::camera_A::night,night,76.33,19.93,91.0,0.0000,0.0000,good,
2_playing/slot_20260712_2030_camB_t001728_m.jpg,venue_01::camera_A::night,night,76.99,20.69,110.1,0.0000,0.0000,good,
2_playing/slot_20260712_2030_camB_t001735_m.jpg,venue_01::camera_A::night,night,76.86,20.33,103.1,0.0000,0.0000,good,
2_playing/slot_20260712_2030_camB_t001738.jpg,venue_01::camera_A::night,night,77.12,21.30,116.8,0.0000,0.0000,good,
2_playing/slot_20260712_2030_camB_t001743_m.jpg,venue_01::camera_A::night,night,77.07,20.55,111.9,0.0000,0.0000,good,
2_playing/slot_20260712_2030_camB_t001749_m.jpg,venue_01::camera_A::night,night,77.08,20.56,121.5,0.0000,0.0000,good,
2_playing/slot_20260712_2030_camB_t001753.jpg,venue_01::camera_A::night,night,76.56,20.11,101.8,0.0000,0.0000,good,
2_playing/slot_20260712_2030_camB_t001759_m.jpg,venue_01::camera_A::night,night,76.48,20.19,105.8,0.0000,0.0000,good,
2_playing/slot_20260712_2030_camB_t001768.jpg,venue_01::camera_A::night,night,76.43,19.85,84.8,0.0000,0.0000,good,
2_playing/slot_20260712_2030_camB_t001783.jpg,venue_01::camera_A::night,night,76.43,19.96,92.1,0.0000,0.0000,good,
2_playing/slot_20260712_2030_camB_t001798.jpg,venue_01::camera_A::night,night,76.63,19.78,77.1,0.0000,0.0000,good,
2_playing/slot_20260712_2030_camB_t001806_m.jpg,venue_01::camera_A::night,night,77.11,20.26,92.2,0.0000,0.0000,good,
2_playing/slot_20260712_2030_camB_t001813.jpg,venue_01::camera_A::night,night,76.58,19.99,92.7,0.0000,0.0000,good,
2_playing/slot_20260712_2030_camB_t001828.jpg,venue_01::camera_A::night,night,77.05,20.53,105.5,0.0000,0.0000,good,
2_playing/slot_20260712_2030_camB_t001843.jpg,venue_01::camera_A::night,night,76.60,19.95,97.3,0.0000,0.0000,good,
2_playing/slot_20260712_2030_camB_t001850_m.jpg,venue_01::camera_A::night,night,76.74,20.10,111.6,0.0000,0.0000,good,
2_playing/slot_20260712_2030_camB_t001856_m.jpg,venue_01::camera_A::night,night,77.43,21.26,119.3,0.0000,0.0000,good,
2_playing/slot_20260712_2030_camB_t001858.jpg,venue_01::camera_A::night,night,76.55,20.28,96.9,0.0000,0.0000,good,
2_playing/slot_20260712_2030_camB_t001864_m.jpg,venue_01::camera_A::night,night,76.75,20.11,97.8,0.0000,0.0000,good,
2_playing/slot_20260712_2030_camB_t001873.jpg,venue_01::camera_A::night,night,76.62,19.99,97.0,0.0000,0.0000,good,
2_playing/slot_20260712_2030_camB_t001879_m.jpg,venue_01::camera_A::night,night,76.70,20.45,118.7,0.0000,0.0000,good,
2_playing/slot_20260712_2030_camB_t001884_m.jpg,venue_01::camera_A::night,night,76.68,20.39,114.7,0.0000,0.0000,good,
2_playing/slot_20260712_2030_camB_t001888.jpg,venue_01::camera_A::night,night,76.57,20.05,94.5,0.0000,0.0000,good,
2_playing/slot_20260712_2030_camB_t001903.jpg,venue_01::camera_A::night,night,76.56,19.89,83.2,0.0000,0.0000,good,
2_playing/slot_20260712_2030_camB_t001918.jpg,venue_01::camera_A::night,night,76.37,19.86,77.0,0.0000,0.0000,good,
2_playing/slot_20260712_2030_camB_t001924_m.jpg,venue_01::camera_A::night,night,76.54,20.43,111.0,0.0000,0.0000,good,
2_playing/slot_20260712_2030_camB_t001929_m.jpg,venue_01::camera_A::night,night,76.21,20.40,105.9,0.0000,0.0000,good,
2_playing/slot_20260712_2030_camB_t001933.jpg,venue_01::camera_A::night,night,76.83,20.68,118.3,0.0000,0.0000,good,
2_playing/slot_20260712_2030_camB_t001939_m.jpg,venue_01::camera_A::night,night,76.95,21.52,139.1,0.0000,0.0000,good,
2_playing/slot_20260712_2030_camB_t001944_m.jpg,venue_01::camera_A::night,night,76.92,20.84,146.7,0.0000,0.0000,good,
2_playing/slot_20260712_2030_camB_t001948.jpg,venue_01::camera_A::night,night,77.06,21.29,139.3,0.0000,0.0000,good,
2_playing/slot_20260712_2030_camB_t001954_m.jpg,venue_01::camera_A::night,night,77.42,21.42,133.7,0.0000,0.0000,good,
2_playing/slot_20260712_2030_camB_t001960_m.jpg,venue_01::camera_A::night,night,76.53,20.60,132.1,0.0000,0.0000,good,
2_playing/slot_20260712_2030_camB_t001963.jpg,venue_01::camera_A::night,night,76.33,20.07,108.9,0.0000,0.0000,good,
2_playing/slot_20260712_2030_camB_t001969_m.jpg,venue_01::camera_A::night,night,76.35,20.15,109.2,0.0000,0.0000,good,
2_playing/slot_20260712_2030_camB_t001975_m.jpg,venue_01::camera_A::night,night,76.67,20.69,131.5,0.0000,0.0000,good,
2_playing/slot_20260712_2030_camB_t001978.jpg,venue_01::camera_A::night,night,76.71,20.97,131.6,0.0000,0.0000,good,
2_playing/slot_20260712_2030_camB_t001984_m.jpg,venue_01::camera_A::night,night,76.67,20.74,118.3,0.0000,0.0000,good,
2_playing/slot_20260712_2030_camB_t001989_m.jpg,venue_01::camera_A::night,night,76.57,20.45,104.5,0.0000,0.0000,good,
2_playing/slot_20260712_2030_camB_t001993.jpg,venue_01::camera_A::night,night,76.12,20.13,94.6,0.0000,0.0000,good,
2_playing/slot_20260712_2030_camB_t002002_m.jpg,venue_01::camera_A::night,night,76.67,20.56,112.0,0.0000,0.0000,good,
2_playing/slot_20260712_2030_camB_t002007_m.jpg,venue_01::camera_A::night,night,76.80,21.20,154.6,0.0000,0.0000,good,
2_playing/slot_20260712_2030_camB_t002008.jpg,venue_01::camera_A::night,night,76.87,21.10,151.6,0.0000,0.0000,good,
2_playing/slot_20260712_2030_camB_t002013_m.jpg,venue_01::camera_A::night,night,76.33,20.68,110.8,0.0000,0.0000,good,
2_playing/slot_20260712_2030_camB_t002019_m.jpg,venue_01::camera_A::night,night,76.47,20.67,114.6,0.0000,0.0000,good,
2_playing/slot_20260712_2030_camB_t002023.jpg,venue_01::camera_A::night,night,76.37,20.48,98.2,0.0000,0.0000,good,
2_playing/slot_20260712_2030_camB_t002038.jpg,venue_01::camera_A::night,night,76.21,19.95,87.2,0.0000,0.0000,good,
2_playing/slot_20260712_2030_camB_t002053.jpg,venue_01::camera_A::night,night,76.20,19.74,76.4,0.0000,0.0000,good,
2_playing/slot_20260712_2030_camB_t002068.jpg,venue_01::camera_A::night,night,76.40,20.31,101.0,0.0000,0.0000,good,
2_playing/slot_20260712_2030_camB_t002073_m.jpg,venue_01::camera_A::night,night,76.42,20.45,111.5,0.0000,0.0000,good,
2_playing/slot_20260712_2030_camB_t002079_m.jpg,venue_01::camera_A::night,night,77.76,22.28,145.4,0.0000,0.0000,good,
2_playing/slot_20260712_2030_camB_t002083.jpg,venue_01::camera_A::night,night,76.57,20.22,82.7,0.0000,0.0000,good,
2_playing/slot_20260712_2030_camB_t002092_m.jpg,venue_01::camera_A::night,night,77.31,21.10,97.4,0.0000,0.0000,good,
2_playing/slot_20260712_2030_camB_t002098.jpg,venue_01::camera_A::night,night,76.66,20.19,100.8,0.0000,0.0000,good,
2_playing/slot_20260712_2030_camB_t002104_m.jpg,venue_01::camera_A::night,night,77.14,20.57,114.6,0.0000,0.0000,good,
2_playing/slot_20260712_2030_camB_t002113.jpg,venue_01::camera_A::night,night,77.46,20.23,99.5,0.0000,0.0000,good,
2_playing/slot_20260712_2030_camB_t002126_m.jpg,venue_01::camera_A::night,night,77.27,20.47,113.4,0.0000,0.0000,good,
2_playing/slot_20260712_2030_camB_t002128.jpg,venue_01::camera_A::night,night,77.62,20.95,127.8,0.0000,0.0000,good,
2_playing/slot_20260712_2030_camB_t002133_m.jpg,venue_01::camera_A::night,night,77.07,20.53,109.9,0.0000,0.0000,good,
2_playing/slot_20260712_2030_camB_t002139_m.jpg,venue_01::camera_A::night,night,77.30,20.53,112.2,0.0000,0.0000,good,
2_playing/slot_20260712_2030_camB_t002143.jpg,venue_01::camera_A::night,night,77.54,20.85,132.6,0.0000,0.0000,good,
2_playing/slot_20260712_2030_camB_t002148_m.jpg,venue_01::camera_A::night,night,77.90,21.37,158.3,0.0000,0.0000,good,
2_playing/slot_20260712_2030_camB_t002154_m.jpg,venue_01::camera_A::night,night,77.35,20.77,119.2,0.0000,0.0000,good,
2_playing/slot_20260712_2030_camB_t002158.jpg,venue_01::camera_A::night,night,77.67,20.71,120.6,0.0000,0.0000,good,
2_playing/slot_20260712_2030_camB_t002173.jpg,venue_01::camera_A::night,night,77.19,19.97,75.1,0.0000,0.0000,good,
2_playing/slot_20260712_2030_camB_t002188.jpg,venue_01::camera_A::night,night,77.36,20.12,88.9,0.0000,0.0000,good,
2_playing/slot_20260712_2030_camB_t002203.jpg,venue_01::camera_A::night,night,77.37,20.02,80.9,0.0000,0.0000,good,
2_playing/slot_20260712_2030_camB_t002218.jpg,venue_01::camera_A::night,night,77.62,20.29,93.6,0.0000,0.0000,good,
2_playing/slot_20260712_2030_camB_t002227_m.jpg,venue_01::camera_A::night,night,77.79,20.61,112.0,0.0000,0.0000,good,
2_playing/slot_20260712_2030_camB_t002233.jpg,venue_01::camera_A::night,night,77.81,20.48,114.3,0.0000,0.0000,good,
2_playing/slot_20260712_2030_camB_t002239_m.jpg,venue_01::camera_A::night,night,77.66,20.70,117.3,0.0000,0.0000,good,
2_playing/slot_20260712_2030_camB_t002244_m.jpg,venue_01::camera_A::night,night,78.12,21.21,140.0,0.0000,0.0000,good,
2_playing/slot_20260712_2030_camB_t002248.jpg,venue_01::camera_A::night,night,78.53,21.66,165.0,0.0000,0.0000,good,
2_playing/slot_20260712_2030_camB_t002253_m.jpg,venue_01::camera_A::night,night,78.50,21.77,136.1,0.0000,0.0000,good,
2_playing/slot_20260712_2030_camB_t002263.jpg,venue_01::camera_A::night,night,77.81,20.26,95.3,0.0000,0.0000,good,
2_playing/slot_20260712_2030_camB_t002278.jpg,venue_01::camera_A::night,night,77.86,20.45,104.7,0.0000,0.0000,good,
2_playing/slot_20260712_2030_camB_t002284_m.jpg,venue_01::camera_A::night,night,76.26,20.75,117.6,0.0000,0.0000,good,
2_playing/slot_20260712_2030_camB_t002289_m.jpg,venue_01::camera_A::night,night,75.83,20.38,107.2,0.0000,0.0000,good,
2_playing/slot_20260712_2030_camB_t002293.jpg,venue_01::camera_A::night,night,75.35,19.86,84.2,0.0000,0.0000,good,
2_playing/slot_20260712_2030_camB_t002308.jpg,venue_01::camera_A::night,night,75.92,20.44,98.6,0.0000,0.0000,good,
2_playing/slot_20260712_2030_camB_t002313_m.jpg,venue_01::camera_A::night,night,76.32,21.13,116.2,0.0000,0.0000,good,
2_playing/slot_20260712_2030_camB_t002319_m.jpg,venue_01::camera_A::night,night,76.16,21.01,128.6,0.0000,0.0000,good,
2_playing/slot_20260712_2030_camB_t002323.jpg,venue_01::camera_A::night,night,76.38,21.21,150.8,0.0000,0.0000,good,
2_playing/slot_20260712_2030_camB_t002338.jpg,venue_01::camera_A::night,night,75.42,19.97,95.3,0.0000,0.0000,good,
2_playing/slot_20260712_2030_camB_t002353.jpg,venue_01::camera_A::night,night,77.78,20.13,78.0,0.0000,0.0000,good,
2_playing/slot_20260712_2030_camB_t002428.jpg,venue_01::camera_A::night,night,77.90,20.49,102.0,0.0000,0.0000,good,
2_playing/slot_20260712_2030_camB_t002443.jpg,venue_01::camera_A::night,night,77.88,20.49,95.7,0.0000,0.0000,good,
2_playing/slot_20260712_2030_camB_t002458.jpg,venue_01::camera_A::night,night,77.91,20.54,98.0,0.0000,0.0000,good,
2_playing/slot_20260712_2030_camB_t002473.jpg,venue_01::camera_A::night,night,77.90,20.51,94.5,0.0000,0.0000,good,
2_playing/slot_20260712_2030_camB_t002488.jpg,venue_01::camera_A::night,night,77.97,20.60,105.6,0.0000,0.0000,good,
2_playing/slot_20260712_2030_camB_t002503.jpg,venue_01::camera_A::night,night,78.12,20.75,96.4,0.0000,0.0000,good,
2_playing/slot_20260712_2030_camB_t002518.jpg,venue_01::camera_A::night,night,78.00,20.55,95.0,0.0000,0.0000,good,
2_playing/slot_20260712_2030_camB_t002525_m.jpg,venue_01::camera_A::night,night,78.04,20.53,107.0,0.0000,0.0000,good,
2_playing/slot_20260712_2030_camB_t002530_m.jpg,venue_01::camera_A::night,night,78.12,20.78,115.2,0.0000,0.0000,good,
2_playing/slot_20260712_2030_camB_t002533.jpg,venue_01::camera_A::night,night,78.07,20.77,110.5,0.0000,0.0000,good,
2_playing/slot_20260712_2030_camB_t002538_m.jpg,venue_01::camera_A::night,night,78.06,20.88,115.5,0.0000,0.0000,good,
2_playing/slot_20260712_2030_camB_t002544_m.jpg,venue_01::camera_A::night,night,78.36,20.97,115.6,0.0000,0.0000,good,
2_playing/slot_20260712_2030_camB_t002548.jpg,venue_01::camera_A::night,night,78.50,20.80,106.9,0.0000,0.0000,good,
2_playing/slot_20260712_2030_camB_t002553_m.jpg,venue_01::camera_A::night,night,78.08,20.86,112.7,0.0000,0.0000,good,
2_playing/slot_20260712_2030_camB_t002563.jpg,venue_01::camera_A::night,night,78.37,20.58,94.7,0.0000,0.0000,good,
2_playing/slot_20260712_2030_camB_t002569_m.jpg,venue_01::camera_A::night,night,78.42,21.10,110.5,0.0000,0.0000,good,
2_playing/slot_20260712_2030_camB_t002578.jpg,venue_01::camera_A::night,night,78.56,20.76,114.2,0.0000,0.0000,good,
2_playing/slot_20260712_2030_camB_t002583_m.jpg,venue_01::camera_A::night,night,78.62,20.96,116.2,0.0000,0.0000,good,
2_playing/slot_20260712_2030_camB_t002588_m.jpg,venue_01::camera_A::night,night,78.51,21.06,111.2,0.0000,0.0000,good,
2_playing/slot_20260712_2030_camB_t002593.jpg,venue_01::camera_A::night,night,78.61,21.18,119.6,0.0000,0.0000,good,
2_playing/slot_20260712_2030_camB_t002598_m.jpg,venue_01::camera_A::night,night,78.58,21.22,123.5,0.0000,0.0000,good,
2_playing/slot_20260712_2030_camB_t002604_m.jpg,venue_01::camera_A::night,night,79.30,22.02,160.4,0.0000,0.0000,good,
2_playing/slot_20260712_2030_camB_t002608.jpg,venue_01::camera_A::night,night,79.31,22.19,141.6,0.0000,0.0000,good,
2_playing/slot_20260712_2030_camB_t002613_m.jpg,venue_01::camera_A::night,night,78.85,21.04,115.3,0.0000,0.0000,good,
2_playing/slot_20260712_2030_camB_t002620_m.jpg,venue_01::camera_A::night,night,78.50,20.88,105.4,0.0000,0.0000,good,
2_playing/slot_20260712_2030_camB_t002623.jpg,venue_01::camera_A::night,night,78.64,21.10,109.3,0.0000,0.0000,good,
2_playing/slot_20260712_2030_camB_t002628_m.jpg,venue_01::camera_A::night,night,78.45,20.92,105.6,0.0000,0.0000,good,
2_playing/slot_20260712_2030_camB_t002635_m.jpg,venue_01::camera_A::night,night,78.43,20.82,102.4,0.0000,0.0000,good,
2_playing/slot_20260712_2030_camB_t002638.jpg,venue_01::camera_A::night,night,78.32,20.72,88.0,0.0000,0.0000,good,
2_playing/slot_20260712_2030_camB_t002653.jpg,venue_01::camera_A::night,night,78.16,20.64,88.9,0.0000,0.0000,good,
2_playing/slot_20260712_2030_camB_t002658_m.jpg,venue_01::camera_A::night,night,78.81,21.06,100.1,0.0000,0.0000,good,
2_playing/slot_20260712_2030_camB_t002664_m.jpg,venue_01::camera_A::night,night,78.83,21.45,143.3,0.0000,0.0000,good,
2_playing/slot_20260712_2030_camB_t002668.jpg,venue_01::camera_A::night,night,78.60,21.00,107.7,0.0000,0.0000,good,
2_playing/slot_20260712_2030_camB_t002673_m.jpg,venue_01::camera_A::night,night,78.68,20.84,97.5,0.0000,0.0000,good,
2_playing/slot_20260712_2030_camB_t002683.jpg,venue_01::camera_A::night,night,78.47,20.63,92.9,0.0000,0.0000,good,
2_playing/slot_20260712_2030_camB_t002688_m.jpg,venue_01::camera_A::night,night,78.68,20.83,102.4,0.0000,0.0000,good,
2_playing/slot_20260712_2030_camB_t002694_m.jpg,venue_01::camera_A::night,night,76.92,21.26,108.3,0.0000,0.0000,good,
2_playing/slot_20260712_2030_camB_t002698.jpg,venue_01::camera_A::night,night,76.66,20.57,100.9,0.0000,0.0000,good,
2_playing/slot_20260712_2030_camB_t002706_m.jpg,venue_01::camera_A::night,night,76.38,20.36,98.6,0.0000,0.0000,good,
2_playing/slot_20260712_2030_camB_t002713.jpg,venue_01::camera_A::night,night,76.29,20.25,86.7,0.0000,0.0000,good,
2_playing/slot_20260712_2030_camB_t002718_m.jpg,venue_01::camera_A::night,night,76.50,20.79,106.3,0.0000,0.0000,good,
2_playing/slot_20260712_2030_camB_t002724_m.jpg,venue_01::camera_A::night,night,76.27,20.55,96.6,0.0000,0.0000,good,
2_playing/slot_20260712_2030_camB_t002727.jpg,venue_01::camera_A::night,night,76.62,21.17,117.1,0.0000,0.0000,good,
2_playing/slot_20260712_2030_camB_t002733_m.jpg,venue_01::camera_A::night,night,76.35,20.98,113.3,0.0000,0.0000,good,
2_playing/slot_20260712_2030_camB_t002739_m.jpg,venue_01::camera_A::night,night,76.44,20.95,127.3,0.0000,0.0000,good,
2_playing/slot_20260712_2030_camB_t002742.jpg,venue_01::camera_A::night,night,76.58,20.93,121.9,0.0000,0.0000,good,
2_playing/slot_20260712_2030_camB_t002754_m.jpg,venue_01::camera_A::night,night,76.40,20.56,105.4,0.0000,0.0000,good,
2_playing/slot_20260712_2030_camB_t002757.jpg,venue_01::camera_A::night,night,76.17,20.41,100.6,0.0000,0.0000,good,
2_playing/slot_20260712_2030_camB_t002772.jpg,venue_01::camera_A::night,night,76.37,20.32,91.0,0.0000,0.0000,good,
2_playing/slot_20260712_2030_camB_t002787.jpg,venue_01::camera_A::night,night,76.43,20.35,86.3,0.0000,0.0000,good,
2_playing/slot_20260712_2030_camB_t002795_m.jpg,venue_01::camera_A::night,night,76.49,20.61,96.7,0.0000,0.0000,good,
2_playing/slot_20260712_2030_camB_t002801_m.jpg,venue_01::camera_A::night,night,76.69,20.53,102.2,0.0000,0.0000,good,
2_playing/slot_20260712_2030_camB_t002802.jpg,venue_01::camera_A::night,night,76.57,20.59,94.9,0.0000,0.0000,good,
2_playing/slot_20260712_2030_camB_t002817.jpg,venue_01::camera_A::night,night,76.44,20.32,88.7,0.0000,0.0000,good,
2_playing/slot_20260712_2030_camB_t002832.jpg,venue_01::camera_A::night,night,76.35,20.14,75.6,0.0000,0.0000,good,
2_playing/slot_20260712_2030_camB_t002844_m.jpg,venue_01::camera_A::night,night,76.32,20.46,97.7,0.0000,0.0000,good,
2_playing/slot_20260712_2030_camB_t002847.jpg,venue_01::camera_A::night,night,77.09,21.34,126.9,0.0000,0.0000,good,
2_playing/slot_20260712_2030_camB_t002853_m.jpg,venue_01::camera_A::night,night,76.80,21.05,109.6,0.0000,0.0000,good,
2_playing/slot_20260712_2030_camB_t002861_m.jpg,venue_01::camera_A::night,night,76.73,20.80,107.4,0.0000,0.0000,good,
2_playing/slot_20260712_2030_camB_t002862.jpg,venue_01::camera_A::night,night,76.72,20.76,103.5,0.0000,0.0000,good,
2_playing/slot_20260712_2030_camB_t002867_m.jpg,venue_01::camera_A::night,night,76.78,20.78,107.6,0.0000,0.0000,good,
2_playing/slot_20260712_2030_camB_t002873_m.jpg,venue_01::camera_A::night,night,76.51,20.76,111.4,0.0000,0.0000,good,
2_playing/slot_20260712_2030_camB_t002877.jpg,venue_01::camera_A::night,night,76.89,20.95,109.0,0.0000,0.0000,good,
2_playing/slot_20260712_2030_camB_t002883_m.jpg,venue_01::camera_A::night,night,76.68,20.86,104.1,0.0000,0.0000,good,
2_playing/slot_20260712_2030_camB_t002888_m.jpg,venue_01::camera_A::night,night,76.98,21.12,111.0,0.0000,0.0000,good,
2_playing/slot_20260712_2030_camB_t002892.jpg,venue_01::camera_A::night,night,77.25,21.53,126.1,0.0000,0.0000,good,
2_playing/slot_20260712_2030_camB_t002900_m.jpg,venue_01::camera_A::night,night,76.70,20.69,88.5,0.0000,0.0000,good,
2_playing/slot_20260712_2030_camB_t002906_m.jpg,venue_01::camera_A::night,night,77.13,21.47,122.9,0.0000,0.0000,good,
2_playing/slot_20260712_2030_camB_t002907.jpg,venue_01::camera_A::night,night,76.88,20.93,100.9,0.0000,0.0000,good,
2_playing/slot_20260712_2030_camB_t002915_m.jpg,venue_01::camera_A::night,night,77.06,20.82,107.4,0.0000,0.0000,good,
2_playing/slot_20260712_2030_camB_t002921_m.jpg,venue_01::camera_A::night,night,76.87,20.76,104.2,0.0000,0.0000,good,
2_playing/slot_20260712_2030_camB_t002922.jpg,venue_01::camera_A::night,night,76.83,20.74,101.5,0.0000,0.0000,good,
2_playing/slot_20260712_2030_camB_t002931_m.jpg,venue_01::camera_A::night,night,77.08,20.98,105.9,0.0000,0.0000,good,
2_playing/slot_20260712_2030_camB_t002937.jpg,venue_01::camera_A::night,night,77.30,21.41,111.2,0.0000,0.0000,good,
2_playing/slot_20260712_2030_camB_t002937_m.jpg,venue_01::camera_A::night,night,77.29,21.43,112.5,0.0000,0.0000,good,
2_playing/slot_20260712_2030_camB_t002943_m.jpg,venue_01::camera_A::night,night,77.35,21.29,119.1,0.0000,0.0000,good,
2_playing/slot_20260712_2030_camB_t002948_m.jpg,venue_01::camera_A::night,night,77.74,21.81,126.9,0.0000,0.0000,good,
2_playing/slot_20260712_2030_camB_t002952.jpg,venue_01::camera_A::night,night,77.27,21.54,118.5,0.0000,0.0000,good,
2_playing/slot_20260712_2030_camB_t002958_m.jpg,venue_01::camera_A::night,night,76.91,21.20,117.2,0.0000,0.0000,good,
2_playing/slot_20260712_2030_camB_t002964_m.jpg,venue_01::camera_A::night,night,77.14,21.11,114.0,0.0000,0.0000,good,
2_playing/slot_20260712_2030_camB_t002967.jpg,venue_01::camera_A::night,night,77.60,21.31,117.2,0.0000,0.0000,good,
2_playing/slot_20260712_2030_camB_t002973_m.jpg,venue_01::camera_A::night,night,77.34,20.94,107.7,0.0000,0.0000,good,
2_playing/slot_20260712_2030_camB_t002982.jpg,venue_01::camera_A::night,night,77.00,20.73,87.5,0.0000,0.0000,good,
2_playing/slot_20260712_2030_camB_t002987_m.jpg,venue_01::camera_A::night,night,77.25,21.07,118.8,0.0000,0.0000,good,
2_playing/slot_20260712_2030_camB_t002993_m.jpg,venue_01::camera_A::night,night,77.24,20.84,109.0,0.0000,0.0000,good,
2_playing/slot_20260712_2030_camB_t002997.jpg,venue_01::camera_A::night,night,77.65,21.72,129.3,0.0000,0.0000,good,
2_playing/slot_20260712_2030_camB_t003003_m.jpg,venue_01::camera_A::night,night,77.30,21.17,124.7,0.0000,0.0000,good,
2_playing/slot_20260712_2030_camB_t003008_m.jpg,venue_01::camera_A::night,night,77.34,21.13,138.3,0.0000,0.0000,good,
2_playing/slot_20260712_2030_camB_t003012.jpg,venue_01::camera_A::night,night,77.52,21.31,131.2,0.0000,0.0000,good,
2_playing/slot_20260712_2030_camB_t003018_m.jpg,venue_01::camera_A::night,night,77.23,20.94,108.9,0.0000,0.0000,good,
2_playing/slot_20260712_2030_camB_t003027.jpg,venue_01::camera_A::night,night,77.62,21.20,102.6,0.0000,0.0000,good,
2_playing/slot_20260712_2030_camB_t003042.jpg,venue_01::camera_A::night,night,77.19,20.46,73.1,0.0000,0.0000,good,
2_playing/slot_20260712_2030_camB_t003057.jpg,venue_01::camera_A::night,night,77.24,20.72,96.6,0.0000,0.0000,good,
2_playing/slot_20260712_2030_camB_t003072.jpg,venue_01::camera_A::night,night,77.45,20.82,96.8,0.0000,0.0000,good,
2_playing/slot_20260712_2030_camB_t003078_m.jpg,venue_01::camera_A::night,night,77.29,20.99,108.1,0.0000,0.0000,good,
2_playing/slot_20260712_2030_camB_t003084_m.jpg,venue_01::camera_A::night,night,77.20,20.69,102.9,0.0000,0.0000,good,
2_playing/slot_20260712_2030_camB_t003087.jpg,venue_01::camera_A::night,night,77.29,20.54,97.0,0.0000,0.0000,good,
2_playing/slot_20260712_2030_camB_t003093_m.jpg,venue_01::camera_A::night,night,77.55,20.86,99.0,0.0000,0.0000,good,
2_playing/slot_20260712_2030_camB_t003099_m.jpg,venue_01::camera_A::night,night,77.57,21.19,114.9,0.0000,0.0000,good,
2_playing/slot_20260712_2030_camB_t003102.jpg,venue_01::camera_A::night,night,77.47,20.69,92.4,0.0000,0.0000,good,
2_playing/slot_20260712_2030_camB_t003117.jpg,venue_01::camera_A::night,night,77.55,20.70,94.0,0.0000,0.0000,good,
2_playing/slot_20260712_2030_camB_t003132.jpg,venue_01::camera_A::night,night,77.50,20.81,95.1,0.0000,0.0000,good,
2_playing/slot_20260712_2030_camB_t003138_m.jpg,venue_01::camera_A::night,night,78.43,22.12,110.4,0.0000,0.0000,good,
2_playing/slot_20260712_2030_camB_t003144_m.jpg,venue_01::camera_A::night,night,77.79,21.05,119.1,0.0000,0.0000,good,
2_playing/slot_20260712_2030_camB_t003147.jpg,venue_01::camera_A::night,night,77.33,20.82,103.2,0.0000,0.0000,good,
2_playing/slot_20260712_2030_camB_t003152_m.jpg,venue_01::camera_A::night,night,77.52,21.04,120.4,0.0000,0.0000,good,
2_playing/slot_20260712_2030_camB_t003158_m.jpg,venue_01::camera_A::night,night,77.73,20.92,118.2,0.0000,0.0000,good,
2_playing/slot_20260712_2030_camB_t003162.jpg,venue_01::camera_A::night,night,77.83,20.91,119.1,0.0000,0.0000,good,
2_playing/slot_20260712_2030_camB_t003168_m.jpg,venue_01::camera_A::night,night,78.04,21.37,120.9,0.0000,0.0000,good,
2_playing/slot_20260712_2030_camB_t003174_m.jpg,venue_01::camera_A::night,night,78.25,21.29,114.7,0.0000,0.0000,good,
2_playing/slot_20260712_2030_camB_t003177.jpg,venue_01::camera_A::night,night,77.69,20.85,100.7,0.0000,0.0000,good,
2_playing/slot_20260712_2030_camB_t003183_m.jpg,venue_01::camera_A::night,night,77.65,20.79,99.9,0.0000,0.0000,good,
2_playing/slot_20260712_2030_camB_t003192.jpg,venue_01::camera_A::night,night,77.69,20.61,92.6,0.0000,0.0000,good,
2_playing/slot_20260712_2030_camB_t003207.jpg,venue_01::camera_A::night,night,77.72,21.09,102.8,0.0000,0.0000,good,
2_playing/slot_20260712_2030_camB_t003212_m.jpg,venue_01::camera_A::night,night,78.57,21.99,127.1,0.0000,0.0000,good,
2_playing/slot_20260712_2030_camB_t003218_m.jpg,venue_01::camera_A::night,night,77.86,21.20,113.4,0.0000,0.0000,good,
2_playing/slot_20260712_2030_camB_t003222.jpg,venue_01::camera_A::night,night,77.93,21.12,114.8,0.0000,0.0000,good,
2_playing/slot_20260712_2030_camB_t003227_m.jpg,venue_01::camera_A::night,night,77.85,21.07,118.9,0.0000,0.0000,good,
2_playing/slot_20260712_2030_camB_t003233_m.jpg,venue_01::camera_A::night,night,78.05,20.98,115.2,0.0000,0.0000,good,
2_playing/slot_20260712_2030_camB_t003237.jpg,venue_01::camera_A::night,night,77.92,20.97,116.5,0.0000,0.0000,good,
2_playing/slot_20260712_2030_camB_t003243_m.jpg,venue_01::camera_A::night,night,77.94,21.30,139.6,0.0000,0.0000,good,
2_playing/slot_20260712_2030_camB_t003248_m.jpg,venue_01::camera_A::night,night,77.90,20.96,108.9,0.0000,0.0000,good,
2_playing/slot_20260712_2030_camB_t003252.jpg,venue_01::camera_A::night,night,78.19,21.29,138.4,0.0000,0.0000,good,
2_playing/slot_20260712_2030_camB_t003258_m.jpg,venue_01::camera_A::night,night,77.89,21.05,123.8,0.0000,0.0000,good,
2_playing/slot_20260712_2030_camB_t003264_m.jpg,venue_01::camera_A::night,night,77.87,20.81,118.9,0.0000,0.0000,good,
2_playing/slot_20260712_2030_camB_t003267.jpg,venue_01::camera_A::night,night,77.62,20.68,108.1,0.0000,0.0000,good,
2_playing/slot_20260712_2030_camB_t003272_m.jpg,venue_01::camera_A::night,night,77.40,20.72,110.1,0.0000,0.0000,good,
2_playing/slot_20260712_2030_camB_t003278_m.jpg,venue_01::camera_A::night,night,77.43,20.49,102.0,0.0000,0.0000,good,
2_playing/slot_20260712_2030_camB_t003282.jpg,venue_01::camera_A::night,night,77.69,20.74,109.6,0.0000,0.0000,good,
2_playing/slot_20260712_2030_camB_t003287_m.jpg,venue_01::camera_A::night,night,77.55,20.75,122.4,0.0000,0.0000,good,
2_playing/slot_20260712_2030_camB_t003297.jpg,venue_01::camera_A::night,night,77.44,20.48,102.5,0.0000,0.0000,good,
2_playing/slot_20260712_2030_camB_t003312.jpg,venue_01::camera_A::night,night,77.33,20.43,83.2,0.0000,0.0000,good,
2_playing/slot_20260712_2030_camB_t003318_m.jpg,venue_01::camera_A::night,night,78.56,22.35,97.9,0.0000,0.0000,good,
2_playing/slot_20260712_2030_camB_t003324_m.jpg,venue_01::camera_A::night,night,77.61,20.73,106.5,0.0000,0.0000,good,
2_playing/slot_20260712_2030_camB_t003327.jpg,venue_01::camera_A::night,night,77.37,20.32,93.2,0.0000,0.0000,good,
2_playing/slot_20260712_2030_camB_t003332_m.jpg,venue_01::camera_A::night,night,77.57,20.83,115.7,0.0000,0.0000,good,
2_playing/slot_20260712_2030_camB_t003338_m.jpg,venue_01::camera_A::night,night,77.57,20.69,116.7,0.0000,0.0000,good,
2_playing/slot_20260712_2030_camB_t003342.jpg,venue_01::camera_A::night,night,77.60,20.80,111.6,0.0000,0.0000,good,
2_playing/slot_20260712_2030_camB_t003357.jpg,venue_01::camera_A::night,night,77.66,20.69,112.3,0.0000,0.0000,good,
2_playing/slot_20260712_2030_camB_t003363_m.jpg,venue_01::camera_A::night,night,77.66,20.97,123.0,0.0000,0.0000,good,
2_playing/slot_20260712_2030_camB_t003372.jpg,venue_01::camera_A::night,night,77.50,20.54,96.7,0.0000,0.0000,good,
2_playing/slot_20260712_2030_camB_t003378_m.jpg,venue_01::camera_A::night,night,77.31,20.50,96.1,0.0000,0.0000,good,
2_playing/slot_20260712_2030_camB_t003386_m.jpg,venue_01::camera_A::night,night,77.27,20.56,96.4,0.0000,0.0000,good,
2_playing/slot_20260712_2030_camB_t003387.jpg,venue_01::camera_A::night,night,77.28,20.71,110.4,0.0000,0.0000,good,
2_playing/slot_20260712_2030_camB_t003402.jpg,venue_01::camera_A::night,night,77.33,20.24,83.1,0.0000,0.0000,good,
2_playing/slot_20260712_2030_camB_t003412_m.jpg,venue_01::camera_A::night,night,77.85,20.89,110.7,0.0000,0.0000,good,
2_playing/slot_20260712_2030_camB_t003417.jpg,venue_01::camera_A::night,night,77.69,20.77,103.3,0.0000,0.0000,good,
2_playing/slot_20260712_2030_camB_t003425_m.jpg,venue_01::camera_A::night,night,77.86,21.02,106.7,0.0000,0.0000,good,
2_playing/slot_20260712_2030_camB_t003430_m.jpg,venue_01::camera_A::night,night,78.02,20.95,109.2,0.0000,0.0000,good,
2_playing/slot_20260712_2030_camB_t003432.jpg,venue_01::camera_A::night,night,77.72,20.72,100.5,0.0000,0.0000,good,
2_playing/slot_20260712_2030_camB_t003437_m.jpg,venue_01::camera_A::night,night,77.68,20.94,116.0,0.0000,0.0000,good,
2_playing/slot_20260712_2030_camB_t003444_m.jpg,venue_01::camera_A::night,night,77.31,20.40,93.0,0.0000,0.0000,good,
2_playing/slot_20260712_2030_camB_t003447.jpg,venue_01::camera_A::night,night,77.42,20.33,92.5,0.0000,0.0000,good,
2_playing/slot_20260712_2030_camB_t003458_m.jpg,venue_01::camera_A::night,night,77.70,20.70,109.4,0.0000,0.0000,good,
2_playing/slot_20260712_2030_camB_t003462.jpg,venue_01::camera_A::night,night,77.89,21.03,113.3,0.0000,0.0000,good,
2_playing/slot_20260712_2030_camB_t003467_m.jpg,venue_01::camera_A::night,night,77.72,20.58,98.5,0.0000,0.0000,good,
2_playing/slot_20260712_2030_camB_t003477.jpg,venue_01::camera_A::night,night,78.49,21.29,125.6,0.0000,0.0000,good,
2_playing/slot_20260712_2030_camB_t003483_m.jpg,venue_01::camera_A::night,night,77.93,21.18,112.3,0.0000,0.0000,good,
2_playing/slot_20260712_2030_camB_t003492.jpg,venue_01::camera_A::night,night,77.78,20.79,103.8,0.0000,0.0000,good,
2_playing/slot_20260712_2030_camB_t003497_m.jpg,venue_01::camera_A::night,night,78.61,21.55,139.3,0.0000,0.0000,good,
2_playing/slot_20260712_2030_camB_t003503_m.jpg,venue_01::camera_A::night,night,77.89,20.83,113.8,0.0000,0.0000,good,
2_playing/slot_20260712_2030_camB_t003507.jpg,venue_01::camera_A::night,night,77.70,20.53,110.8,0.0000,0.0000,good,
2_playing/slot_20260712_2030_camB_t003516_m.jpg,venue_01::camera_A::night,night,77.79,20.65,108.5,0.0000,0.0000,good,
2_playing/slot_20260712_2030_camB_t003522.jpg,venue_01::camera_A::night,night,77.61,20.42,100.6,0.0000,0.0000,good,
2_playing/slot_20260712_2030_camB_t003533_m.jpg,venue_01::camera_A::night,night,77.41,20.49,105.1,0.0000,0.0000,good,
2_playing/slot_20260712_2030_camB_t003537.jpg,venue_01::camera_A::night,night,77.81,20.95,121.6,0.0000,0.0000,good,
2_playing/slot_20260712_2030_camB_t003543_m.jpg,venue_01::camera_A::night,night,77.33,20.74,113.8,0.0000,0.0000,good,
2_playing/slot_20260712_2030_camB_t003552.jpg,venue_01::camera_A::night,night,77.40,20.44,104.1,0.0000,0.0000,good,
2_playing/slot_20260712_2030_camB_t003557_m.jpg,venue_01::camera_A::night,night,77.98,21.95,143.3,0.0000,0.0000,good,
2_playing/slot_20260712_2030_camB_t003563_m.jpg,venue_01::camera_A::night,night,77.71,21.02,109.4,0.0000,0.0000,good,
2_playing/slot_20260712_2030_camB_t003567.jpg,venue_01::camera_A::night,night,77.46,20.42,101.1,0.0000,0.0000,good,
2_playing/slot_20260712_2030_camB_t003572_m.jpg,venue_01::camera_A::night,night,78.04,21.16,113.6,0.0000,0.0000,good,
2_playing/slot_20260712_2030_camB_t003578_m.jpg,venue_01::camera_A::night,night,77.72,20.92,138.1,0.0000,0.0000,good,
2_playing/slot_20260712_2030_camB_t003582.jpg,venue_01::camera_A::night,night,77.82,21.25,136.3,0.0000,0.0000,good,
2_playing/slot_20260712_2030_camB_t003587_m.jpg,venue_01::camera_A::night,night,77.96,21.05,134.8,0.0000,0.0000,good,
2_playing/slot_20260712_2030_camB_t003593_m.jpg,venue_01::camera_A::night,night,77.85,20.79,127.7,0.0000,0.0000,good,
2_playing/slot_20260712_2030_camB_t003597.jpg,venue_01::camera_A::night,night,78.01,21.05,121.5,0.0000,0.0000,good,
3_people_not_playing/slot_20260711_1000_camA_t000239.jpg,venue_01::camera_A::day,day,76.04,17.28,277.8,0.0000,0.0000,good,
3_people_not_playing/slot_20260711_1000_camA_t000248_m.jpg,venue_01::camera_A::day,day,75.56,17.71,290.9,0.0000,0.0000,good,
3_people_not_playing/slot_20260711_1000_camA_t000261_m.jpg,venue_01::camera_A::day,day,76.07,17.70,281.2,0.0000,0.0000,good,
3_people_not_playing/slot_20260711_1000_camA_t000269.jpg,venue_01::camera_A::day,day,76.28,17.25,275.1,0.0000,0.0000,good,
3_people_not_playing/slot_20260711_1000_camA_t000494.jpg,venue_01::camera_A::day,day,73.25,16.69,253.3,0.0000,0.0000,good,
3_people_not_playing/slot_20260711_1000_camA_t000509.jpg,venue_01::camera_A::day,day,73.31,16.73,261.7,0.0000,0.0000,good,
