file,label,class3,venue,lighting,source,boundary,people_inside,people_total,ball,suspicion,why
1_empty/slot_20260711_1000_camB_t000509.jpg,1_empty,C1_EMPTY,venue_01,day,regular,True,3,3,False,3.0,3 person(s) found in a frame labelled EMPTY
1_empty/slot_20260711_1000_camB_t000524.jpg,1_empty,C1_EMPTY,venue_01,day,regular,True,3,3,False,3.0,3 person(s) found in a frame labelled EMPTY
1_empty/slot_20260711_1000_camB_t000659.jpg,1_empty,C1_EMPTY,venue_01,day,regular,True,3,3,False,3.0,3 person(s) found in a frame labelled EMPTY
2_playing/slot_20260711_1000_camA_t000021_m.jpg,2_playing,C2_ACTIVE_PLAY,venue_01,day,motion,True,0,3,True,3.0,no people found at all in a frame labelled ACTIVE_PLAY
2_playing/slot_20260711_1000_camA_t000027_m.jpg,2_playing,C2_ACTIVE_PLAY,venue_01,day,motion,True,0,3,True,3.0,no people found at all in a frame labelled ACTIVE_PLAY
2_playing/slot_20260712_2030_camA_t000059.jpg,2_playing,C2_ACTIVE_PLAY,venue_01,night,regular,True,0,0,True,3.0,no people found at all in a frame labelled ACTIVE_PLAY
1_empty/slot_20260711_1000_camB_t000021_m.jpg,1_empty,C1_EMPTY,venue_01,day,motion,True,2,2,False,2.0,2 person(s) found in a frame labelled EMPTY
1_empty/slot_20260711_1000_camB_t000494.jpg,1_empty,C1_EMPTY,venue_01,day,regular,True,2,2,False,2.0,2 person(s) found in a frame labelled EMPTY
1_empty/slot_20260711_1000_camB_t000554.jpg,1_empty,C1_EMPTY,venue_01,day,regular,True,2,2,False,2.0,2 person(s) found in a frame labelled EMPTY
1_empty/slot_20260711_1000_camB_t000614.jpg,1_empty,C1_EMPTY,venue_01,day,regular,True,2,2,False,2.0,2 person(s) found in a frame labelled EMPTY
1_empty/slot_20260712_2030_camA_t000074.jpg,1_empty,C1_EMPTY,venue_01,night,regular,True,2,2,True,2.0,2 person(s) found in a frame labelled EMPTY
1_empty/slot_20260711_1000_camA_t000224.jpg,1_empty,C1_EMPTY,venue_01,day,regular,True,1,2,True,1.0,1 person(s) found in a frame labelled EMPTY
1_empty/slot_20260711_1000_camA_t000464.jpg,1_empty,C1_EMPTY,venue_01,day,regular,True,1,1,False,1.0,1 person(s) found in a frame labelled EMPTY
1_empty/slot_20260711_1000_camB_t000074.jpg,1_empty,C1_EMPTY,venue_01,day,regular,True,1,2,False,1.0,1 person(s) found in a frame labelled EMPTY
1_empty/slot_20260711_1000_camB_t000089.jpg,1_empty,C1_EMPTY,venue_01,day,regular,True,1,2,False,1.0,1 person(s) found in a frame labelled EMPTY
1_empty/slot_20260711_1000_camB_t000449.jpg,1_empty,C1_EMPTY,venue_01,day,regular,True,1,1,False,1.0,1 person(s) found in a frame labelled EMPTY
1_empty/slot_20260711_1000_camB_t000479.jpg,1_empty,C1_EMPTY,venue_01,day,regular,True,1,1,False,1.0,1 person(s) found in a frame labelled EMPTY
1_empty/slot_20260711_1000_camB_t000539.jpg,1_empty,C1_EMPTY,venue_01,day,regular,True,1,2,False,1.0,1 person(s) found in a frame labelled EMPTY
1_empty/slot_20260711_1000_camB_t000629.jpg,1_empty,C1_EMPTY,venue_01,day,regular,True,1,3,False,1.0,1 person(s) found in a frame labelled EMPTY
1_empty/slot_20260711_1000_camB_t001904.jpg,1_empty,C1_EMPTY,venue_01,day,regular,True,1,1,False,1.0,1 person(s) found in a frame labelled EMPTY
1_empty/slot_20260711_1000_camB_t003118.jpg,1_empty,C1_EMPTY,venue_01,day,regular,True,1,1,False,1.0,1 person(s) found in a frame labelled EMPTY
1_empty/slot_20260712_2030_camA_t001633.jpg,1_empty,C1_EMPTY,venue_01,night,regular,True,1,1,True,1.0,1 person(s) found in a frame labelled EMPTY
1_empty/slot_20260712_2030_camA_t002322.jpg,1_empty,C1_EMPTY,venue_01,night,regular,True,1,1,True,1.0,1 person(s) found in a frame labelled EMPTY
2_playing/clip_ca_1788518349117_t001233.jpg,2_playing,C2_ACTIVE_PLAY,clipvenue_a_blue_barrier,night,clip,True,1,2,True,0.5,"only 1 inside the boundary, below the play threshold"
2_playing/clip_ca_1788518349117_t003200.jpg,2_playing,C2_ACTIVE_PLAY,clipvenue_a_blue_barrier,night,clip,True,3,4,True,0.5,"only 3 inside the boundary, below the play threshold"
2_playing/clip_ca_1788518349117_t005200.jpg,2_playing,C2_ACTIVE_PLAY,clipvenue_a_blue_barrier,night,clip,True,4,6,True,0.5,"only 4 inside the boundary, below the play threshold"
2_playing/clip_ca_1788518551408_t012400.jpg,2_playing,C2_ACTIVE_PLAY,clipvenue_a_blue_barrier,night,clip,True,4,4,False,0.5,"only 4 inside the boundary, below the play threshold"
2_playing/clip_ca_1788518557362_t001400.jpg,2_playing,C2_ACTIVE_PLAY,clipvenue_a_blue_barrier,night,clip,True,2,5,True,0.5,"only 2 inside the boundary, below the play threshold"
2_playing/clip_cb_1788518694984_t003400.jpg,2_playing,C2_ACTIVE_PLAY,clipvenue_b_floodlit_track,night,clip,True,4,12,False,0.5,"only 4 inside the boundary, below the play threshold"
2_playing/clip_cb_1788518694984_t005500.jpg,2_playing,C2_ACTIVE_PLAY,clipvenue_b_floodlit_track,night,clip,True,2,14,True,0.5,"only 2 inside the boundary, below the play threshold"
2_playing/clip_cb_1788518694984_t007566.jpg,2_playing,C2_ACTIVE_PLAY,clipvenue_b_floodlit_track,night,clip,True,2,11,False,0.5,"only 2 inside the boundary, below the play threshold"
2_playing/clip_cb_1788518694984_t011766.jpg,2_playing,C2_ACTIVE_PLAY,clipvenue_b_floodlit_track,night,clip,True,3,10,True,0.5,"only 3 inside the boundary, below the play threshold"
2_playing/slot_20260711_1000_camA_t000000.jpg,2_playing,C2_ACTIVE_PLAY,venue_01,day,regular,True,4,4,True,0.5,"only 4 inside the boundary, below the play threshold"
2_playing/slot_20260711_1000_camA_t000005_m.jpg,2_playing,C2_ACTIVE_PLAY,venue_01,day,motion,True,3,3,True,0.5,"only 3 inside the boundary, below the play threshold"
2_playing/slot_20260711_1000_camA_t000014.jpg,2_playing,C2_ACTIVE_PLAY,venue_01,day,regular,True,3,3,True,0.5,"only 3 inside the boundary, below the play threshold"
2_playing/slot_20260711_1000_camA_t000014_m.jpg,2_playing,C2_ACTIVE_PLAY,venue_01,day,motion,True,3,3,True,0.5,"only 3 inside the boundary, below the play threshold"
2_playing/slot_20260712_2030_camA_t000029.jpg,2_playing,C2_ACTIVE_PLAY,venue_01,night,regular,True,2,2,True,0.5,"only 2 inside the boundary, below the play threshold"
2_playing/slot_20260712_2030_camA_t000044.jpg,2_playing,C2_ACTIVE_PLAY,venue_01,night,regular,True,2,2,True,0.5,"only 2 inside the boundary, below the play threshold"
2_playing/slot_20260712_2030_camA_t000089.jpg,2_playing,C2_ACTIVE_PLAY,venue_01,night,regular,True,2,2,True,0.5,"only 2 inside the boundary, below the play threshold"
2_playing/slot_20260712_2030_camA_t000104.jpg,2_playing,C2_ACTIVE_PLAY,venue_01,night,regular,True,4,4,True,0.5,"only 4 inside the boundary, below the play threshold"
2_playing/slot_20260712_2030_camA_t000119.jpg,2_playing,C2_ACTIVE_PLAY,venue_01,night,regular,True,3,3,True,0.5,"only 3 inside the boundary, below the play threshold"
2_playing/slot_20260712_2030_camA_t000134.jpg,2_playing,C2_ACTIVE_PLAY,venue_01,night,regular,True,3,3,True,0.5,"only 3 inside the boundary, below the play threshold"
2_playing/slot_20260712_2030_camA_t000149.jpg,2_playing,C2_ACTIVE_PLAY,venue_01,night,regular,True,2,2,True,0.5,"only 2 inside the boundary, below the play threshold"
2_playing/slot_20260712_2030_camA_t000164.jpg,2_playing,C2_ACTIVE_PLAY,venue_01,night,regular,True,4,4,True,0.5,"only 4 inside the boundary, below the play threshold"
2_playing/slot_20260712_2030_camA_t000224.jpg,2_playing,C2_ACTIVE_PLAY,venue_01,night,regular,True,4,4,True,0.5,"only 4 inside the boundary, below the play threshold"
2_playing/slot_20260712_2030_camA_t000314.jpg,2_playing,C2_ACTIVE_PLAY,venue_01,night,regular,True,4,4,True,0.5,"only 4 inside the boundary, below the play threshold"
2_playing/slot_20260712_2030_camA_t000344.jpg,2_playing,C2_ACTIVE_PLAY,venue_01,night,regular,True,2,2,True,0.5,"only 2 inside the boundary, below the play threshold"
2_playing/slot_20260712_2030_camA_t000359.jpg,2_playing,C2_ACTIVE_PLAY,venue_01,night,regular,True,4,4,True,0.5,"only 4 inside the boundary, below the play threshold"
2_playing/slot_20260712_2030_camA_t000419.jpg,2_playing,C2_ACTIVE_PLAY,venue_01,night,regular,True,2,2,True,0.5,"only 2 inside the boundary, below the play threshold"
2_playing/slot_20260712_2030_camA_t000494.jpg,2_playing,C2_ACTIVE_PLAY,venue_01,night,regular,True,4,4,True,0.5,"only 4 inside the boundary, below the play threshold"
2_playing/slot_20260712_2030_camA_t000509.jpg,2_playing,C2_ACTIVE_PLAY,venue_01,night,regular,True,2,2,True,0.5,"only 2 inside the boundary, below the play threshold"
2_playing/slot_20260712_2030_camA_t000569.jpg,2_playing,C2_ACTIVE_PLAY,venue_01,night,regular,True,4,4,True,0.5,"only 4 inside the boundary, below the play threshold"
2_playing/slot_20260712_2030_camA_t000659.jpg,2_playing,C2_ACTIVE_PLAY,venue_01,night,regular,True,4,4,True,0.5,"only 4 inside the boundary, below the play threshold"
2_playing/slot_20260712_2030_camA_t000674.jpg,2_playing,C2_ACTIVE_PLAY,venue_01,night,regular,True,3,3,True,0.5,"only 3 inside the boundary, below the play threshold"
2_playing/slot_20260712_2030_camA_t000734.jpg,2_playing,C2_ACTIVE_PLAY,venue_01,night,regular,True,3,3,True,0.5,"only 3 inside the boundary, below the play threshold"
2_playing/slot_20260712_2030_camA_t000779.jpg,2_playing,C2_ACTIVE_PLAY,venue_01,night,regular,True,4,4,True,0.5,"only 4 inside the boundary, below the play threshold"
2_playing/slot_20260712_2030_camA_t000794.jpg,2_playing,C2_ACTIVE_PLAY,venue_01,night,regular,True,3,3,True,0.5,"only 3 inside the boundary, below the play threshold"
2_playing/slot_20260712_2030_camA_t000928.jpg,2_playing,C2_ACTIVE_PLAY,venue_01,night,regular,True,2,2,True,0.5,"only 2 inside the boundary, below the play threshold"
2_playing/slot_20260712_2030_camA_t000958.jpg,2_playing,C2_ACTIVE_PLAY,venue_01,night,regular,True,4,4,True,0.5,"only 4 inside the boundary, below the play threshold"
2_playing/slot_20260712_2030_camA_t000973.jpg,2_playing,C2_ACTIVE_PLAY,venue_01,night,regular,True,2,2,True,0.5,"only 2 inside the boundary, below the play threshold"
2_playing/slot_20260712_2030_camA_t000988.jpg,2_playing,C2_ACTIVE_PLAY,venue_01,night,regular,True,1,1,True,0.5,"only 1 inside the boundary, below the play threshold"
2_playing/slot_20260712_2030_camA_t001003.jpg,2_playing,C2_ACTIVE_PLAY,venue_01,night,regular,True,4,4,True,0.5,"only 4 inside the boundary, below the play threshold"
2_playing/slot_20260712_2030_camA_t001048.jpg,2_playing,C2_ACTIVE_PLAY,venue_01,night,regular,True,4,4,True,0.5,"only 4 inside the boundary, below the play threshold"
2_playing/slot_20260712_2030_camA_t001063.jpg,2_playing,C2_ACTIVE_PLAY,venue_01,night,regular,True,2,2,True,0.5,"only 2 inside the boundary, below the play threshold"
2_playing/slot_20260712_2030_camA_t001108.jpg,2_playing,C2_ACTIVE_PLAY,venue_01,night,regular,True,3,3,True,0.5,"only 3 inside the boundary, below the play threshold"
2_playing/slot_20260712_2030_camA_t001288.jpg,2_playing,C2_ACTIVE_PLAY,venue_01,night,regular,True,3,3,True,0.5,"only 3 inside the boundary, below the play threshold"
2_playing/slot_20260712_2030_camA_t001318.jpg,2_playing,C2_ACTIVE_PLAY,venue_01,night,regular,True,1,1,True,0.5,"only 1 inside the boundary, below the play threshold"
2_playing/slot_20260712_2030_camA_t001333.jpg,2_playing,C2_ACTIVE_PLAY,venue_01,night,regular,True,2,2,True,0.5,"only 2 inside the boundary, below the play threshold"
2_playing/slot_20260712_2030_camA_t001393.jpg,2_playing,C2_ACTIVE_PLAY,venue_01,night,regular,True,3,3,True,0.5,"only 3 inside the boundary, below the play threshold"
2_playing/slot_20260712_2030_camA_t001438.jpg,2_playing,C2_ACTIVE_PLAY,venue_01,night,regular,True,4,4,True,0.5,"only 4 inside the boundary, below the play threshold"
2_playing/slot_20260712_2030_camA_t001453.jpg,2_playing,C2_ACTIVE_PLAY,venue_01,night,regular,True,1,1,True,0.5,"only 1 inside the boundary, below the play threshold"
2_playing/slot_20260712_2030_camA_t001468.jpg,2_playing,C2_ACTIVE_PLAY,venue_01,night,regular,True,4,4,True,0.5,"only 4 inside the boundary, below the play threshold"
2_playing/slot_20260712_2030_camA_t001498.jpg,2_playing,C2_ACTIVE_PLAY,venue_01,night,regular,True,4,4,True,0.5,"only 4 inside the boundary, below the play threshold"
2_playing/slot_20260712_2030_camA_t001543.jpg,2_playing,C2_ACTIVE_PLAY,venue_01,night,regular,True,4,4,True,0.5,"only 4 inside the boundary, below the play threshold"
2_playing/slot_20260712_2030_camA_t001603.jpg,2_playing,C2_ACTIVE_PLAY,venue_01,night,regular,True,4,4,True,0.5,"only 4 inside the boundary, below the play threshold"
2_playing/slot_20260712_2030_camA_t001618.jpg,2_playing,C2_ACTIVE_PLAY,venue_01,night,regular,True,1,1,True,0.5,"only 1 inside the boundary, below the play threshold"
2_playing/slot_20260712_2030_camA_t001648.jpg,2_playing,C2_ACTIVE_PLAY,venue_01,night,regular,True,1,1,True,0.5,"only 1 inside the boundary, below the play threshold"
2_playing/slot_20260712_2030_camA_t001693.jpg,2_playing,C2_ACTIVE_PLAY,venue_01,night,regular,True,4,4,True,0.5,"only 4 inside the boundary, below the play threshold"
2_playing/slot_20260712_2030_camA_t001723.jpg,2_playing,C2_ACTIVE_PLAY,venue_01,night,regular,True,4,4,True,0.5,"only 4 inside the boundary, below the play threshold"
2_playing/slot_20260712_2030_camA_t001738.jpg,2_playing,C2_ACTIVE_PLAY,venue_01,night,regular,True,3,3,True,0.5,"only 3 inside the boundary, below the play threshold"
2_playing/slot_20260712_2030_camA_t001962.jpg,2_playing,C2_ACTIVE_PLAY,venue_01,night,regular,True,2,2,True,0.5,"only 2 inside the boundary, below the play threshold"
2_playing/slot_20260712_2030_camA_t001977.jpg,2_playing,C2_ACTIVE_PLAY,venue_01,night,regular,True,4,4,True,0.5,"only 4 inside the boundary, below the play threshold"
2_playing/slot_20260712_2030_camA_t001992.jpg,2_playing,C2_ACTIVE_PLAY,venue_01,night,regular,True,3,3,True,0.5,"only 3 inside the boundary, below the play threshold"
2_playing/slot_20260712_2030_camA_t002097.jpg,2_playing,C2_ACTIVE_PLAY,venue_01,night,regular,True,4,4,True,0.5,"only 4 inside the boundary, below the play threshold"
2_playing/slot_20260712_2030_camA_t002112.jpg,2_playing,C2_ACTIVE_PLAY,venue_01,night,regular,True,2,2,True,0.5,"only 2 inside the boundary, below the play threshold"
2_playing/slot_20260712_2030_camA_t002127.jpg,2_playing,C2_ACTIVE_PLAY,venue_01,night,regular,True,1,1,True,0.5,"only 1 inside the boundary, below the play threshold"
2_playing/slot_20260712_2030_camA_t002232.jpg,2_playing,C2_ACTIVE_PLAY,venue_01,night,regular,True,3,3,True,0.5,"only 3 inside the boundary, below the play threshold"
2_playing/slot_20260712_2030_camA_t002247.jpg,2_playing,C2_ACTIVE_PLAY,venue_01,night,regular,True,3,3,True,0.5,"only 3 inside the boundary, below the play threshold"
2_playing/slot_20260712_2030_camA_t002262.jpg,2_playing,C2_ACTIVE_PLAY,venue_01,night,regular,True,3,3,True,0.5,"only 3 inside the boundary, below the play threshold"
2_playing/slot_20260712_2030_camA_t002307.jpg,2_playing,C2_ACTIVE_PLAY,venue_01,night,regular,True,2,2,True,0.5,"only 2 inside the boundary, below the play threshold"
2_playing/slot_20260712_2030_camA_t002577.jpg,2_playing,C2_ACTIVE_PLAY,venue_01,night,regular,True,2,2,True,0.5,"only 2 inside the boundary, below the play threshold"
2_playing/slot_20260712_2030_camA_t002592.jpg,2_playing,C2_ACTIVE_PLAY,venue_01,night,regular,True,3,3,True,0.5,"only 3 inside the boundary, below the play threshold"
2_playing/slot_20260712_2030_camA_t002667.jpg,2_playing,C2_ACTIVE_PLAY,venue_01,night,regular,True,2,2,True,0.5,"only 2 inside the boundary, below the play threshold"
2_playing/slot_20260712_2030_camA_t002682.jpg,2_playing,C2_ACTIVE_PLAY,venue_01,night,regular,True,4,4,True,0.5,"only 4 inside the boundary, below the play threshold"
2_playing/slot_20260712_2030_camA_t002712.jpg,2_playing,C2_ACTIVE_PLAY,venue_01,night,regular,True,4,4,True,0.5,"only 4 inside the boundary, below the play threshold"
2_playing/slot_20260712_2030_camA_t002786.jpg,2_playing,C2_ACTIVE_PLAY,venue_01,night,regular,True,4,4,True,0.5,"only 4 inside the boundary, below the play threshold"
2_playing/slot_20260712_2030_camA_t002846.jpg,2_playing,C2_ACTIVE_PLAY,venue_01,night,regular,True,3,3,True,0.5,"only 3 inside the boundary, below the play threshold"
2_playing/slot_20260712_2030_camA_t002906.jpg,2_playing,C2_ACTIVE_PLAY,venue_01,night,regular,True,3,4,True,0.5,"only 3 inside the boundary, below the play threshold"
2_playing/slot_20260712_2030_camA_t002936.jpg,2_playing,C2_ACTIVE_PLAY,venue_01,night,regular,True,3,3,True,0.5,"only 3 inside the boundary, below the play threshold"
2_playing/slot_20260712_2030_camA_t002951.jpg,2_playing,C2_ACTIVE_PLAY,venue_01,night,regular,True,3,3,True,0.5,"only 3 inside the boundary, below the play threshold"
2_playing/slot_20260712_2030_camA_t002996.jpg,2_playing,C2_ACTIVE_PLAY,venue_01,night,regular,True,3,3,True,0.5,"only 3 inside the boundary, below the play threshold"
2_playing/slot_20260712_2030_camA_t003131.jpg,2_playing,C2_ACTIVE_PLAY,venue_01,night,regular,True,4,5,True,0.5,"only 4 inside the boundary, below the play threshold"
2_playing/slot_20260712_2030_camA_t003146.jpg,2_playing,C2_ACTIVE_PLAY,venue_01,night,regular,True,2,2,True,0.5,"only 2 inside the boundary, below the play threshold"
2_playing/slot_20260712_2030_camA_t003161.jpg,2_playing,C2_ACTIVE_PLAY,venue_01,night,regular,True,3,3,True,0.5,"only 3 inside the boundary, below the play threshold"
2_playing/slot_20260712_2030_camA_t003206.jpg,2_playing,C2_ACTIVE_PLAY,venue_01,night,regular,True,3,3,True,0.5,"only 3 inside the boundary, below the play threshold"
2_playing/slot_20260712_2030_camA_t003251.jpg,2_playing,C2_ACTIVE_PLAY,venue_01,night,regular,True,4,5,True,0.5,"only 4 inside the boundary, below the play threshold"
2_playing/slot_20260712_2030_camA_t003266.jpg,2_playing,C2_ACTIVE_PLAY,venue_01,night,regular,True,1,1,True,0.5,"only 1 inside the boundary, below the play threshold"
2_playing/slot_20260712_2030_camA_t003311.jpg,2_playing,C2_ACTIVE_PLAY,venue_01,night,regular,True,3,3,True,0.5,"only 3 inside the boundary, below the play threshold"
2_playing/slot_20260712_2030_camA_t003326.jpg,2_playing,C2_ACTIVE_PLAY,venue_01,night,regular,True,1,1,True,0.5,"only 1 inside the boundary, below the play threshold"
2_playing/slot_20260712_2030_camA_t003341.jpg,2_playing,C2_ACTIVE_PLAY,venue_01,night,regular,True,1,1,True,0.5,"only 1 inside the boundary, below the play threshold"
2_playing/slot_20260712_2030_camA_t003356.jpg,2_playing,C2_ACTIVE_PLAY,venue_01,night,regular,True,4,4,True,0.5,"only 4 inside the boundary, below the play threshold"
2_playing/slot_20260712_2030_camA_t003491.jpg,2_playing,C2_ACTIVE_PLAY,venue_01,night,regular,True,4,4,True,0.5,"only 4 inside the boundary, below the play threshold"
2_playing/slot_20260712_2030_camA_t003506.jpg,2_playing,C2_ACTIVE_PLAY,venue_01,night,regular,True,4,4,True,0.5,"only 4 inside the boundary, below the play threshold"
2_playing/slot_20260712_2030_camA_t003521.jpg,2_playing,C2_ACTIVE_PLAY,venue_01,night,regular,True,4,4,True,0.5,"only 4 inside the boundary, below the play threshold"
2_playing/slot_20260712_2030_camA_t003551.jpg,2_playing,C2_ACTIVE_PLAY,venue_01,night,regular,True,3,3,True,0.5,"only 3 inside the boundary, below the play threshold"
2_playing/slot_20260712_2030_camA_t003566.jpg,2_playing,C2_ACTIVE_PLAY,venue_01,night,regular,True,3,3,True,0.5,"only 3 inside the boundary, below the play threshold"
2_playing/slot_20260712_2030_camA_t003581.jpg,2_playing,C2_ACTIVE_PLAY,venue_01,night,regular,True,4,5,True,0.5,"only 4 inside the boundary, below the play threshold"
2_playing/slot_20260712_2030_camB_t000194.jpg,2_playing,C2_ACTIVE_PLAY,venue_01,night,regular,True,2,8,False,0.5,"only 2 inside the boundary, below the play threshold"
2_playing/slot_20260712_2030_camB_t000209.jpg,2_playing,C2_ACTIVE_PLAY,venue_01,night,regular,True,2,11,False,0.5,"only 2 inside the boundary, below the play threshold"
2_playing/slot_20260712_2030_camB_t000299.jpg,2_playing,C2_ACTIVE_PLAY,venue_01,night,regular,True,4,10,False,0.5,"only 4 inside the boundary, below the play threshold"
2_playing/slot_20260712_2030_camB_t000329.jpg,2_playing,C2_ACTIVE_PLAY,venue_01,night,regular,True,4,9,False,0.5,"only 4 inside the boundary, below the play threshold"
2_playing/slot_20260712_2030_camB_t000389.jpg,2_playing,C2_ACTIVE_PLAY,venue_01,night,regular,True,4,13,False,0.5,"only 4 inside the boundary, below the play threshold"
2_playing/slot_20260712_2030_camB_t000464.jpg,2_playing,C2_ACTIVE_PLAY,venue_01,night,regular,True,2,5,False,0.5,"only 2 inside the boundary, below the play threshold"
2_playing/slot_20260712_2030_camB_t000479.jpg,2_playing,C2_ACTIVE_PLAY,venue_01,night,regular,True,4,11,False,0.5,"only 4 inside the boundary, below the play threshold"
2_playing/slot_20260712_2030_camB_t000539.jpg,2_playing,C2_ACTIVE_PLAY,venue_01,night,regular,True,3,8,False,0.5,"only 3 inside the boundary, below the play threshold"
2_playing/slot_20260712_2030_camB_t000539_m.jpg,2_playing,C2_ACTIVE_PLAY,venue_01,night,motion,True,4,10,False,0.5,"only 4 inside the boundary, below the play threshold"
2_playing/slot_20260712_2030_camB_t000614.jpg,2_playing,C2_ACTIVE_PLAY,venue_01,night,regular,True,3,9,False,0.5,"only 3 inside the boundary, below the play threshold"
2_playing/slot_20260712_2030_camB_t000621_m.jpg,2_playing,C2_ACTIVE_PLAY,venue_01,night,motion,True,4,11,False,0.5,"only 4 inside the boundary, below the play threshold"
2_playing/slot_20260712_2030_camB_t000719.jpg,2_playing,C2_ACTIVE_PLAY,venue_01,night,regular,True,4,14,False,0.5,"only 4 inside the boundary, below the play threshold"
2_playing/slot_20260712_2030_camB_t000749.jpg,2_playing,C2_ACTIVE_PLAY,venue_01,night,regular,True,4,11,False,0.5,"only 4 inside the boundary, below the play threshold"
2_playing/slot_20260712_2030_camB_t000764.jpg,2_playing,C2_ACTIVE_PLAY,venue_01,night,regular,True,1,5,False,0.5,"only 1 inside the boundary, below the play threshold"
2_playing/slot_20260712_2030_camB_t000860_m.jpg,2_playing,C2_ACTIVE_PLAY,venue_01,night,motion,True,4,7,False,0.5,"only 4 inside the boundary, below the play threshold"
2_playing/slot_20260712_2030_camB_t001169.jpg,2_playing,C2_ACTIVE_PLAY,venue_01,night,regular,True,4,11,False,0.5,"only 4 inside the boundary, below the play threshold"
2_playing/slot_20260712_2030_camB_t001264_m.jpg,2_playing,C2_ACTIVE_PLAY,venue_01,night,motion,True,3,7,False,0.5,"only 3 inside the boundary, below the play threshold"
2_playing/slot_20260712_2030_camB_t001274.jpg,2_playing,C2_ACTIVE_PLAY,venue_01,night,regular,True,3,7,False,0.5,"only 3 inside the boundary, below the play threshold"
2_playing/slot_20260712_2030_camB_t001363.jpg,2_playing,C2_ACTIVE_PLAY,venue_01,night,regular,True,2,7,False,0.5,"only 2 inside the boundary, below the play threshold"
2_playing/slot_20260712_2030_camB_t001408.jpg,2_playing,C2_ACTIVE_PLAY,venue_01,night,regular,True,4,12,False,0.5,"only 4 inside the boundary, below the play threshold"
2_playing/slot_20260712_2030_camB_t001419_m.jpg,2_playing,C2_ACTIVE_PLAY,venue_01,night,motion,True,3,9,True,0.5,"only 3 inside the boundary, below the play threshold"
2_playing/slot_20260712_2030_camB_t001423.jpg,2_playing,C2_ACTIVE_PLAY,venue_01,night,regular,True,3,8,False,0.5,"only 3 inside the boundary, below the play threshold"
2_playing/slot_20260712_2030_camB_t001438.jpg,2_playing,C2_ACTIVE_PLAY,venue_01,night,regular,True,4,10,False,0.5,"only 4 inside the boundary, below the play threshold"
2_playing/slot_20260712_2030_camB_t001513.jpg,2_playing,C2_ACTIVE_PLAY,venue_01,night,regular,True,4,6,False,0.5,"only 4 inside the boundary, below the play threshold"
2_playing/slot_20260712_2030_camB_t001523_m.jpg,2_playing,C2_ACTIVE_PLAY,venue_01,night,motion,True,4,6,False,0.5,"only 4 inside the boundary, below the play threshold"
2_playing/slot_20260712_2030_camB_t001708.jpg,2_playing,C2_ACTIVE_PLAY,venue_01,night,regular,True,3,6,False,0.5,"only 3 inside the boundary, below the play threshold"
2_playing/slot_20260712_2030_camB_t001783.jpg,2_playing,C2_ACTIVE_PLAY,venue_01,night,regular,True,4,13,False,0.5,"only 4 inside the boundary, below the play threshold"
2_playing/slot_20260712_2030_camB_t001798.jpg,2_playing,C2_ACTIVE_PLAY,venue_01,night,regular,True,1,10,False,0.5,"only 1 inside the boundary, below the play threshold"
2_playing/slot_20260712_2030_camB_t001806_m.jpg,2_playing,C2_ACTIVE_PLAY,venue_01,night,motion,True,4,13,True,0.5,"only 4 inside the boundary, below the play threshold"
2_playing/slot_20260712_2030_camB_t001903.jpg,2_playing,C2_ACTIVE_PLAY,venue_01,night,regular,True,3,10,False,0.5,"only 3 inside the boundary, below the play threshold"
2_playing/slot_20260712_2030_camB_t001918.jpg,2_playing,C2_ACTIVE_PLAY,venue_01,night,regular,True,3,9,False,0.5,"only 3 inside the boundary, below the play threshold"
2_playing/slot_20260712_2030_camB_t002038.jpg,2_playing,C2_ACTIVE_PLAY,venue_01,night,regular,True,4,11,False,0.5,"only 4 inside the boundary, below the play threshold"
2_playing/slot_20260712_2030_camB_t002053.jpg,2_playing,C2_ACTIVE_PLAY,venue_01,night,regular,True,1,7,False,0.5,"only 1 inside the boundary, below the play threshold"
2_playing/slot_20260712_2030_camB_t002173.jpg,2_playing,C2_ACTIVE_PLAY,venue_01,night,regular,True,2,7,False,0.5,"only 2 inside the boundary, below the play threshold"
2_playing/slot_20260712_2030_camB_t002188.jpg,2_playing,C2_ACTIVE_PLAY,venue_01,night,regular,True,4,7,False,0.5,"only 4 inside the boundary, below the play threshold"
2_playing/slot_20260712_2030_camB_t002203.jpg,2_playing,C2_ACTIVE_PLAY,venue_01,night,regular,True,3,8,False,0.5,"only 3 inside the boundary, below the play threshold"
2_playing/slot_20260712_2030_camB_t002353.jpg,2_playing,C2_ACTIVE_PLAY,venue_01,night,regular,True,1,6,False,0.5,"only 1 inside the boundary, below the play threshold"
2_playing/slot_20260712_2030_camB_t002428.jpg,2_playing,C2_ACTIVE_PLAY,venue_01,night,regular,True,4,11,False,0.5,"only 4 inside the boundary, below the play threshold"
2_playing/slot_20260712_2030_camB_t002563.jpg,2_playing,C2_ACTIVE_PLAY,venue_01,night,regular,True,4,7,False,0.5,"only 4 inside the boundary, below the play threshold"
2_playing/slot_20260712_2030_camB_t002713.jpg,2_playing,C2_ACTIVE_PLAY,venue_01,night,regular,True,4,11,False,0.5,"only 4 inside the boundary, below the play threshold"
2_playing/slot_20260712_2030_camB_t002817.jpg,2_playing,C2_ACTIVE_PLAY,venue_01,night,regular,True,4,13,False,0.5,"only 4 inside the boundary, below the play threshold"
2_playing/slot_20260712_2030_camB_t002832.jpg,2_playing,C2_ACTIVE_PLAY,venue_01,night,regular,True,2,9,False,0.5,"only 2 inside the boundary, below the play threshold"
2_playing/slot_20260712_2030_camB_t003042.jpg,2_playing,C2_ACTIVE_PLAY,venue_01,night,regular,True,1,9,False,0.5,"only 1 inside the boundary, below the play threshold"
2_playing/slot_20260712_2030_camB_t003312.jpg,2_playing,C2_ACTIVE_PLAY,venue_01,night,regular,True,3,6,False,0.5,"only 3 inside the boundary, below the play threshold"
2_playing/slot_20260712_2030_camB_t003402.jpg,2_playing,C2_ACTIVE_PLAY,venue_01,night,regular,True,3,9,False,0.5,"only 3 inside the boundary, below the play threshold"
1_empty/slot_20260711_1000_camA_t000029.jpg,1_empty,C1_EMPTY,venue_01,day,regular,True,0,3,True,0.0,0 person(s) found in a frame labelled EMPTY
1_empty/slot_20260711_1000_camA_t000044.jpg,1_empty,C1_EMPTY,venue_01,day,regular,True,0,5,True,0.0,0 person(s) found in a frame labelled EMPTY
1_empty/slot_20260711_1000_camA_t000059.jpg,1_empty,C1_EMPTY,venue_01,day,regular,True,0,3,True,0.0,0 person(s) found in a frame labelled EMPTY
1_empty/slot_20260711_1000_camA_t000074.jpg,1_empty,C1_EMPTY,venue_01,day,regular,True,0,3,True,0.0,0 person(s) found in a frame labelled EMPTY
1_empty/slot_20260711_1000_camA_t000086_m.jpg,1_empty,C1_EMPTY,venue_01,day,motion,True,0,3,True,0.0,0 person(s) found in a frame labelled EMPTY
1_empty/slot_20260711_1000_camA_t000089.jpg,1_empty,C1_EMPTY,venue_01,day,regular,True,0,4,True,0.0,0 person(s) found in a frame labelled EMPTY
1_empty/slot_20260711_1000_camA_t000104.jpg,1_empty,C1_EMPTY,venue_01,day,regular,True,0,3,True,0.0,0 person(s) found in a frame labelled EMPTY
1_empty/slot_20260711_1000_camA_t000119.jpg,1_empty,C1_EMPTY,venue_01,day,regular,True,0,1,True,0.0,0 person(s) found in a frame labelled EMPTY
1_empty/slot_20260711_1000_camA_t000134.jpg,1_empty,C1_EMPTY,venue_01,day,regular,True,0,2,True,0.0,0 person(s) found in a frame labelled EMPTY
1_empty/slot_20260711_1000_camA_t000149.jpg,1_empty,C1_EMPTY,venue_01,day,regular,True,0,1,True,0.0,0 person(s) found in a frame labelled EMPTY
1_empty/slot_20260711_1000_camA_t000164.jpg,1_empty,C1_EMPTY,venue_01,day,regular,True,0,2,True,0.0,0 person(s) found in a frame labelled EMPTY
1_empty/slot_20260711_1000_camA_t000179.jpg,1_empty,C1_EMPTY,venue_01,day,regular,True,0,2,True,0.0,0 person(s) found in a frame labelled EMPTY
1_empty/slot_20260711_1000_camA_t000194.jpg,1_empty,C1_EMPTY,venue_01,day,regular,True,0,3,True,0.0,0 person(s) found in a frame labelled EMPTY
1_empty/slot_20260711_1000_camA_t000209.jpg,1_empty,C1_EMPTY,venue_01,day,regular,True,0,3,True,0.0,0 person(s) found in a frame labelled EMPTY
1_empty/slot_20260711_1000_camA_t000254.jpg,1_empty,C1_EMPTY,venue_01,day,regular,True,0,1,True,0.0,0 person(s) found in a frame labelled EMPTY
1_empty/slot_20260711_1000_camA_t000284.jpg,1_empty,C1_EMPTY,venue_01,day,regular,True,0,1,False,0.0,0 person(s) found in a frame labelled EMPTY
1_empty/slot_20260711_1000_camA_t000299.jpg,1_empty,C1_EMPTY,venue_01,day,regular,True,0,1,False,0.0,0 person(s) found in a frame labelled EMPTY
1_empty/slot_20260711_1000_camA_t000314.jpg,1_empty,C1_EMPTY,venue_01,day,regular,True,0,2,False,0.0,0 person(s) found in a frame labelled EMPTY
1_empty/slot_20260711_1000_camA_t000322_m.jpg,1_empty,C1_EMPTY,venue_01,day,motion,True,0,2,False,0.0,0 person(s) found in a frame labelled EMPTY
1_empty/slot_20260711_1000_camA_t000329.jpg,1_empty,C1_EMPTY,venue_01,day,regular,True,0,1,False,0.0,0 person(s) found in a frame labelled EMPTY
1_empty/slot_20260711_1000_camA_t000344.jpg,1_empty,C1_EMPTY,venue_01,day,regular,True,0,1,False,0.0,0 person(s) found in a frame labelled EMPTY
1_empty/slot_20260711_1000_camA_t000359.jpg,1_empty,C1_EMPTY,venue_01,day,regular,True,0,3,False,0.0,0 person(s) found in a frame labelled EMPTY
1_empty/slot_20260711_1000_camA_t000374.jpg,1_empty,C1_EMPTY,venue_01,day,regular,True,0,1,False,0.0,0 person(s) found in a frame labelled EMPTY
1_empty/slot_20260711_1000_camA_t000389.jpg,1_empty,C1_EMPTY,venue_01,day,regular,True,0,2,False,0.0,0 person(s) found in a frame labelled EMPTY
1_empty/slot_20260711_1000_camA_t000404.jpg,1_empty,C1_EMPTY,venue_01,day,regular,True,0,2,False,0.0,0 person(s) found in a frame labelled EMPTY
1_empty/slot_20260711_1000_camA_t000419.jpg,1_empty,C1_EMPTY,venue_01,day,regular,True,0,3,False,0.0,0 person(s) found in a frame labelled EMPTY
1_empty/slot_20260711_1000_camA_t000434.jpg,1_empty,C1_EMPTY,venue_01,day,regular,True,0,1,False,0.0,0 person(s) found in a frame labelled EMPTY
1_empty/slot_20260711_1000_camA_t000449.jpg,1_empty,C1_EMPTY,venue_01,day,regular,True,0,1,False,0.0,0 person(s) found in a frame labelled EMPTY
1_empty/slot_20260711_1000_camA_t000479.jpg,1_empty,C1_EMPTY,venue_01,day,regular,True,0,2,False,0.0,0 person(s) found in a frame labelled EMPTY
1_empty/slot_20260711_1000_camA_t000524.jpg,1_empty,C1_EMPTY,venue_01,day,regular,True,0,1,False,0.0,0 person(s) found in a frame labelled EMPTY
1_empty/slot_20260711_1000_camA_t000539.jpg,1_empty,C1_EMPTY,venue_01,day,regular,True,0,1,False,0.0,0 person(s) found in a frame labelled EMPTY
1_empty/slot_20260711_1000_camA_t000554.jpg,1_empty,C1_EMPTY,venue_01,day,regular,True,0,1,False,0.0,0 person(s) found in a frame labelled EMPTY
1_empty/slot_20260711_1000_camA_t000569.jpg,1_empty,C1_EMPTY,venue_01,day,regular,True,0,2,False,0.0,0 person(s) found in a frame labelled EMPTY
1_empty/slot_20260711_1000_camA_t000584.jpg,1_empty,C1_EMPTY,venue_01,day,regular,True,0,2,False,0.0,0 person(s) found in a frame labelled EMPTY
1_empty/slot_20260711_1000_camA_t000599.jpg,1_empty,C1_EMPTY,venue_01,day,regular,True,0,0,False,0.0,0 person(s) found in a frame labelled EMPTY
1_empty/slot_20260711_1000_camA_t000614.jpg,1_empty,C1_EMPTY,venue_01,day,regular,True,0,0,False,0.0,0 person(s) found in a frame labelled EMPTY
1_empty/slot_20260711_1000_camA_t000629.jpg,1_empty,C1_EMPTY,venue_01,day,regular,True,0,0,False,0.0,0 person(s) found in a frame labelled EMPTY
1_empty/slot_20260711_1000_camA_t000644.jpg,1_empty,C1_EMPTY,venue_01,day,regular,True,0,0,False,0.0,0 person(s) found in a frame labelled EMPTY
1_empty/slot_20260711_1000_camA_t000659.jpg,1_empty,C1_EMPTY,venue_01,day,regular,True,0,0,False,0.0,0 person(s) found in a frame labelled EMPTY
1_empty/slot_20260711_1000_camA_t000674.jpg,1_empty,C1_EMPTY,venue_01,day,regular,True,0,0,False,0.0,0 person(s) found in a frame labelled EMPTY
1_empty/slot_20260711_1000_camA_t000689.jpg,1_empty,C1_EMPTY,venue_01,day,regular,True,0,0,False,0.0,0 person(s) found in a frame labelled EMPTY
1_empty/slot_20260711_1000_camA_t000704.jpg,1_empty,C1_EMPTY,venue_01,day,regular,True,0,0,False,0.0,0 person(s) found in a frame labelled EMPTY
1_empty/slot_20260711_1000_camA_t000719.jpg,1_empty,C1_EMPTY,venue_01,day,regular,True,0,0,False,0.0,0 person(s) found in a frame labelled EMPTY
1_empty/slot_20260711_1000_camA_t000734.jpg,1_empty,C1_EMPTY,venue_01,day,regular,True,0,0,False,0.0,0 person(s) found in a frame labelled EMPTY
1_empty/slot_20260711_1000_camA_t000749.jpg,1_empty,C1_EMPTY,venue_01,day,regular,True,0,0,False,0.0,0 person(s) found in a frame labelled EMPTY
1_empty/slot_20260711_1000_camA_t000764.jpg,1_empty,C1_EMPTY,venue_01,day,regular,True,0,0,False,0.0,0 person(s) found in a frame labelled EMPTY
1_empty/slot_20260711_1000_camA_t000779.jpg,1_empty,C1_EMPTY,venue_01,day,regular,True,0,0,False,0.0,0 person(s) found in a frame labelled EMPTY
1_empty/slot_20260711_1000_camA_t000794.jpg,1_empty,C1_EMPTY,venue_01,day,regular,True,0,0,False,0.0,0 person(s) found in a frame labelled EMPTY
1_empty/slot_20260711_1000_camA_t000809.jpg,1_empty,C1_EMPTY,venue_01,day,regular,True,0,0,False,0.0,0 person(s) found in a frame labelled EMPTY
1_empty/slot_20260711_1000_camA_t000824.jpg,1_empty,C1_EMPTY,venue_01,day,regular,True,0,0,False,0.0,0 person(s) found in a frame labelled EMPTY
1_empty/slot_20260711_1000_camA_t000839.jpg,1_empty,C1_EMPTY,venue_01,day,regular,True,0,0,False,0.0,0 person(s) found in a frame labelled EMPTY
1_empty/slot_20260711_1000_camA_t000854.jpg,1_empty,C1_EMPTY,venue_01,day,regular,True,0,0,False,0.0,0 person(s) found in a frame labelled EMPTY
1_empty/slot_20260711_1000_camA_t000865_m.jpg,1_empty,C1_EMPTY,venue_01,day,motion,True,0,0,False,0.0,0 person(s) found in a frame labelled EMPTY
1_empty/slot_20260711_1000_camA_t000869.jpg,1_empty,C1_EMPTY,venue_01,day,regular,True,0,0,False,0.0,0 person(s) found in a frame labelled EMPTY
1_empty/slot_20260711_1000_camA_t000884.jpg,1_empty,C1_EMPTY,venue_01,day,regular,True,0,0,False,0.0,0 person(s) found in a frame labelled EMPTY
1_empty/slot_20260711_1000_camA_t000899.jpg,1_empty,C1_EMPTY,venue_01,day,regular,True,0,0,False,0.0,0 person(s) found in a frame labelled EMPTY
1_empty/slot_20260711_1000_camA_t000914.jpg,1_empty,C1_EMPTY,venue_01,day,regular,True,0,0,False,0.0,0 person(s) found in a frame labelled EMPTY
1_empty/slot_20260711_1000_camA_t000929.jpg,1_empty,C1_EMPTY,venue_01,day,regular,True,0,0,False,0.0,0 person(s) found in a frame labelled EMPTY
1_empty/slot_20260711_1000_camA_t000944.jpg,1_empty,C1_EMPTY,venue_01,day,regular,True,0,0,False,0.0,0 person(s) found in a frame labelled EMPTY
1_empty/slot_20260711_1000_camA_t000959.jpg,1_empty,C1_EMPTY,venue_01,day,regular,True,0,0,False,0.0,0 person(s) found in a frame labelled EMPTY
1_empty/slot_20260711_1000_camA_t000974.jpg,1_empty,C1_EMPTY,venue_01,day,regular,True,0,0,False,0.0,0 person(s) found in a frame labelled EMPTY
1_empty/slot_20260711_1000_camA_t000989.jpg,1_empty,C1_EMPTY,venue_01,day,regular,True,0,0,False,0.0,0 person(s) found in a frame labelled EMPTY
1_empty/slot_20260711_1000_camA_t001003.jpg,1_empty,C1_EMPTY,venue_01,day,regular,True,0,0,False,0.0,0 person(s) found in a frame labelled EMPTY
1_empty/slot_20260711_1000_camA_t001018.jpg,1_empty,C1_EMPTY,venue_01,day,regular,True,0,0,False,0.0,0 person(s) found in a frame labelled EMPTY
1_empty/slot_20260711_1000_camA_t001033.jpg,1_empty,C1_EMPTY,venue_01,day,regular,True,0,0,False,0.0,0 person(s) found in a frame labelled EMPTY
1_empty/slot_20260711_1000_camA_t001040_m.jpg,1_empty,C1_EMPTY,venue_01,day,motion,True,0,0,False,0.0,0 person(s) found in a frame labelled EMPTY
1_empty/slot_20260711_1000_camA_t001048.jpg,1_empty,C1_EMPTY,venue_01,day,regular,True,0,0,False,0.0,0 person(s) found in a frame labelled EMPTY
1_empty/slot_20260711_1000_camA_t001054_m.jpg,1_empty,C1_EMPTY,venue_01,day,motion,True,0,0,False,0.0,0 person(s) found in a frame labelled EMPTY
1_empty/slot_20260711_1000_camA_t001063.jpg,1_empty,C1_EMPTY,venue_01,day,regular,True,0,0,False,0.0,0 person(s) found in a frame labelled EMPTY
1_empty/slot_20260711_1000_camA_t001078.jpg,1_empty,C1_EMPTY,venue_01,day,regular,True,0,0,False,0.0,0 person(s) found in a frame labelled EMPTY
1_empty/slot_20260711_1000_camA_t001093.jpg,1_empty,C1_EMPTY,venue_01,day,regular,True,0,0,False,0.0,0 person(s) found in a frame labelled EMPTY
1_empty/slot_20260711_1000_camA_t001108.jpg,1_empty,C1_EMPTY,venue_01,day,regular,True,0,0,False,0.0,0 person(s) found in a frame labelled EMPTY
1_empty/slot_20260711_1000_camA_t001123.jpg,1_empty,C1_EMPTY,venue_01,day,regular,True,0,0,False,0.0,0 person(s) found in a frame labelled EMPTY
1_empty/slot_20260711_1000_camA_t001138.jpg,1_empty,C1_EMPTY,venue_01,day,regular,True,0,0,False,0.0,0 person(s) found in a frame labelled EMPTY
1_empty/slot_20260711_1000_camA_t001153.jpg,1_empty,C1_EMPTY,venue_01,day,regular,True,0,0,False,0.0,0 person(s) found in a frame labelled EMPTY
1_empty/slot_20260711_1000_camA_t001168.jpg,1_empty,C1_EMPTY,venue_01,day,regular,True,0,0,False,0.0,0 person(s) found in a frame labelled EMPTY
1_empty/slot_20260711_1000_camA_t001183.jpg,1_empty,C1_EMPTY,venue_01,day,regular,True,0,0,False,0.0,0 person(s) found in a frame labelled EMPTY
1_empty/slot_20260711_1000_camA_t001198.jpg,1_empty,C1_EMPTY,venue_01,day,regular,True,0,0,False,0.0,0 person(s) found in a frame labelled EMPTY
1_empty/slot_20260711_1000_camA_t001213.jpg,1_empty,C1_EMPTY,venue_01,day,regular,True,0,0,False,0.0,0 person(s) found in a frame labelled EMPTY
1_empty/slot_20260711_1000_camA_t001228.jpg,1_empty,C1_EMPTY,venue_01,day,regular,True,0,0,False,0.0,0 person(s) found in a frame labelled EMPTY
1_empty/slot_20260711_1000_camA_t001243.jpg,1_empty,C1_EMPTY,venue_01,day,regular,True,0,0,False,0.0,0 person(s) found in a frame labelled EMPTY
1_empty/slot_20260711_1000_camA_t001258.jpg,1_empty,C1_EMPTY,venue_01,day,regular,True,0,0,False,0.0,0 person(s) found in a frame labelled EMPTY
1_empty/slot_20260711_1000_camA_t001273.jpg,1_empty,C1_EMPTY,venue_01,day,regular,True,0,0,False,0.0,0 person(s) found in a frame labelled EMPTY
1_empty/slot_20260711_1000_camA_t001288.jpg,1_empty,C1_EMPTY,venue_01,day,regular,True,0,0,False,0.0,0 person(s) found in a frame labelled EMPTY
1_empty/slot_20260711_1000_camA_t001303.jpg,1_empty,C1_EMPTY,venue_01,day,regular,True,0,0,False,0.0,0 person(s) found in a frame labelled EMPTY
1_empty/slot_20260711_1000_camA_t001318.jpg,1_empty,C1_EMPTY,venue_01,day,regular,True,0,0,False,0.0,0 person(s) found in a frame labelled EMPTY
1_empty/slot_20260711_1000_camA_t001333.jpg,1_empty,C1_EMPTY,venue_01,day,regular,True,0,0,False,0.0,0 person(s) found in a frame labelled EMPTY
1_empty/slot_20260711_1000_camA_t001348.jpg,1_empty,C1_EMPTY,venue_01,day,regular,True,0,0,False,0.0,0 person(s) found in a frame labelled EMPTY
1_empty/slot_20260711_1000_camA_t001357_m.jpg,1_empty,C1_EMPTY,venue_01,day,motion,True,0,0,False,0.0,0 person(s) found in a frame labelled EMPTY
1_empty/slot_20260711_1000_camA_t001363.jpg,1_empty,C1_EMPTY,venue_01,day,regular,True,0,0,False,0.0,0 person(s) found in a frame labelled EMPTY
1_empty/slot_20260711_1000_camA_t001378.jpg,1_empty,C1_EMPTY,venue_01,day,regular,True,0,0,False,0.0,0 person(s) found in a frame labelled EMPTY
1_empty/slot_20260711_1000_camA_t001389_m.jpg,1_empty,C1_EMPTY,venue_01,day,motion,True,0,0,False,0.0,0 person(s) found in a frame labelled EMPTY
1_empty/slot_20260711_1000_camA_t001393.jpg,1_empty,C1_EMPTY,venue_01,day,regular,True,0,0,False,0.0,0 person(s) found in a frame labelled EMPTY
1_empty/slot_20260711_1000_camA_t001408.jpg,1_empty,C1_EMPTY,venue_01,day,regular,True,0,0,False,0.0,0 person(s) found in a frame labelled EMPTY
1_empty/slot_20260711_1000_camA_t001423.jpg,1_empty,C1_EMPTY,venue_01,day,regular,True,0,0,False,0.0,0 person(s) found in a frame labelled EMPTY
1_empty/slot_20260711_1000_camA_t001438.jpg,1_empty,C1_EMPTY,venue_01,day,regular,True,0,0,False,0.0,0 person(s) found in a frame labelled EMPTY
1_empty/slot_20260711_1000_camA_t001453.jpg,1_empty,C1_EMPTY,venue_01,day,regular,True,0,0,False,0.0,0 person(s) found in a frame labelled EMPTY
1_empty/slot_20260711_1000_camA_t001468.jpg,1_empty,C1_EMPTY,venue_01,day,regular,True,0,0,False,0.0,0 person(s) found in a frame labelled EMPTY
1_empty/slot_20260711_1000_camA_t001483.jpg,1_empty,C1_EMPTY,venue_01,day,regular,True,0,0,False,0.0,0 person(s) found in a frame labelled EMPTY
1_empty/slot_20260711_1000_camA_t001498.jpg,1_empty,C1_EMPTY,venue_01,day,regular,True,0,0,False,0.0,0 person(s) found in a frame labelled EMPTY
1_empty/slot_20260711_1000_camA_t001504_m.jpg,1_empty,C1_EMPTY,venue_01,day,motion,True,0,0,False,0.0,0 person(s) found in a frame labelled EMPTY
1_empty/slot_20260711_1000_camA_t001510_m.jpg,1_empty,C1_EMPTY,venue_01,day,motion,True,0,0,False,0.0,0 person(s) found in a frame labelled EMPTY
1_empty/slot_20260711_1000_camA_t001513.jpg,1_empty,C1_EMPTY,venue_01,day,regular,True,0,0,False,0.0,0 person(s) found in a frame labelled EMPTY
1_empty/slot_20260711_1000_camA_t001528.jpg,1_empty,C1_EMPTY,venue_01,day,regular,True,0,0,False,0.0,0 person(s) found in a frame labelled EMPTY
1_empty/slot_20260711_1000_camA_t001543.jpg,1_empty,C1_EMPTY,venue_01,day,regular,True,0,0,False,0.0,0 person(s) found in a frame labelled EMPTY
1_empty/slot_20260711_1000_camA_t001558.jpg,1_empty,C1_EMPTY,venue_01,day,regular,True,0,0,False,0.0,0 person(s) found in a frame labelled EMPTY
1_empty/slot_20260711_1000_camA_t001573.jpg,1_empty,C1_EMPTY,venue_01,day,regular,True,0,0,False,0.0,0 person(s) found in a frame labelled EMPTY
1_empty/slot_20260711_1000_camA_t001588.jpg,1_empty,C1_EMPTY,venue_01,day,regular,True,0,0,False,0.0,0 person(s) found in a frame labelled EMPTY
1_empty/slot_20260711_1000_camA_t001603.jpg,1_empty,C1_EMPTY,venue_01,day,regular,True,0,0,False,0.0,0 person(s) found in a frame labelled EMPTY
1_empty/slot_20260711_1000_camA_t001618.jpg,1_empty,C1_EMPTY,venue_01,day,regular,True,0,0,False,0.0,0 person(s) found in a frame labelled EMPTY
1_empty/slot_20260711_1000_camA_t001633.jpg,1_empty,C1_EMPTY,venue_01,day,regular,True,0,0,False,0.0,0 person(s) found in a frame labelled EMPTY
1_empty/slot_20260711_1000_camA_t001648.jpg,1_empty,C1_EMPTY,venue_01,day,regular,True,0,0,False,0.0,0 person(s) found in a frame labelled EMPTY
1_empty/slot_20260711_1000_camA_t001663.jpg,1_empty,C1_EMPTY,venue_01,day,regular,True,0,0,False,0.0,0 person(s) found in a frame labelled EMPTY
1_empty/slot_20260711_1000_camA_t001678.jpg,1_empty,C1_EMPTY,venue_01,day,regular,True,0,0,False,0.0,0 person(s) found in a frame labelled EMPTY
1_empty/slot_20260711_1000_camA_t001693.jpg,1_empty,C1_EMPTY,venue_01,day,regular,True,0,0,False,0.0,0 person(s) found in a frame labelled EMPTY
1_empty/slot_20260711_1000_camA_t001708.jpg,1_empty,C1_EMPTY,venue_01,day,regular,True,0,0,False,0.0,0 person(s) found in a frame labelled EMPTY
1_empty/slot_20260711_1000_camA_t001723.jpg,1_empty,C1_EMPTY,venue_01,day,regular,True,0,0,False,0.0,0 person(s) found in a frame labelled EMPTY
1_empty/slot_20260711_1000_camA_t001738.jpg,1_empty,C1_EMPTY,venue_01,day,regular,True,0,0,False,0.0,0 person(s) found in a frame labelled EMPTY
1_empty/slot_20260711_1000_camA_t001743_m.jpg,1_empty,C1_EMPTY,venue_01,day,motion,True,0,0,False,0.0,0 person(s) found in a frame labelled EMPTY
1_empty/slot_20260711_1000_camA_t001753.jpg,1_empty,C1_EMPTY,venue_01,day,regular,True,0,0,False,0.0,0 person(s) found in a frame labelled EMPTY
1_empty/slot_20260711_1000_camA_t001768.jpg,1_empty,C1_EMPTY,venue_01,day,regular,True,0,0,False,0.0,0 person(s) found in a frame labelled EMPTY
1_empty/slot_20260711_1000_camA_t001780_m.jpg,1_empty,C1_EMPTY,venue_01,day,motion,True,0,0,False,0.0,0 person(s) found in a frame labelled EMPTY
1_empty/slot_20260711_1000_camA_t001783.jpg,1_empty,C1_EMPTY,venue_01,day,regular,True,0,0,False,0.0,0 person(s) found in a frame labelled EMPTY
1_empty/slot_20260711_1000_camA_t001798.jpg,1_empty,C1_EMPTY,venue_01,day,regular,True,0,0,False,0.0,0 person(s) found in a frame labelled EMPTY
1_empty/slot_20260711_1000_camA_t001813.jpg,1_empty,C1_EMPTY,venue_01,day,regular,True,0,0,False,0.0,0 person(s) found in a frame labelled EMPTY
1_empty/slot_20260711_1000_camA_t001828.jpg,1_empty,C1_EMPTY,venue_01,day,regular,True,0,0,False,0.0,0 person(s) found in a frame labelled EMPTY
1_empty/slot_20260711_1000_camA_t001843.jpg,1_empty,C1_EMPTY,venue_01,day,regular,True,0,0,False,0.0,0 person(s) found in a frame labelled EMPTY
1_empty/slot_20260711_1000_camA_t001858.jpg,1_empty,C1_EMPTY,venue_01,day,regular,True,0,0,False,0.0,0 person(s) found in a frame labelled EMPTY
1_empty/slot_20260711_1000_camA_t001873.jpg,1_empty,C1_EMPTY,venue_01,day,regular,True,0,0,False,0.0,0 person(s) found in a frame labelled EMPTY
1_empty/slot_20260711_1000_camA_t001888.jpg,1_empty,C1_EMPTY,venue_01,day,regular,True,0,0,False,0.0,0 person(s) found in a frame labelled EMPTY
1_empty/slot_20260711_1000_camA_t001903.jpg,1_empty,C1_EMPTY,venue_01,day,regular,True,0,0,False,0.0,0 person(s) found in a frame labelled EMPTY
1_empty/slot_20260711_1000_camA_t001918.jpg,1_empty,C1_EMPTY,venue_01,day,regular,True,0,0,False,0.0,0 person(s) found in a frame labelled EMPTY
1_empty/slot_20260711_1000_camA_t001933.jpg,1_empty,C1_EMPTY,venue_01,day,regular,True,0,0,False,0.0,0 person(s) found in a frame labelled EMPTY
1_empty/slot_20260711_1000_camA_t001948.jpg,1_empty,C1_EMPTY,venue_01,day,regular,True,0,0,False,0.0,0 person(s) found in a frame labelled EMPTY
1_empty/slot_20260711_1000_camA_t001963.jpg,1_empty,C1_EMPTY,venue_01,day,regular,True,0,0,False,0.0,0 person(s) found in a frame labelled EMPTY
1_empty/slot_20260711_1000_camA_t001968_m.jpg,1_empty,C1_EMPTY,venue_01,day,motion,True,0,0,False,0.0,0 person(s) found in a frame labelled EMPTY
1_empty/slot_20260711_1000_camA_t001978.jpg,1_empty,C1_EMPTY,venue_01,day,regular,True,0,0,False,0.0,0 person(s) found in a frame labelled EMPTY
1_empty/slot_20260711_1000_camA_t001993.jpg,1_empty,C1_EMPTY,venue_01,day,regular,True,0,0,False,0.0,0 person(s) found in a frame labelled EMPTY
1_empty/slot_20260711_1000_camA_t002007.jpg,1_empty,C1_EMPTY,venue_01,day,regular,True,0,0,False,0.0,0 person(s) found in a frame labelled EMPTY
1_empty/slot_20260711_1000_camA_t002022.jpg,1_empty,C1_EMPTY,venue_01,day,regular,True,0,0,False,0.0,0 person(s) found in a frame labelled EMPTY
1_empty/slot_20260711_1000_camA_t002033_m.jpg,1_empty,C1_EMPTY,venue_01,day,motion,True,0,0,False,0.0,0 person(s) found in a frame labelled EMPTY
1_empty/slot_20260711_1000_camA_t002037.jpg,1_empty,C1_EMPTY,venue_01,day,regular,True,0,0,False,0.0,0 person(s) found in a frame labelled EMPTY
1_empty/slot_20260711_1000_camA_t002052.jpg,1_empty,C1_EMPTY,venue_01,day,regular,True,0,0,False,0.0,0 person(s) found in a frame labelled EMPTY
1_empty/slot_20260711_1000_camA_t002067.jpg,1_empty,C1_EMPTY,venue_01,day,regular,True,0,0,False,0.0,0 person(s) found in a frame labelled EMPTY
1_empty/slot_20260711_1000_camA_t002082.jpg,1_empty,C1_EMPTY,venue_01,day,regular,True,0,0,False,0.0,0 person(s) found in a frame labelled EMPTY
1_empty/slot_20260711_1000_camA_t002097.jpg,1_empty,C1_EMPTY,venue_01,day,regular,True,0,0,False,0.0,0 person(s) found in a frame labelled EMPTY
1_empty/slot_20260711_1000_camA_t002112.jpg,1_empty,C1_EMPTY,venue_01,day,regular,True,0,0,False,0.0,0 person(s) found in a frame labelled EMPTY
1_empty/slot_20260711_1000_camA_t002127.jpg,1_empty,C1_EMPTY,venue_01,day,regular,True,0,0,False,0.0,0 person(s) found in a frame labelled EMPTY
1_empty/slot_20260711_1000_camA_t002142.jpg,1_empty,C1_EMPTY,venue_01,day,regular,True,0,0,False,0.0,0 person(s) found in a frame labelled EMPTY
1_empty/slot_20260711_1000_camA_t002157.jpg,1_empty,C1_EMPTY,venue_01,day,regular,True,0,0,False,0.0,0 person(s) found in a frame labelled EMPTY
1_empty/slot_20260711_1000_camA_t002172.jpg,1_empty,C1_EMPTY,venue_01,day,regular,True,0,0,False,0.0,0 person(s) found in a frame labelled EMPTY
1_empty/slot_20260711_1000_camA_t002187.jpg,1_empty,C1_EMPTY,venue_01,day,regular,True,0,0,False,0.0,0 person(s) found in a frame labelled EMPTY
1_empty/slot_20260711_1000_camA_t002202.jpg,1_empty,C1_EMPTY,venue_01,day,regular,True,0,0,False,0.0,0 person(s) found in a frame labelled EMPTY
1_empty/slot_20260711_1000_camA_t002217.jpg,1_empty,C1_EMPTY,venue_01,day,regular,True,0,0,False,0.0,0 person(s) found in a frame labelled EMPTY
1_empty/slot_20260711_1000_camA_t002232.jpg,1_empty,C1_EMPTY,venue_01,day,regular,True,0,0,False,0.0,0 person(s) found in a frame labelled EMPTY
1_empty/slot_20260711_1000_camA_t002247.jpg,1_empty,C1_EMPTY,venue_01,day,regular,True,0,0,False,0.0,0 person(s) found in a frame labelled EMPTY
1_empty/slot_20260711_1000_camA_t002262.jpg,1_empty,C1_EMPTY,venue_01,day,regular,True,0,0,False,0.0,0 person(s) found in a frame labelled EMPTY
1_empty/slot_20260711_1000_camA_t002277.jpg,1_empty,C1_EMPTY,venue_01,day,regular,True,0,0,False,0.0,0 person(s) found in a frame labelled EMPTY
1_empty/slot_20260711_1000_camA_t002292.jpg,1_empty,C1_EMPTY,venue_01,day,regular,True,0,0,False,0.0,0 person(s) found in a frame labelled EMPTY
1_empty/slot_20260711_1000_camA_t002307.jpg,1_empty,C1_EMPTY,venue_01,day,regular,True,0,0,False,0.0,0 person(s) found in a frame labelled EMPTY
1_empty/slot_20260711_1000_camA_t002322.jpg,1_empty,C1_EMPTY,venue_01,day,regular,True,0,0,False,0.0,0 person(s) found in a frame labelled EMPTY
1_empty/slot_20260711_1000_camA_t002337.jpg,1_empty,C1_EMPTY,venue_01,day,regular,True,0,0,False,0.0,0 person(s) found in a frame labelled EMPTY
1_empty/slot_20260711_1000_camA_t002352.jpg,1_empty,C1_EMPTY,venue_01,day,regular,True,0,0,False,0.0,0 person(s) found in a frame labelled EMPTY
1_empty/slot_20260711_1000_camA_t002367.jpg,1_empty,C1_EMPTY,venue_01,day,regular,True,0,0,False,0.0,0 person(s) found in a frame labelled EMPTY
1_empty/slot_20260711_1000_camA_t002382.jpg,1_empty,C1_EMPTY,venue_01,day,regular,True,0,0,False,0.0,0 person(s) found in a frame labelled EMPTY
1_empty/slot_20260711_1000_camA_t002397.jpg,1_empty,C1_EMPTY,venue_01,day,regular,True,0,0,False,0.0,0 person(s) found in a frame labelled EMPTY
1_empty/slot_20260711_1000_camA_t002412.jpg,1_empty,C1_EMPTY,venue_01,day,regular,True,0,0,False,0.0,0 person(s) found in a frame labelled EMPTY
1_empty/slot_20260711_1000_camA_t002427.jpg,1_empty,C1_EMPTY,venue_01,day,regular,True,0,0,False,0.0,0 person(s) found in a frame labelled EMPTY
1_empty/slot_20260711_1000_camA_t002442.jpg,1_empty,C1_EMPTY,venue_01,day,regular,True,0,0,False,0.0,0 person(s) found in a frame labelled EMPTY
1_empty/slot_20260711_1000_camA_t002457.jpg,1_empty,C1_EMPTY,venue_01,day,regular,True,0,0,False,0.0,0 person(s) found in a frame labelled EMPTY
1_empty/slot_20260711_1000_camA_t002472.jpg,1_empty,C1_EMPTY,venue_01,day,regular,True,0,0,False,0.0,0 person(s) found in a frame labelled EMPTY
1_empty/slot_20260711_1000_camA_t002487.jpg,1_empty,C1_EMPTY,venue_01,day,regular,True,0,0,False,0.0,0 person(s) found in a frame labelled EMPTY
1_empty/slot_20260711_1000_camA_t002502.jpg,1_empty,C1_EMPTY,venue_01,day,regular,True,0,0,False,0.0,0 person(s) found in a frame labelled EMPTY
1_empty/slot_20260711_1000_camA_t002517.jpg,1_empty,C1_EMPTY,venue_01,day,regular,True,0,0,False,0.0,0 person(s) found in a frame labelled EMPTY
1_empty/slot_20260711_1000_camA_t002532.jpg,1_empty,C1_EMPTY,venue_01,day,regular,True,0,0,False,0.0,0 person(s) found in a frame labelled EMPTY
1_empty/slot_20260711_1000_camA_t002547.jpg,1_empty,C1_EMPTY,venue_01,day,regular,True,0,0,False,0.0,0 person(s) found in a frame labelled EMPTY
1_empty/slot_20260711_1000_camA_t002562.jpg,1_empty,C1_EMPTY,venue_01,day,regular,True,0,0,False,0.0,0 person(s) found in a frame labelled EMPTY
1_empty/slot_20260711_1000_camA_t002577.jpg,1_empty,C1_EMPTY,venue_01,day,regular,True,0,0,False,0.0,0 person(s) found in a frame labelled EMPTY
1_empty/slot_20260711_1000_camA_t002592.jpg,1_empty,C1_EMPTY,venue_01,day,regular,True,0,0,False,0.0,0 person(s) found in a frame labelled EMPTY
1_empty/slot_20260711_1000_camA_t002607.jpg,1_empty,C1_EMPTY,venue_01,day,regular,True,0,0,False,0.0,0 person(s) found in a frame labelled EMPTY
1_empty/slot_20260711_1000_camA_t002618_m.jpg,1_empty,C1_EMPTY,venue_01,day,motion,True,0,0,False,0.0,0 person(s) found in a frame labelled EMPTY
1_empty/slot_20260711_1000_camA_t002622.jpg,1_empty,C1_EMPTY,venue_01,day,regular,True,0,0,False,0.0,0 person(s) found in a frame labelled EMPTY
1_empty/slot_20260711_1000_camA_t002637.jpg,1_empty,C1_EMPTY,venue_01,day,regular,True,0,0,False,0.0,0 person(s) found in a frame labelled EMPTY
1_empty/slot_20260711_1000_camA_t002652.jpg,1_empty,C1_EMPTY,venue_01,day,regular,True,0,0,False,0.0,0 person(s) found in a frame labelled EMPTY
1_empty/slot_20260711_1000_camA_t002667.jpg,1_empty,C1_EMPTY,venue_01,day,regular,True,0,0,False,0.0,0 person(s) found in a frame labelled EMPTY
1_empty/slot_20260711_1000_camA_t002682.jpg,1_empty,C1_EMPTY,venue_01,day,regular,True,0,0,False,0.0,0 person(s) found in a frame labelled EMPTY
1_empty/slot_20260711_1000_camA_t002697.jpg,1_empty,C1_EMPTY,venue_01,day,regular,True,0,0,False,0.0,0 person(s) found in a frame labelled EMPTY
1_empty/slot_20260711_1000_camA_t002712.jpg,1_empty,C1_EMPTY,venue_01,day,regular,True,0,0,False,0.0,0 person(s) found in a frame labelled EMPTY
1_empty/slot_20260711_1000_camA_t002727.jpg,1_empty,C1_EMPTY,venue_01,day,regular,True,0,0,False,0.0,0 person(s) found in a frame labelled EMPTY
1_empty/slot_20260711_1000_camA_t002742.jpg,1_empty,C1_EMPTY,venue_01,day,regular,True,0,0,False,0.0,0 person(s) found in a frame labelled EMPTY
1_empty/slot_20260711_1000_camA_t002757.jpg,1_empty,C1_EMPTY,venue_01,day,regular,True,0,0,False,0.0,0 person(s) found in a frame labelled EMPTY
1_empty/slot_20260711_1000_camA_t002772.jpg,1_empty,C1_EMPTY,venue_01,day,regular,True,0,0,False,0.0,0 person(s) found in a frame labelled EMPTY
1_empty/slot_20260711_1000_camA_t002787.jpg,1_empty,C1_EMPTY,venue_01,day,regular,True,0,0,False,0.0,0 person(s) found in a frame labelled EMPTY
1_empty/slot_20260711_1000_camA_t002802.jpg,1_empty,C1_EMPTY,venue_01,day,regular,True,0,0,False,0.0,0 person(s) found in a frame labelled EMPTY
1_empty/slot_20260711_1000_camA_t002817.jpg,1_empty,C1_EMPTY,venue_01,day,regular,True,0,0,False,0.0,0 person(s) found in a frame labelled EMPTY
1_empty/slot_20260711_1000_camA_t002832.jpg,1_empty,C1_EMPTY,venue_01,day,regular,True,0,0,False,0.0,0 person(s) found in a frame labelled EMPTY
1_empty/slot_20260711_1000_camA_t002847.jpg,1_empty,C1_EMPTY,venue_01,day,regular,True,0,0,False,0.0,0 person(s) found in a frame labelled EMPTY
1_empty/slot_20260711_1000_camA_t002862.jpg,1_empty,C1_EMPTY,venue_01,day,regular,True,0,0,False,0.0,0 person(s) found in a frame labelled EMPTY
1_empty/slot_20260711_1000_camA_t002877.jpg,1_empty,C1_EMPTY,venue_01,day,regular,True,0,0,False,0.0,0 person(s) found in a frame labelled EMPTY
1_empty/slot_20260711_1000_camA_t002892.jpg,1_empty,C1_EMPTY,venue_01,day,regular,True,0,0,False,0.0,0 person(s) found in a frame labelled EMPTY
1_empty/slot_20260711_1000_camA_t002902_m.jpg,1_empty,C1_EMPTY,venue_01,day,motion,True,0,0,False,0.0,0 person(s) found in a frame labelled EMPTY
1_empty/slot_20260711_1000_camA_t002907.jpg,1_empty,C1_EMPTY,venue_01,day,regular,True,0,0,False,0.0,0 person(s) found in a frame labelled EMPTY
1_empty/slot_20260711_1000_camA_t002922.jpg,1_empty,C1_EMPTY,venue_01,day,regular,True,0,0,False,0.0,0 person(s) found in a frame labelled EMPTY
1_empty/slot_20260711_1000_camA_t002937.jpg,1_empty,C1_EMPTY,venue_01,day,regular,True,0,0,False,0.0,0 person(s) found in a frame labelled EMPTY
1_empty/slot_20260711_1000_camA_t002952.jpg,1_empty,C1_EMPTY,venue_01,day,regular,True,0,0,False,0.0,0 person(s) found in a frame labelled EMPTY
1_empty/slot_20260711_1000_camA_t002967.jpg,1_empty,C1_EMPTY,venue_01,day,regular,True,0,0,False,0.0,0 person(s) found in a frame labelled EMPTY
1_empty/slot_20260711_1000_camA_t002982.jpg,1_empty,C1_EMPTY,venue_01,day,regular,True,0,0,False,0.0,0 person(s) found in a frame labelled EMPTY
1_empty/slot_20260711_1000_camA_t002996.jpg,1_empty,C1_EMPTY,venue_01,day,regular,True,0,0,False,0.0,0 person(s) found in a frame labelled EMPTY
1_empty/slot_20260711_1000_camA_t003011.jpg,1_empty,C1_EMPTY,venue_01,day,regular,True,0,0,False,0.0,0 person(s) found in a frame labelled EMPTY
1_empty/slot_20260711_1000_camA_t003026.jpg,1_empty,C1_EMPTY,venue_01,day,regular,True,0,0,False,0.0,0 person(s) found in a frame labelled EMPTY
1_empty/slot_20260711_1000_camA_t003041.jpg,1_empty,C1_EMPTY,venue_01,day,regular,True,0,0,False,0.0,0 person(s) found in a frame labelled EMPTY
1_empty/slot_20260711_1000_camA_t003056.jpg,1_empty,C1_EMPTY,venue_01,day,regular,True,0,0,False,0.0,0 person(s) found in a frame labelled EMPTY
1_empty/slot_20260711_1000_camA_t003071.jpg,1_empty,C1_EMPTY,venue_01,day,regular,True,0,0,False,0.0,0 person(s) found in a frame labelled EMPTY
1_empty/slot_20260711_1000_camA_t003086.jpg,1_empty,C1_EMPTY,venue_01,day,regular,True,0,0,False,0.0,0 person(s) found in a frame labelled EMPTY
1_empty/slot_20260711_1000_camA_t003101.jpg,1_empty,C1_EMPTY,venue_01,day,regular,True,0,0,False,0.0,0 person(s) found in a frame labelled EMPTY
1_empty/slot_20260711_1000_camA_t003116.jpg,1_empty,C1_EMPTY,venue_01,day,regular,True,0,0,False,0.0,0 person(s) found in a frame labelled EMPTY
1_empty/slot_20260711_1000_camA_t003131.jpg,1_empty,C1_EMPTY,venue_01,day,regular,True,0,0,False,0.0,0 person(s) found in a frame labelled EMPTY
1_empty/slot_20260711_1000_camA_t003146.jpg,1_empty,C1_EMPTY,venue_01,day,regular,True,0,0,False,0.0,0 person(s) found in a frame labelled EMPTY
1_empty/slot_20260711_1000_camA_t003161.jpg,1_empty,C1_EMPTY,venue_01,day,regular,True,0,0,False,0.0,0 person(s) found in a frame labelled EMPTY
1_empty/slot_20260711_1000_camA_t003176.jpg,1_empty,C1_EMPTY,venue_01,day,regular,True,0,0,False,0.0,0 person(s) found in a frame labelled EMPTY
1_empty/slot_20260711_1000_camA_t003191.jpg,1_empty,C1_EMPTY,venue_01,day,regular,True,0,0,False,0.0,0 person(s) found in a frame labelled EMPTY
1_empty/slot_20260711_1000_camA_t003206.jpg,1_empty,C1_EMPTY,venue_01,day,regular,True,0,0,False,0.0,0 person(s) found in a frame labelled EMPTY
1_empty/slot_20260711_1000_camA_t003221.jpg,1_empty,C1_EMPTY,venue_01,day,regular,True,0,0,False,0.0,0 person(s) found in a frame labelled EMPTY
1_empty/slot_20260711_1000_camA_t003236.jpg,1_empty,C1_EMPTY,venue_01,day,regular,True,0,0,False,0.0,0 person(s) found in a frame labelled EMPTY
1_empty/slot_20260711_1000_camA_t003251.jpg,1_empty,C1_EMPTY,venue_01,day,regular,True,0,0,False,0.0,0 person(s) found in a frame labelled EMPTY
1_empty/slot_20260711_1000_camA_t003266.jpg,1_empty,C1_EMPTY,venue_01,day,regular,True,0,0,False,0.0,0 person(s) found in a frame labelled EMPTY
1_empty/slot_20260711_1000_camA_t003281.jpg,1_empty,C1_EMPTY,venue_01,day,regular,True,0,0,False,0.0,0 person(s) found in a frame labelled EMPTY
1_empty/slot_20260711_1000_camA_t003296.jpg,1_empty,C1_EMPTY,venue_01,day,regular,True,0,0,False,0.0,0 person(s) found in a frame labelled EMPTY
1_empty/slot_20260711_1000_camA_t003311.jpg,1_empty,C1_EMPTY,venue_01,day,regular,True,0,0,False,0.0,0 person(s) found in a frame labelled EMPTY
1_empty/slot_20260711_1000_camA_t003326.jpg,1_empty,C1_EMPTY,venue_01,day,regular,True,0,0,False,0.0,0 person(s) found in a frame labelled EMPTY
1_empty/slot_20260711_1000_camA_t003341.jpg,1_empty,C1_EMPTY,venue_01,day,regular,True,0,0,False,0.0,0 person(s) found in a frame labelled EMPTY
1_empty/slot_20260711_1000_camA_t003356.jpg,1_empty,C1_EMPTY,venue_01,day,regular,True,0,0,False,0.0,0 person(s) found in a frame labelled EMPTY
1_empty/slot_20260711_1000_camA_t003371.jpg,1_empty,C1_EMPTY,venue_01,day,regular,True,0,0,False,0.0,0 person(s) found in a frame labelled EMPTY
1_empty/slot_20260711_1000_camA_t003386.jpg,1_empty,C1_EMPTY,venue_01,day,regular,True,0,0,False,0.0,0 person(s) found in a frame labelled EMPTY
1_empty/slot_20260711_1000_camA_t003401.jpg,1_empty,C1_EMPTY,venue_01,day,regular,True,0,0,False,0.0,0 person(s) found in a frame labelled EMPTY
1_empty/slot_20260711_1000_camA_t003416.jpg,1_empty,C1_EMPTY,venue_01,day,regular,True,0,0,False,0.0,0 person(s) found in a frame labelled EMPTY
1_empty/slot_20260711_1000_camA_t003423_m.jpg,1_empty,C1_EMPTY,venue_01,day,motion,True,0,0,False,0.0,0 person(s) found in a frame labelled EMPTY
1_empty/slot_20260711_1000_camA_t003428_m.jpg,1_empty,C1_EMPTY,venue_01,day,motion,True,0,0,False,0.0,0 person(s) found in a frame labelled EMPTY
1_empty/slot_20260711_1000_camA_t003431.jpg,1_empty,C1_EMPTY,venue_01,day,regular,True,0,0,False,0.0,0 person(s) found in a frame labelled EMPTY
1_empty/slot_20260711_1000_camA_t003446.jpg,1_empty,C1_EMPTY,venue_01,day,regular,True,0,0,False,0.0,0 person(s) found in a frame labelled EMPTY
1_empty/slot_20260711_1000_camA_t003461.jpg,1_empty,C1_EMPTY,venue_01,day,regular,True,0,0,False,0.0,0 person(s) found in a frame labelled EMPTY
1_empty/slot_20260711_1000_camA_t003476.jpg,1_empty,C1_EMPTY,venue_01,day,regular,True,0,0,False,0.0,0 person(s) found in a frame labelled EMPTY
1_empty/slot_20260711_1000_camA_t003491.jpg,1_empty,C1_EMPTY,venue_01,day,regular,True,0,0,False,0.0,0 person(s) found in a frame labelled EMPTY
1_empty/slot_20260711_1000_camA_t003506.jpg,1_empty,C1_EMPTY,venue_01,day,regular,True,0,0,False,0.0,0 person(s) found in a frame labelled EMPTY
1_empty/slot_20260711_1000_camA_t003521.jpg,1_empty,C1_EMPTY,venue_01,day,regular,True,0,0,False,0.0,0 person(s) found in a frame labelled EMPTY
1_empty/slot_20260711_1000_camB_t000000.jpg,1_empty,C1_EMPTY,venue_01,day,regular,True,0,0,False,0.0,0 person(s) found in a frame labelled EMPTY
1_empty/slot_20260711_1000_camB_t000004_m.jpg,1_empty,C1_EMPTY,venue_01,day,motion,True,0,0,False,0.0,0 person(s) found in a frame labelled EMPTY
1_empty/slot_20260711_1000_camB_t000014.jpg,1_empty,C1_EMPTY,venue_01,day,regular,True,0,2,False,0.0,0 person(s) found in a frame labelled EMPTY
1_empty/slot_20260711_1000_camB_t000029.jpg,1_empty,C1_EMPTY,venue_01,day,regular,True,0,0,False,0.0,0 person(s) found in a frame labelled EMPTY
1_empty/slot_20260711_1000_camB_t000034_m.jpg,1_empty,C1_EMPTY,venue_01,day,motion,True,0,0,False,0.0,0 person(s) found in a frame labelled EMPTY
1_empty/slot_20260711_1000_camB_t000044.jpg,1_empty,C1_EMPTY,venue_01,day,regular,True,0,1,False,0.0,0 person(s) found in a frame labelled EMPTY
1_empty/slot_20260711_1000_camB_t000059.jpg,1_empty,C1_EMPTY,venue_01,day,regular,True,0,0,False,0.0,0 person(s) found in a frame labelled EMPTY
1_empty/slot_20260711_1000_camB_t000104.jpg,1_empty,C1_EMPTY,venue_01,day,regular,True,0,0,False,0.0,0 person(s) found in a frame labelled EMPTY
1_empty/slot_20260711_1000_camB_t000119.jpg,1_empty,C1_EMPTY,venue_01,day,regular,True,0,0,True,0.0,0 person(s) found in a frame labelled EMPTY
1_empty/slot_20260711_1000_camB_t000127_m.jpg,1_empty,C1_EMPTY,venue_01,day,motion,True,0,0,True,0.0,0 person(s) found in a frame labelled EMPTY
1_empty/slot_20260711_1000_camB_t000134.jpg,1_empty,C1_EMPTY,venue_01,day,regular,True,0,0,False,0.0,0 person(s) found in a frame labelled EMPTY
1_empty/slot_20260711_1000_camB_t000149.jpg,1_empty,C1_EMPTY,venue_01,day,regular,True,0,0,False,0.0,0 person(s) found in a frame labelled EMPTY
1_empty/slot_20260711_1000_camB_t000164.jpg,1_empty,C1_EMPTY,venue_01,day,regular,True,0,0,False,0.0,0 person(s) found in a frame labelled EMPTY
1_empty/slot_20260711_1000_camB_t000179.jpg,1_empty,C1_EMPTY,venue_01,day,regular,True,0,0,False,0.0,0 person(s) found in a frame labelled EMPTY
1_empty/slot_20260711_1000_camB_t000194.jpg,1_empty,C1_EMPTY,venue_01,day,regular,True,0,0,False,0.0,0 person(s) found in a frame labelled EMPTY
1_empty/slot_20260711_1000_camB_t000209.jpg,1_empty,C1_EMPTY,venue_01,day,regular,True,0,0,False,0.0,0 person(s) found in a frame labelled EMPTY
1_empty/slot_20260711_1000_camB_t000224.jpg,1_empty,C1_EMPTY,venue_01,day,regular,True,0,0,False,0.0,0 person(s) found in a frame labelled EMPTY
1_empty/slot_20260711_1000_camB_t000239.jpg,1_empty,C1_EMPTY,venue_01,day,regular,True,0,0,False,0.0,0 person(s) found in a frame labelled EMPTY
1_empty/slot_20260711_1000_camB_t000254.jpg,1_empty,C1_EMPTY,venue_01,day,regular,True,0,1,False,0.0,0 person(s) found in a frame labelled EMPTY
1_empty/slot_20260711_1000_camB_t000269.jpg,1_empty,C1_EMPTY,venue_01,day,regular,True,0,0,False,0.0,0 person(s) found in a frame labelled EMPTY
1_empty/slot_20260711_1000_camB_t000284.jpg,1_empty,C1_EMPTY,venue_01,day,regular,True,0,0,False,0.0,0 person(s) found in a frame labelled EMPTY
1_empty/slot_20260711_1000_camB_t000299.jpg,1_empty,C1_EMPTY,venue_01,day,regular,True,0,0,True,0.0,0 person(s) found in a frame labelled EMPTY
1_empty/slot_20260711_1000_camB_t000314.jpg,1_empty,C1_EMPTY,venue_01,day,regular,True,0,0,False,0.0,0 person(s) found in a frame labelled EMPTY
1_empty/slot_20260711_1000_camB_t000329.jpg,1_empty,C1_EMPTY,venue_01,day,regular,True,0,0,False,0.0,0 person(s) found in a frame labelled EMPTY
1_empty/slot_20260711_1000_camB_t000344.jpg,1_empty,C1_EMPTY,venue_01,day,regular,True,0,0,False,0.0,0 person(s) found in a frame labelled EMPTY
1_empty/slot_20260711_1000_camB_t000359.jpg,1_empty,C1_EMPTY,venue_01,day,regular,True,0,0,False,0.0,0 person(s) found in a frame labelled EMPTY
1_empty/slot_20260711_1000_camB_t000374.jpg,1_empty,C1_EMPTY,venue_01,day,regular,True,0,0,False,0.0,0 person(s) found in a frame labelled EMPTY
1_empty/slot_20260711_1000_camB_t000389.jpg,1_empty,C1_EMPTY,venue_01,day,regular,True,0,0,False,0.0,0 person(s) found in a frame labelled EMPTY
1_empty/slot_20260711_1000_camB_t000396_m.jpg,1_empty,C1_EMPTY,venue_01,day,motion,True,0,0,False,0.0,0 person(s) found in a frame labelled EMPTY
1_empty/slot_20260711_1000_camB_t000404.jpg,1_empty,C1_EMPTY,venue_01,day,regular,True,0,0,False,0.0,0 person(s) found in a frame labelled EMPTY
1_empty/slot_20260711_1000_camB_t000419.jpg,1_empty,C1_EMPTY,venue_01,day,regular,True,0,0,False,0.0,0 person(s) found in a frame labelled EMPTY
1_empty/slot_20260711_1000_camB_t000434.jpg,1_empty,C1_EMPTY,venue_01,day,regular,True,0,0,False,0.0,0 person(s) found in a frame labelled EMPTY
1_empty/slot_20260711_1000_camB_t000464.jpg,1_empty,C1_EMPTY,venue_01,day,regular,True,0,0,False,0.0,0 person(s) found in a frame labelled EMPTY
1_empty/slot_20260711_1000_camB_t000569.jpg,1_empty,C1_EMPTY,venue_01,day,regular,True,0,0,False,0.0,0 person(s) found in a frame labelled EMPTY
1_empty/slot_20260711_1000_camB_t000584.jpg,1_empty,C1_EMPTY,venue_01,day,regular,True,0,0,False,0.0,0 person(s) found in a frame labelled EMPTY
1_empty/slot_20260711_1000_camB_t000599.jpg,1_empty,C1_EMPTY,venue_01,day,regular,True,0,0,False,0.0,0 person(s) found in a frame labelled EMPTY
1_empty/slot_20260711_1000_camB_t000644.jpg,1_empty,C1_EMPTY,venue_01,day,regular,True,0,0,False,0.0,0 person(s) found in a frame labelled EMPTY
1_empty/slot_20260711_1000_camB_t000674.jpg,1_empty,C1_EMPTY,venue_01,day,regular,True,0,0,False,0.0,0 person(s) found in a frame labelled EMPTY
1_empty/slot_20260711_1000_camB_t000689.jpg,1_empty,C1_EMPTY,venue_01,day,regular,True,0,0,False,0.0,0 person(s) found in a frame labelled EMPTY
1_empty/slot_20260711_1000_camB_t000704.jpg,1_empty,C1_EMPTY,venue_01,day,regular,True,0,0,False,0.0,0 person(s) found in a frame labelled EMPTY
1_empty/slot_20260711_1000_camB_t000719.jpg,1_empty,C1_EMPTY,venue_01,day,regular,True,0,0,False,0.0,0 person(s) found in a frame labelled EMPTY
1_empty/slot_20260711_1000_camB_t000734.jpg,1_empty,C1_EMPTY,venue_01,day,regular,True,0,0,False,0.0,0 person(s) found in a frame labelled EMPTY
1_empty/slot_20260711_1000_camB_t000749.jpg,1_empty,C1_EMPTY,venue_01,day,regular,True,0,1,False,0.0,0 person(s) found in a frame labelled EMPTY
1_empty/slot_20260711_1000_camB_t000764.jpg,1_empty,C1_EMPTY,venue_01,day,regular,True,0,0,False,0.0,0 person(s) found in a frame labelled EMPTY
1_empty/slot_20260711_1000_camB_t000779.jpg,1_empty,C1_EMPTY,venue_01,day,regular,True,0,1,False,0.0,0 person(s) found in a frame labelled EMPTY
1_empty/slot_20260711_1000_camB_t000794.jpg,1_empty,C1_EMPTY,venue_01,day,regular,True,0,0,False,0.0,0 person(s) found in a frame labelled EMPTY
1_empty/slot_20260711_1000_camB_t000809.jpg,1_empty,C1_EMPTY,venue_01,day,regular,True,0,0,False,0.0,0 person(s) found in a frame labelled EMPTY
1_empty/slot_20260711_1000_camB_t000824.jpg,1_empty,C1_EMPTY,venue_01,day,regular,True,0,0,False,0.0,0 person(s) found in a frame labelled EMPTY
1_empty/slot_20260711_1000_camB_t000839.jpg,1_empty,C1_EMPTY,venue_01,day,regular,True,0,1,False,0.0,0 person(s) found in a frame labelled EMPTY
1_empty/slot_20260711_1000_camB_t000854.jpg,1_empty,C1_EMPTY,venue_01,day,regular,True,0,0,False,0.0,0 person(s) found in a frame labelled EMPTY
1_empty/slot_20260711_1000_camB_t000869.jpg,1_empty,C1_EMPTY,venue_01,day,regular,True,0,0,False,0.0,0 person(s) found in a frame labelled EMPTY
1_empty/slot_20260711_1000_camB_t000884.jpg,1_empty,C1_EMPTY,venue_01,day,regular,True,0,0,False,0.0,0 person(s) found in a frame labelled EMPTY
1_empty/slot_20260711_1000_camB_t000899.jpg,1_empty,C1_EMPTY,venue_01,day,regular,True,0,0,False,0.0,0 person(s) found in a frame labelled EMPTY
1_empty/slot_20260711_1000_camB_t000914.jpg,1_empty,C1_EMPTY,venue_01,day,regular,True,0,0,False,0.0,0 person(s) found in a frame labelled EMPTY
1_empty/slot_20260711_1000_camB_t000929.jpg,1_empty,C1_EMPTY,venue_01,day,regular,True,0,1,False,0.0,0 person(s) found in a frame labelled EMPTY
1_empty/slot_20260711_1000_camB_t000944.jpg,1_empty,C1_EMPTY,venue_01,day,regular,True,0,0,False,0.0,0 person(s) found in a frame labelled EMPTY
1_empty/slot_20260711_1000_camB_t000959.jpg,1_empty,C1_EMPTY,venue_01,day,regular,True,0,0,False,0.0,0 person(s) found in a frame labelled EMPTY
1_empty/slot_20260711_1000_camB_t000974.jpg,1_empty,C1_EMPTY,venue_01,day,regular,True,0,0,False,0.0,0 person(s) found in a frame labelled EMPTY
1_empty/slot_20260711_1000_camB_t000989.jpg,1_empty,C1_EMPTY,venue_01,day,regular,True,0,0,False,0.0,0 person(s) found in a frame labelled EMPTY
1_empty/slot_20260711_1000_camB_t001004.jpg,1_empty,C1_EMPTY,venue_01,day,regular,True,0,0,False,0.0,0 person(s) found in a frame labelled EMPTY
1_empty/slot_20260711_1000_camB_t001019.jpg,1_empty,C1_EMPTY,venue_01,day,regular,True,0,0,False,0.0,0 person(s) found in a frame labelled EMPTY
1_empty/slot_20260711_1000_camB_t001034.jpg,1_empty,C1_EMPTY,venue_01,day,regular,True,0,0,False,0.0,0 person(s) found in a frame labelled EMPTY
1_empty/slot_20260711_1000_camB_t001049.jpg,1_empty,C1_EMPTY,venue_01,day,regular,True,0,0,False,0.0,0 person(s) found in a frame labelled EMPTY
1_empty/slot_20260711_1000_camB_t001054_m.jpg,1_empty,C1_EMPTY,venue_01,day,motion,True,0,0,False,0.0,0 person(s) found in a frame labelled EMPTY
1_empty/slot_20260711_1000_camB_t001064.jpg,1_empty,C1_EMPTY,venue_01,day,regular,True,0,0,False,0.0,0 person(s) found in a frame labelled EMPTY
1_empty/slot_20260711_1000_camB_t001079.jpg,1_empty,C1_EMPTY,venue_01,day,regular,True,0,0,False,0.0,0 person(s) found in a frame labelled EMPTY
1_empty/slot_20260711_1000_camB_t001094.jpg,1_empty,C1_EMPTY,venue_01,day,regular,True,0,0,False,0.0,0 person(s) found in a frame labelled EMPTY
1_empty/slot_20260711_1000_camB_t001109.jpg,1_empty,C1_EMPTY,venue_01,day,regular,True,0,0,False,0.0,0 person(s) found in a frame labelled EMPTY
1_empty/slot_20260711_1000_camB_t001124.jpg,1_empty,C1_EMPTY,venue_01,day,regular,True,0,0,False,0.0,0 person(s) found in a frame labelled EMPTY
1_empty/slot_20260711_1000_camB_t001139.jpg,1_empty,C1_EMPTY,venue_01,day,regular,True,0,0,False,0.0,0 person(s) found in a frame labelled EMPTY
1_empty/slot_20260711_1000_camB_t001154.jpg,1_empty,C1_EMPTY,venue_01,day,regular,True,0,0,False,0.0,0 person(s) found in a frame labelled EMPTY
1_empty/slot_20260711_1000_camB_t001169.jpg,1_empty,C1_EMPTY,venue_01,day,regular,True,0,0,False,0.0,0 person(s) found in a frame labelled EMPTY
1_empty/slot_20260711_1000_camB_t001184.jpg,1_empty,C1_EMPTY,venue_01,day,regular,True,0,0,False,0.0,0 person(s) found in a frame labelled EMPTY
1_empty/slot_20260711_1000_camB_t001199.jpg,1_empty,C1_EMPTY,venue_01,day,regular,True,0,0,False,0.0,0 person(s) found in a frame labelled EMPTY
1_empty/slot_20260711_1000_camB_t001214.jpg,1_empty,C1_EMPTY,venue_01,day,regular,True,0,0,False,0.0,0 person(s) found in a frame labelled EMPTY
1_empty/slot_20260711_1000_camB_t001229.jpg,1_empty,C1_EMPTY,venue_01,day,regular,True,0,0,False,0.0,0 person(s) found in a frame labelled EMPTY
1_empty/slot_20260711_1000_camB_t001244.jpg,1_empty,C1_EMPTY,venue_01,day,regular,True,0,0,False,0.0,0 person(s) found in a frame labelled EMPTY
1_empty/slot_20260711_1000_camB_t001259.jpg,1_empty,C1_EMPTY,venue_01,day,regular,True,0,0,False,0.0,0 person(s) found in a frame labelled EMPTY
1_empty/slot_20260711_1000_camB_t001274.jpg,1_empty,C1_EMPTY,venue_01,day,regular,True,0,0,False,0.0,0 person(s) found in a frame labelled EMPTY
1_empty/slot_20260711_1000_camB_t001289.jpg,1_empty,C1_EMPTY,venue_01,day,regular,True,0,0,False,0.0,0 person(s) found in a frame labelled EMPTY
1_empty/slot_20260711_1000_camB_t001304.jpg,1_empty,C1_EMPTY,venue_01,day,regular,True,0,0,False,0.0,0 person(s) found in a frame labelled EMPTY
1_empty/slot_20260711_1000_camB_t001319.jpg,1_empty,C1_EMPTY,venue_01,day,regular,True,0,0,False,0.0,0 person(s) found in a frame labelled EMPTY
1_empty/slot_20260711_1000_camB_t001334.jpg,1_empty,C1_EMPTY,venue_01,day,regular,True,0,0,False,0.0,0 person(s) found in a frame labelled EMPTY
1_empty/slot_20260711_1000_camB_t001349.jpg,1_empty,C1_EMPTY,venue_01,day,regular,True,0,0,False,0.0,0 person(s) found in a frame labelled EMPTY
1_empty/slot_20260711_1000_camB_t001364.jpg,1_empty,C1_EMPTY,venue_01,day,regular,True,0,0,False,0.0,0 person(s) found in a frame labelled EMPTY
1_empty/slot_20260711_1000_camB_t001379.jpg,1_empty,C1_EMPTY,venue_01,day,regular,True,0,0,False,0.0,0 person(s) found in a frame labelled EMPTY
1_empty/slot_20260711_1000_camB_t001394.jpg,1_empty,C1_EMPTY,venue_01,day,regular,True,0,0,False,0.0,0 person(s) found in a frame labelled EMPTY
1_empty/slot_20260711_1000_camB_t001409.jpg,1_empty,C1_EMPTY,venue_01,day,regular,True,0,0,False,0.0,0 person(s) found in a frame labelled EMPTY
1_empty/slot_20260711_1000_camB_t001424.jpg,1_empty,C1_EMPTY,venue_01,day,regular,True,0,1,False,0.0,0 person(s) found in a frame labelled EMPTY
1_empty/slot_20260711_1000_camB_t001439.jpg,1_empty,C1_EMPTY,venue_01,day,regular,True,0,0,False,0.0,0 person(s) found in a frame labelled EMPTY
1_empty/slot_20260711_1000_camB_t001454.jpg,1_empty,C1_EMPTY,venue_01,day,regular,True,0,1,False,0.0,0 person(s) found in a frame labelled EMPTY
1_empty/slot_20260711_1000_camB_t001469.jpg,1_empty,C1_EMPTY,venue_01,day,regular,True,0,1,False,0.0,0 person(s) found in a frame labelled EMPTY
1_empty/slot_20260711_1000_camB_t001484.jpg,1_empty,C1_EMPTY,venue_01,day,regular,True,0,0,False,0.0,0 person(s) found in a frame labelled EMPTY
1_empty/slot_20260711_1000_camB_t001499.jpg,1_empty,C1_EMPTY,venue_01,day,regular,True,0,0,False,0.0,0 person(s) found in a frame labelled EMPTY
1_empty/slot_20260711_1000_camB_t001514.jpg,1_empty,C1_EMPTY,venue_01,day,regular,True,0,0,False,0.0,0 person(s) found in a frame labelled EMPTY
1_empty/slot_20260711_1000_camB_t001529.jpg,1_empty,C1_EMPTY,venue_01,day,regular,True,0,1,False,0.0,0 person(s) found in a frame labelled EMPTY
1_empty/slot_20260711_1000_camB_t001544.jpg,1_empty,C1_EMPTY,venue_01,day,regular,True,0,0,False,0.0,0 person(s) found in a frame labelled EMPTY
1_empty/slot_20260711_1000_camB_t001559.jpg,1_empty,C1_EMPTY,venue_01,day,regular,True,0,0,False,0.0,0 person(s) found in a frame labelled EMPTY
1_empty/slot_20260711_1000_camB_t001574.jpg,1_empty,C1_EMPTY,venue_01,day,regular,True,0,0,False,0.0,0 person(s) found in a frame labelled EMPTY
1_empty/slot_20260711_1000_camB_t001589.jpg,1_empty,C1_EMPTY,venue_01,day,regular,True,0,0,False,0.0,0 person(s) found in a frame labelled EMPTY
1_empty/slot_20260711_1000_camB_t001604.jpg,1_empty,C1_EMPTY,venue_01,day,regular,True,0,0,False,0.0,0 person(s) found in a frame labelled EMPTY
1_empty/slot_20260711_1000_camB_t001619.jpg,1_empty,C1_EMPTY,venue_01,day,regular,True,0,0,False,0.0,0 person(s) found in a frame labelled EMPTY
1_empty/slot_20260711_1000_camB_t001634.jpg,1_empty,C1_EMPTY,venue_01,day,regular,True,0,0,False,0.0,0 person(s) found in a frame labelled EMPTY
1_empty/slot_20260711_1000_camB_t001649.jpg,1_empty,C1_EMPTY,venue_01,day,regular,True,0,0,False,0.0,0 person(s) found in a frame labelled EMPTY
1_empty/slot_20260711_1000_camB_t001664.jpg,1_empty,C1_EMPTY,venue_01,day,regular,True,0,0,False,0.0,0 person(s) found in a frame labelled EMPTY
1_empty/slot_20260711_1000_camB_t001679.jpg,1_empty,C1_EMPTY,venue_01,day,regular,True,0,0,False,0.0,0 person(s) found in a frame labelled EMPTY
1_empty/slot_20260711_1000_camB_t001694.jpg,1_empty,C1_EMPTY,venue_01,day,regular,True,0,0,False,0.0,0 person(s) found in a frame labelled EMPTY
1_empty/slot_20260711_1000_camB_t001709.jpg,1_empty,C1_EMPTY,venue_01,day,regular,True,0,0,False,0.0,0 person(s) found in a frame labelled EMPTY
1_empty/slot_20260711_1000_camB_t001724.jpg,1_empty,C1_EMPTY,venue_01,day,regular,True,0,0,False,0.0,0 person(s) found in a frame labelled EMPTY
1_empty/slot_20260711_1000_camB_t001739.jpg,1_empty,C1_EMPTY,venue_01,day,regular,True,0,0,False,0.0,0 person(s) found in a frame labelled EMPTY
1_empty/slot_20260711_1000_camB_t001754.jpg,1_empty,C1_EMPTY,venue_01,day,regular,True,0,0,False,0.0,0 person(s) found in a frame labelled EMPTY
1_empty/slot_20260711_1000_camB_t001769.jpg,1_empty,C1_EMPTY,venue_01,day,regular,True,0,0,False,0.0,0 person(s) found in a frame labelled EMPTY
1_empty/slot_20260711_1000_camB_t001784.jpg,1_empty,C1_EMPTY,venue_01,day,regular,True,0,0,False,0.0,0 person(s) found in a frame labelled EMPTY
1_empty/slot_20260711_1000_camB_t001799.jpg,1_empty,C1_EMPTY,venue_01,day,regular,True,0,0,False,0.0,0 person(s) found in a frame labelled EMPTY
1_empty/slot_20260711_1000_camB_t001814.jpg,1_empty,C1_EMPTY,venue_01,day,regular,True,0,0,False,0.0,0 person(s) found in a frame labelled EMPTY
1_empty/slot_20260711_1000_camB_t001829.jpg,1_empty,C1_EMPTY,venue_01,day,regular,True,0,0,False,0.0,0 person(s) found in a frame labelled EMPTY
1_empty/slot_20260711_1000_camB_t001844.jpg,1_empty,C1_EMPTY,venue_01,day,regular,True,0,0,False,0.0,0 person(s) found in a frame labelled EMPTY
1_empty/slot_20260711_1000_camB_t001859.jpg,1_empty,C1_EMPTY,venue_01,day,regular,True,0,0,False,0.0,0 person(s) found in a frame labelled EMPTY
1_empty/slot_20260711_1000_camB_t001874.jpg,1_empty,C1_EMPTY,venue_01,day,regular,True,0,0,False,0.0,0 person(s) found in a frame labelled EMPTY
1_empty/slot_20260711_1000_camB_t001889.jpg,1_empty,C1_EMPTY,venue_01,day,regular,True,0,0,False,0.0,0 person(s) found in a frame labelled EMPTY
1_empty/slot_20260711_1000_camB_t001919.jpg,1_empty,C1_EMPTY,venue_01,day,regular,True,0,0,False,0.0,0 person(s) found in a frame labelled EMPTY
1_empty/slot_20260711_1000_camB_t001934.jpg,1_empty,C1_EMPTY,venue_01,day,regular,True,0,0,False,0.0,0 person(s) found in a frame labelled EMPTY
1_empty/slot_20260711_1000_camB_t001949.jpg,1_empty,C1_EMPTY,venue_01,day,regular,True,0,0,False,0.0,0 person(s) found in a frame labelled EMPTY
1_empty/slot_20260711_1000_camB_t001963.jpg,1_empty,C1_EMPTY,venue_01,day,regular,True,0,0,False,0.0,0 person(s) found in a frame labelled EMPTY
1_empty/slot_20260711_1000_camB_t001978.jpg,1_empty,C1_EMPTY,venue_01,day,regular,True,0,0,False,0.0,0 person(s) found in a frame labelled EMPTY
1_empty/slot_20260711_1000_camB_t001993.jpg,1_empty,C1_EMPTY,venue_01,day,regular,True,0,0,False,0.0,0 person(s) found in a frame labelled EMPTY
1_empty/slot_20260711_1000_camB_t002008.jpg,1_empty,C1_EMPTY,venue_01,day,regular,True,0,0,False,0.0,0 person(s) found in a frame labelled EMPTY
1_empty/slot_20260711_1000_camB_t002023.jpg,1_empty,C1_EMPTY,venue_01,day,regular,True,0,0,False,0.0,0 person(s) found in a frame labelled EMPTY
1_empty/slot_20260711_1000_camB_t002038.jpg,1_empty,C1_EMPTY,venue_01,day,regular,True,0,0,False,0.0,0 person(s) found in a frame labelled EMPTY
1_empty/slot_20260711_1000_camB_t002053.jpg,1_empty,C1_EMPTY,venue_01,day,regular,True,0,0,False,0.0,0 person(s) found in a frame labelled EMPTY
1_empty/slot_20260711_1000_camB_t002068.jpg,1_empty,C1_EMPTY,venue_01,day,regular,True,0,0,False,0.0,0 person(s) found in a frame labelled EMPTY
1_empty/slot_20260711_1000_camB_t002083.jpg,1_empty,C1_EMPTY,venue_01,day,regular,True,0,0,False,0.0,0 person(s) found in a frame labelled EMPTY
1_empty/slot_20260711_1000_camB_t002098.jpg,1_empty,C1_EMPTY,venue_01,day,regular,True,0,0,False,0.0,0 person(s) found in a frame labelled EMPTY
1_empty/slot_20260711_1000_camB_t002113.jpg,1_empty,C1_EMPTY,venue_01,day,regular,True,0,0,False,0.0,0 person(s) found in a frame labelled EMPTY
1_empty/slot_20260711_1000_camB_t002118_m.jpg,1_empty,C1_EMPTY,venue_01,day,motion,True,0,1,False,0.0,0 person(s) found in a frame labelled EMPTY
1_empty/slot_20260711_1000_camB_t002128.jpg,1_empty,C1_EMPTY,venue_01,day,regular,True,0,0,False,0.0,0 person(s) found in a frame labelled EMPTY
1_empty/slot_20260711_1000_camB_t002143.jpg,1_empty,C1_EMPTY,venue_01,day,regular,True,0,0,False,0.0,0 person(s) found in a frame labelled EMPTY
1_empty/slot_20260711_1000_camB_t002158.jpg,1_empty,C1_EMPTY,venue_01,day,regular,True,0,0,False,0.0,0 person(s) found in a frame labelled EMPTY
1_empty/slot_20260711_1000_camB_t002173.jpg,1_empty,C1_EMPTY,venue_01,day,regular,True,0,0,False,0.0,0 person(s) found in a frame labelled EMPTY
1_empty/slot_20260711_1000_camB_t002188.jpg,1_empty,C1_EMPTY,venue_01,day,regular,True,0,0,False,0.0,0 person(s) found in a frame labelled EMPTY
1_empty/slot_20260711_1000_camB_t002203.jpg,1_empty,C1_EMPTY,venue_01,day,regular,True,0,0,False,0.0,0 person(s) found in a frame labelled EMPTY
1_empty/slot_20260711_1000_camB_t002218.jpg,1_empty,C1_EMPTY,venue_01,day,regular,True,0,0,False,0.0,0 person(s) found in a frame labelled EMPTY
1_empty/slot_20260711_1000_camB_t002233.jpg,1_empty,C1_EMPTY,venue_01,day,regular,True,0,0,False,0.0,0 person(s) found in a frame labelled EMPTY
1_empty/slot_20260711_1000_camB_t002248.jpg,1_empty,C1_EMPTY,venue_01,day,regular,True,0,0,False,0.0,0 person(s) found in a frame labelled EMPTY
1_empty/slot_20260711_1000_camB_t002263.jpg,1_empty,C1_EMPTY,venue_01,day,regular,True,0,0,False,0.0,0 person(s) found in a frame labelled EMPTY
1_empty/slot_20260711_1000_camB_t002278.jpg,1_empty,C1_EMPTY,venue_01,day,regular,True,0,0,False,0.0,0 person(s) found in a frame labelled EMPTY
1_empty/slot_20260711_1000_camB_t002293.jpg,1_empty,C1_EMPTY,venue_01,day,regular,True,0,0,False,0.0,0 person(s) found in a frame labelled EMPTY
1_empty/slot_20260711_1000_camB_t002308.jpg,1_empty,C1_EMPTY,venue_01,day,regular,True,0,0,False,0.0,0 person(s) found in a frame labelled EMPTY
1_empty/slot_20260711_1000_camB_t002323.jpg,1_empty,C1_EMPTY,venue_01,day,regular,True,0,0,False,0.0,0 person(s) found in a frame labelled EMPTY
1_empty/slot_20260711_1000_camB_t002338.jpg,1_empty,C1_EMPTY,venue_01,day,regular,True,0,0,False,0.0,0 person(s) found in a frame labelled EMPTY
1_empty/slot_20260711_1000_camB_t002353.jpg,1_empty,C1_EMPTY,venue_01,day,regular,True,0,0,False,0.0,0 person(s) found in a frame labelled EMPTY
1_empty/slot_20260711_1000_camB_t002368.jpg,1_empty,C1_EMPTY,venue_01,day,regular,True,0,0,False,0.0,0 person(s) found in a frame labelled EMPTY
1_empty/slot_20260711_1000_camB_t002383.jpg,1_empty,C1_EMPTY,venue_01,day,regular,True,0,0,False,0.0,0 person(s) found in a frame labelled EMPTY
1_empty/slot_20260711_1000_camB_t002398.jpg,1_empty,C1_EMPTY,venue_01,day,regular,True,0,0,False,0.0,0 person(s) found in a frame labelled EMPTY
1_empty/slot_20260711_1000_camB_t002413.jpg,1_empty,C1_EMPTY,venue_01,day,regular,True,0,0,False,0.0,0 person(s) found in a frame labelled EMPTY
1_empty/slot_20260711_1000_camB_t002428.jpg,1_empty,C1_EMPTY,venue_01,day,regular,True,0,0,False,0.0,0 person(s) found in a frame labelled EMPTY
1_empty/slot_20260711_1000_camB_t002443.jpg,1_empty,C1_EMPTY,venue_01,day,regular,True,0,0,False,0.0,0 person(s) found in a frame labelled EMPTY
1_empty/slot_20260711_1000_camB_t002458.jpg,1_empty,C1_EMPTY,venue_01,day,regular,True,0,0,False,0.0,0 person(s) found in a frame labelled EMPTY
1_empty/slot_20260711_1000_camB_t002473.jpg,1_empty,C1_EMPTY,venue_01,day,regular,True,0,0,False,0.0,0 person(s) found in a frame labelled EMPTY
1_empty/slot_20260711_1000_camB_t002488.jpg,1_empty,C1_EMPTY,venue_01,day,regular,True,0,0,False,0.0,0 person(s) found in a frame labelled EMPTY
1_empty/slot_20260711_1000_camB_t002503.jpg,1_empty,C1_EMPTY,venue_01,day,regular,True,0,0,False,0.0,0 person(s) found in a frame labelled EMPTY
1_empty/slot_20260711_1000_camB_t002518.jpg,1_empty,C1_EMPTY,venue_01,day,regular,True,0,0,False,0.0,0 person(s) found in a frame labelled EMPTY
1_empty/slot_20260711_1000_camB_t002533.jpg,1_empty,C1_EMPTY,venue_01,day,regular,True,0,0,False,0.0,0 person(s) found in a frame labelled EMPTY
1_empty/slot_20260711_1000_camB_t002548.jpg,1_empty,C1_EMPTY,venue_01,day,regular,True,0,0,False,0.0,0 person(s) found in a frame labelled EMPTY
1_empty/slot_20260711_1000_camB_t002563.jpg,1_empty,C1_EMPTY,venue_01,day,regular,True,0,0,False,0.0,0 person(s) found in a frame labelled EMPTY
1_empty/slot_20260711_1000_camB_t002578.jpg,1_empty,C1_EMPTY,venue_01,day,regular,True,0,0,False,0.0,0 person(s) found in a frame labelled EMPTY
1_empty/slot_20260711_1000_camB_t002593.jpg,1_empty,C1_EMPTY,venue_01,day,regular,True,0,0,False,0.0,0 person(s) found in a frame labelled EMPTY
1_empty/slot_20260711_1000_camB_t002608.jpg,1_empty,C1_EMPTY,venue_01,day,regular,True,0,0,False,0.0,0 person(s) found in a frame labelled EMPTY
1_empty/slot_20260711_1000_camB_t002623.jpg,1_empty,C1_EMPTY,venue_01,day,regular,True,0,0,False,0.0,0 person(s) found in a frame labelled EMPTY
1_empty/slot_20260711_1000_camB_t002638.jpg,1_empty,C1_EMPTY,venue_01,day,regular,True,0,0,False,0.0,0 person(s) found in a frame labelled EMPTY
1_empty/slot_20260711_1000_camB_t002653.jpg,1_empty,C1_EMPTY,venue_01,day,regular,True,0,0,False,0.0,0 person(s) found in a frame labelled EMPTY
1_empty/slot_20260711_1000_camB_t002668.jpg,1_empty,C1_EMPTY,venue_01,day,regular,True,0,0,False,0.0,0 person(s) found in a frame labelled EMPTY
1_empty/slot_20260711_1000_camB_t002683.jpg,1_empty,C1_EMPTY,venue_01,day,regular,True,0,0,False,0.0,0 person(s) found in a frame labelled EMPTY
1_empty/slot_20260711_1000_camB_t002698.jpg,1_empty,C1_EMPTY,venue_01,day,regular,True,0,0,False,0.0,0 person(s) found in a frame labelled EMPTY
1_empty/slot_20260711_1000_camB_t002713.jpg,1_empty,C1_EMPTY,venue_01,day,regular,True,0,0,False,0.0,0 person(s) found in a frame labelled EMPTY
1_empty/slot_20260711_1000_camB_t002728.jpg,1_empty,C1_EMPTY,venue_01,day,regular,True,0,0,False,0.0,0 person(s) found in a frame labelled EMPTY
1_empty/slot_20260711_1000_camB_t002743.jpg,1_empty,C1_EMPTY,venue_01,day,regular,True,0,0,False,0.0,0 person(s) found in a frame labelled EMPTY
1_empty/slot_20260711_1000_camB_t002758.jpg,1_empty,C1_EMPTY,venue_01,day,regular,True,0,0,False,0.0,0 person(s) found in a frame labelled EMPTY
1_empty/slot_20260711_1000_camB_t002773.jpg,1_empty,C1_EMPTY,venue_01,day,regular,True,0,0,False,0.0,0 person(s) found in a frame labelled EMPTY
1_empty/slot_20260711_1000_camB_t002788.jpg,1_empty,C1_EMPTY,venue_01,day,regular,True,0,0,False,0.0,0 person(s) found in a frame labelled EMPTY
1_empty/slot_20260711_1000_camB_t002803.jpg,1_empty,C1_EMPTY,venue_01,day,regular,True,0,0,False,0.0,0 person(s) found in a frame labelled EMPTY
1_empty/slot_20260711_1000_camB_t002818.jpg,1_empty,C1_EMPTY,venue_01,day,regular,True,0,0,False,0.0,0 person(s) found in a frame labelled EMPTY
1_empty/slot_20260711_1000_camB_t002833.jpg,1_empty,C1_EMPTY,venue_01,day,regular,True,0,0,False,0.0,0 person(s) found in a frame labelled EMPTY
1_empty/slot_20260711_1000_camB_t002848.jpg,1_empty,C1_EMPTY,venue_01,day,regular,True,0,0,False,0.0,0 person(s) found in a frame labelled EMPTY
1_empty/slot_20260711_1000_camB_t002863.jpg,1_empty,C1_EMPTY,venue_01,day,regular,True,0,0,False,0.0,0 person(s) found in a frame labelled EMPTY
1_empty/slot_20260711_1000_camB_t002878.jpg,1_empty,C1_EMPTY,venue_01,day,regular,True,0,0,False,0.0,0 person(s) found in a frame labelled EMPTY
1_empty/slot_20260711_1000_camB_t002893.jpg,1_empty,C1_EMPTY,venue_01,day,regular,True,0,0,False,0.0,0 person(s) found in a frame labelled EMPTY
1_empty/slot_20260711_1000_camB_t002908.jpg,1_empty,C1_EMPTY,venue_01,day,regular,True,0,0,False,0.0,0 person(s) found in a frame labelled EMPTY
1_empty/slot_20260711_1000_camB_t002923.jpg,1_empty,C1_EMPTY,venue_01,day,regular,True,0,0,False,0.0,0 person(s) found in a frame labelled EMPTY
1_empty/slot_20260711_1000_camB_t002938.jpg,1_empty,C1_EMPTY,venue_01,day,regular,True,0,0,False,0.0,0 person(s) found in a frame labelled EMPTY
1_empty/slot_20260711_1000_camB_t002953.jpg,1_empty,C1_EMPTY,venue_01,day,regular,True,0,0,False,0.0,0 person(s) found in a frame labelled EMPTY
1_empty/slot_20260711_1000_camB_t002968.jpg,1_empty,C1_EMPTY,venue_01,day,regular,True,0,0,False,0.0,0 person(s) found in a frame labelled EMPTY
1_empty/slot_20260711_1000_camB_t002983.jpg,1_empty,C1_EMPTY,venue_01,day,regular,True,0,0,False,0.0,0 person(s) found in a frame labelled EMPTY
1_empty/slot_20260711_1000_camB_t002998.jpg,1_empty,C1_EMPTY,venue_01,day,regular,True,0,0,False,0.0,0 person(s) found in a frame labelled EMPTY
1_empty/slot_20260711_1000_camB_t003013.jpg,1_empty,C1_EMPTY,venue_01,day,regular,True,0,0,False,0.0,0 person(s) found in a frame labelled EMPTY
1_empty/slot_20260711_1000_camB_t003028.jpg,1_empty,C1_EMPTY,venue_01,day,regular,True,0,0,False,0.0,0 person(s) found in a frame labelled EMPTY
1_empty/slot_20260711_1000_camB_t003043.jpg,1_empty,C1_EMPTY,venue_01,day,regular,True,0,0,False,0.0,0 person(s) found in a frame labelled EMPTY
1_empty/slot_20260711_1000_camB_t003058.jpg,1_empty,C1_EMPTY,venue_01,day,regular,True,0,0,False,0.0,0 person(s) found in a frame labelled EMPTY
1_empty/slot_20260711_1000_camB_t003073.jpg,1_empty,C1_EMPTY,venue_01,day,regular,True,0,0,False,0.0,0 person(s) found in a frame labelled EMPTY
1_empty/slot_20260711_1000_camB_t003088.jpg,1_empty,C1_EMPTY,venue_01,day,regular,True,0,0,False,0.0,0 person(s) found in a frame labelled EMPTY
1_empty/slot_20260711_1000_camB_t003103.jpg,1_empty,C1_EMPTY,venue_01,day,regular,True,0,0,False,0.0,0 person(s) found in a frame labelled EMPTY
1_empty/slot_20260711_1000_camB_t003133.jpg,1_empty,C1_EMPTY,venue_01,day,regular,True,0,0,False,0.0,0 person(s) found in a frame labelled EMPTY
1_empty/slot_20260711_1000_camB_t003148.jpg,1_empty,C1_EMPTY,venue_01,day,regular,True,0,0,False,0.0,0 person(s) found in a frame labelled EMPTY
1_empty/slot_20260711_1000_camB_t003163.jpg,1_empty,C1_EMPTY,venue_01,day,regular,True,0,0,False,0.0,0 person(s) found in a frame labelled EMPTY
1_empty/slot_20260711_1000_camB_t003178.jpg,1_empty,C1_EMPTY,venue_01,day,regular,True,0,0,False,0.0,0 person(s) found in a frame labelled EMPTY
1_empty/slot_20260711_1000_camB_t003193.jpg,1_empty,C1_EMPTY,venue_01,day,regular,True,0,0,False,0.0,0 person(s) found in a frame labelled EMPTY
1_empty/slot_20260711_1000_camB_t003208.jpg,1_empty,C1_EMPTY,venue_01,day,regular,True,0,0,False,0.0,0 person(s) found in a frame labelled EMPTY
1_empty/slot_20260711_1000_camB_t003223.jpg,1_empty,C1_EMPTY,venue_01,day,regular,True,0,0,False,0.0,0 person(s) found in a frame labelled EMPTY
1_empty/slot_20260711_1000_camB_t003238.jpg,1_empty,C1_EMPTY,venue_01,day,regular,True,0,0,False,0.0,0 person(s) found in a frame labelled EMPTY
1_empty/slot_20260711_1000_camB_t003253.jpg,1_empty,C1_EMPTY,venue_01,day,regular,True,0,0,False,0.0,0 person(s) found in a frame labelled EMPTY
1_empty/slot_20260711_1000_camB_t003268.jpg,1_empty,C1_EMPTY,venue_01,day,regular,True,0,0,False,0.0,0 person(s) found in a frame labelled EMPTY
1_empty/slot_20260711_1000_camB_t003283.jpg,1_empty,C1_EMPTY,venue_01,day,regular,True,0,0,False,0.0,0 person(s) found in a frame labelled EMPTY
1_empty/slot_20260711_1000_camB_t003298.jpg,1_empty,C1_EMPTY,venue_01,day,regular,True,0,0,False,0.0,0 person(s) found in a frame labelled EMPTY
1_empty/slot_20260711_1000_camB_t003313.jpg,1_empty,C1_EMPTY,venue_01,day,regular,True,0,0,False,0.0,0 person(s) found in a frame labelled EMPTY
1_empty/slot_20260711_1000_camB_t003328.jpg,1_empty,C1_EMPTY,venue_01,day,regular,True,0,0,False,0.0,0 person(s) found in a frame labelled EMPTY
1_empty/slot_20260711_1000_camB_t003343.jpg,1_empty,C1_EMPTY,venue_01,day,regular,True,0,0,False,0.0,0 person(s) found in a frame labelled EMPTY
1_empty/slot_20260711_1000_camB_t003358.jpg,1_empty,C1_EMPTY,venue_01,day,regular,True,0,0,False,0.0,0 person(s) found in a frame labelled EMPTY
1_empty/slot_20260711_1000_camB_t003373.jpg,1_empty,C1_EMPTY,venue_01,day,regular,True,0,0,False,0.0,0 person(s) found in a frame labelled EMPTY
1_empty/slot_20260711_1000_camB_t003388.jpg,1_empty,C1_EMPTY,venue_01,day,regular,True,0,0,False,0.0,0 person(s) found in a frame labelled EMPTY
1_empty/slot_20260711_1000_camB_t003403.jpg,1_empty,C1_EMPTY,venue_01,day,regular,True,0,0,False,0.0,0 person(s) found in a frame labelled EMPTY
1_empty/slot_20260711_1000_camB_t003418.jpg,1_empty,C1_EMPTY,venue_01,day,regular,True,0,0,False,0.0,0 person(s) found in a frame labelled EMPTY
1_empty/slot_20260711_1000_camB_t003433.jpg,1_empty,C1_EMPTY,venue_01,day,regular,True,0,0,False,0.0,0 person(s) found in a frame labelled EMPTY
1_empty/slot_20260711_1000_camB_t003448.jpg,1_empty,C1_EMPTY,venue_01,day,regular,True,0,0,False,0.0,0 person(s) found in a frame labelled EMPTY
1_empty/slot_20260712_2030_camA_t001663.jpg,1_empty,C1_EMPTY,venue_01,night,regular,True,0,0,True,0.0,0 person(s) found in a frame labelled EMPTY
1_empty/slot_20260712_2030_camA_t002861.jpg,1_empty,C1_EMPTY,venue_01,night,regular,True,0,0,True,0.0,0 person(s) found in a frame labelled EMPTY
1_empty/slot_20260712_2030_camB_t002368.jpg,1_empty,C1_EMPTY,venue_01,night,regular,True,0,5,False,0.0,0 person(s) found in a frame labelled EMPTY
1_empty/slot_20260712_2030_camB_t002383.jpg,1_empty,C1_EMPTY,venue_01,night,regular,True,0,6,False,0.0,0 person(s) found in a frame labelled EMPTY
1_empty/slot_20260712_2030_camB_t002398.jpg,1_empty,C1_EMPTY,venue_01,night,regular,True,0,7,False,0.0,0 person(s) found in a frame labelled EMPTY
1_empty/slot_20260712_2030_camB_t002413.jpg,1_empty,C1_EMPTY,venue_01,night,regular,True,0,4,False,0.0,0 person(s) found in a frame labelled EMPTY
2_playing/clip_ca_1788518168281_t001333.jpg,2_playing,C2_ACTIVE_PLAY,clipvenue_a_blue_barrier,night,clip,True,7,7,True,0.0,
2_playing/clip_ca_1788518168281_t003533.jpg,2_playing,C2_ACTIVE_PLAY,clipvenue_a_blue_barrier,night,clip,True,10,10,False,0.0,
2_playing/clip_ca_1788518168281_t005700.jpg,2_playing,C2_ACTIVE_PLAY,clipvenue_a_blue_barrier,night,clip,True,9,9,False,0.0,
2_playing/clip_ca_1788518168281_t007900.jpg,2_playing,C2_ACTIVE_PLAY,clipvenue_a_blue_barrier,night,clip,True,8,8,False,0.0,
2_playing/clip_ca_1788518168281_t010066.jpg,2_playing,C2_ACTIVE_PLAY,clipvenue_a_blue_barrier,night,clip,True,9,10,False,0.0,
2_playing/clip_ca_1788518168281_t012266.jpg,2_playing,C2_ACTIVE_PLAY,clipvenue_a_blue_barrier,night,clip,True,9,10,False,0.0,
2_playing/clip_ca_1788518174157_t001200.jpg,2_playing,C2_ACTIVE_PLAY,clipvenue_a_blue_barrier,night,clip,True,5,6,False,0.0,
2_playing/clip_ca_1788518174157_t003166.jpg,2_playing,C2_ACTIVE_PLAY,clipvenue_a_blue_barrier,night,clip,True,7,9,False,0.0,
2_playing/clip_ca_1788518174157_t005133.jpg,2_playing,C2_ACTIVE_PLAY,clipvenue_a_blue_barrier,night,clip,True,6,7,False,0.0,
2_playing/clip_ca_1788518174157_t007100.jpg,2_playing,C2_ACTIVE_PLAY,clipvenue_a_blue_barrier,night,clip,True,7,8,False,0.0,
2_playing/clip_ca_1788518174157_t009066.jpg,2_playing,C2_ACTIVE_PLAY,clipvenue_a_blue_barrier,night,clip,True,9,9,False,0.0,
2_playing/clip_ca_1788518174157_t011033.jpg,2_playing,C2_ACTIVE_PLAY,clipvenue_a_blue_barrier,night,clip,True,9,10,False,0.0,
2_playing/clip_ca_1788518270455_t001266.jpg,2_playing,C2_ACTIVE_PLAY,clipvenue_a_blue_barrier,night,clip,True,12,14,True,0.0,
2_playing/clip_ca_1788518270455_t003300.jpg,2_playing,C2_ACTIVE_PLAY,clipvenue_a_blue_barrier,night,clip,True,12,12,False,0.0,
2_playing/clip_ca_1788518270455_t005333.jpg,2_playing,C2_ACTIVE_PLAY,clipvenue_a_blue_barrier,night,clip,True,12,14,False,0.0,
2_playing/clip_ca_1788518270455_t007333.jpg,2_playing,C2_ACTIVE_PLAY,clipvenue_a_blue_barrier,night,clip,True,12,14,True,0.0,
2_playing/clip_ca_1788518270455_t009366.jpg,2_playing,C2_ACTIVE_PLAY,clipvenue_a_blue_barrier,night,clip,True,11,12,False,0.0,
2_playing/clip_ca_1788518270455_t011400.jpg,2_playing,C2_ACTIVE_PLAY,clipvenue_a_blue_barrier,night,clip,True,9,10,False,0.0,
2_playing/clip_ca_1788518278573_t001266.jpg,2_playing,C2_ACTIVE_PLAY,clipvenue_a_blue_barrier,night,clip,True,11,14,False,0.0,
2_playing/clip_ca_1788518278573_t003366.jpg,2_playing,C2_ACTIVE_PLAY,clipvenue_a_blue_barrier,night,clip,True,9,13,False,0.0,
2_playing/clip_ca_1788518278573_t005433.jpg,2_playing,C2_ACTIVE_PLAY,clipvenue_a_blue_barrier,night,clip,True,9,12,False,0.0,
2_playing/clip_ca_1788518278573_t007500.jpg,2_playing,C2_ACTIVE_PLAY,clipvenue_a_blue_barrier,night,clip,True,10,12,False,0.0,
2_playing/clip_ca_1788518278573_t009566.jpg,2_playing,C2_ACTIVE_PLAY,clipvenue_a_blue_barrier,night,clip,True,15,17,False,0.0,
2_playing/clip_ca_1788518278573_t011666.jpg,2_playing,C2_ACTIVE_PLAY,clipvenue_a_blue_barrier,night,clip,True,12,15,True,0.0,
2_playing/clip_ca_1788518284135_t001200.jpg,2_playing,C2_ACTIVE_PLAY,clipvenue_a_blue_barrier,night,clip,True,9,9,False,0.0,
2_playing/clip_ca_1788518284135_t003133.jpg,2_playing,C2_ACTIVE_PLAY,clipvenue_a_blue_barrier,night,clip,True,12,13,False,0.0,
2_playing/clip_ca_1788518284135_t005066.jpg,2_playing,C2_ACTIVE_PLAY,clipvenue_a_blue_barrier,night,clip,True,10,10,True,0.0,
2_playing/clip_ca_1788518284135_t007000.jpg,2_playing,C2_ACTIVE_PLAY,clipvenue_a_blue_barrier,night,clip,True,8,8,False,0.0,
2_playing/clip_ca_1788518284135_t008933.jpg,2_playing,C2_ACTIVE_PLAY,clipvenue_a_blue_barrier,night,clip,True,10,11,False,0.0,
2_playing/clip_ca_1788518284135_t010866.jpg,2_playing,C2_ACTIVE_PLAY,clipvenue_a_blue_barrier,night,clip,True,8,12,False,0.0,
2_playing/clip_ca_1788518291422_t001266.jpg,2_playing,C2_ACTIVE_PLAY,clipvenue_a_blue_barrier,night,clip,True,10,15,True,0.0,
2_playing/clip_ca_1788518291422_t003333.jpg,2_playing,C2_ACTIVE_PLAY,clipvenue_a_blue_barrier,night,clip,True,13,16,True,0.0,
2_playing/clip_ca_1788518291422_t005366.jpg,2_playing,C2_ACTIVE_PLAY,clipvenue_a_blue_barrier,night,clip,True,11,14,False,0.0,
2_playing/clip_ca_1788518291422_t007433.jpg,2_playing,C2_ACTIVE_PLAY,clipvenue_a_blue_barrier,night,clip,True,10,14,False,0.0,
2_playing/clip_ca_1788518291422_t009466.jpg,2_playing,C2_ACTIVE_PLAY,clipvenue_a_blue_barrier,night,clip,True,13,16,True,0.0,
2_playing/clip_ca_1788518291422_t011533.jpg,2_playing,C2_ACTIVE_PLAY,clipvenue_a_blue_barrier,night,clip,True,10,13,False,0.0,
2_playing/clip_ca_1788518296205_t001366.jpg,2_playing,C2_ACTIVE_PLAY,clipvenue_a_blue_barrier,night,clip,True,13,14,True,0.0,
2_playing/clip_ca_1788518296205_t003566.jpg,2_playing,C2_ACTIVE_PLAY,clipvenue_a_blue_barrier,night,clip,True,12,14,False,0.0,
2_playing/clip_ca_1788518296205_t005766.jpg,2_playing,C2_ACTIVE_PLAY,clipvenue_a_blue_barrier,night,clip,True,13,15,True,0.0,
2_playing/clip_ca_1788518296205_t007933.jpg,2_playing,C2_ACTIVE_PLAY,clipvenue_a_blue_barrier,night,clip,True,13,14,False,0.0,
2_playing/clip_ca_1788518296205_t010133.jpg,2_playing,C2_ACTIVE_PLAY,clipvenue_a_blue_barrier,night,clip,True,12,14,False,0.0,
2_playing/clip_ca_1788518296205_t012333.jpg,2_playing,C2_ACTIVE_PLAY,clipvenue_a_blue_barrier,night,clip,True,12,16,True,0.0,
2_playing/clip_ca_1788518302270_t001333.jpg,2_playing,C2_ACTIVE_PLAY,clipvenue_a_blue_barrier,night,clip,True,7,9,False,0.0,
2_playing/clip_ca_1788518302270_t003533.jpg,2_playing,C2_ACTIVE_PLAY,clipvenue_a_blue_barrier,night,clip,True,12,13,False,0.0,
2_playing/clip_ca_1788518302270_t005700.jpg,2_playing,C2_ACTIVE_PLAY,clipvenue_a_blue_barrier,night,clip,True,13,15,True,0.0,
2_playing/clip_ca_1788518302270_t007900.jpg,2_playing,C2_ACTIVE_PLAY,clipvenue_a_blue_barrier,night,clip,True,13,14,False,0.0,
2_playing/clip_ca_1788518302270_t010066.jpg,2_playing,C2_ACTIVE_PLAY,clipvenue_a_blue_barrier,night,clip,True,12,13,True,0.0,
2_playing/clip_ca_1788518302270_t012266.jpg,2_playing,C2_ACTIVE_PLAY,clipvenue_a_blue_barrier,night,clip,True,13,14,True,0.0,
2_playing/clip_ca_1788518312798_t001233.jpg,2_playing,C2_ACTIVE_PLAY,clipvenue_a_blue_barrier,night,clip,True,10,12,True,0.0,
2_playing/clip_ca_1788518312798_t003266.jpg,2_playing,C2_ACTIVE_PLAY,clipvenue_a_blue_barrier,night,clip,True,9,12,True,0.0,
2_playing/clip_ca_1788518312798_t005266.jpg,2_playing,C2_ACTIVE_PLAY,clipvenue_a_blue_barrier,night,clip,True,9,11,True,0.0,
2_playing/clip_ca_1788518312798_t007300.jpg,2_playing,C2_ACTIVE_PLAY,clipvenue_a_blue_barrier,night,clip,True,8,9,True,0.0,
2_playing/clip_ca_1788518312798_t009300.jpg,2_playing,C2_ACTIVE_PLAY,clipvenue_a_blue_barrier,night,clip,True,8,9,True,0.0,
2_playing/clip_ca_1788518312798_t011333.jpg,2_playing,C2_ACTIVE_PLAY,clipvenue_a_blue_barrier,night,clip,True,9,12,False,0.0,
2_playing/clip_ca_1788518318235_t001366.jpg,2_playing,C2_ACTIVE_PLAY,clipvenue_a_blue_barrier,night,clip,True,9,12,False,0.0,
2_playing/clip_ca_1788518318235_t003566.jpg,2_playing,C2_ACTIVE_PLAY,clipvenue_a_blue_barrier,night,clip,True,8,12,False,0.0,
2_playing/clip_ca_1788518318235_t005766.jpg,2_playing,C2_ACTIVE_PLAY,clipvenue_a_blue_barrier,night,clip,True,8,11,True,0.0,
2_playing/clip_ca_1788518318235_t007966.jpg,2_playing,C2_ACTIVE_PLAY,clipvenue_a_blue_barrier,night,clip,True,7,10,False,0.0,
2_playing/clip_ca_1788518318235_t010166.jpg,2_playing,C2_ACTIVE_PLAY,clipvenue_a_blue_barrier,night,clip,True,5,8,False,0.0,
2_playing/clip_ca_1788518318235_t012366.jpg,2_playing,C2_ACTIVE_PLAY,clipvenue_a_blue_barrier,night,clip,True,6,9,False,0.0,
2_playing/clip_ca_1788518324229_t001300.jpg,2_playing,C2_ACTIVE_PLAY,clipvenue_a_blue_barrier,night,clip,True,10,10,True,0.0,
2_playing/clip_ca_1788518324229_t003400.jpg,2_playing,C2_ACTIVE_PLAY,clipvenue_a_blue_barrier,night,clip,True,8,9,True,0.0,
2_playing/clip_ca_1788518324229_t005500.jpg,2_playing,C2_ACTIVE_PLAY,clipvenue_a_blue_barrier,night,clip,True,7,8,False,0.0,
2_playing/clip_ca_1788518324229_t007566.jpg,2_playing,C2_ACTIVE_PLAY,clipvenue_a_blue_barrier,night,clip,True,8,8,False,0.0,
2_playing/clip_ca_1788518324229_t009666.jpg,2_playing,C2_ACTIVE_PLAY,clipvenue_a_blue_barrier,night,clip,True,7,7,False,0.0,
2_playing/clip_ca_1788518324229_t011766.jpg,2_playing,C2_ACTIVE_PLAY,clipvenue_a_blue_barrier,night,clip,True,7,8,True,0.0,
2_playing/clip_ca_1788518332036_t001300.jpg,2_playing,C2_ACTIVE_PLAY,clipvenue_a_blue_barrier,night,clip,True,10,11,True,0.0,
2_playing/clip_ca_1788518332036_t003433.jpg,2_playing,C2_ACTIVE_PLAY,clipvenue_a_blue_barrier,night,clip,True,9,11,True,0.0,
2_playing/clip_ca_1788518332036_t005566.jpg,2_playing,C2_ACTIVE_PLAY,clipvenue_a_blue_barrier,night,clip,True,8,12,True,0.0,
2_playing/clip_ca_1788518332036_t007666.jpg,2_playing,C2_ACTIVE_PLAY,clipvenue_a_blue_barrier,night,clip,True,9,11,True,0.0,
2_playing/clip_ca_1788518332036_t009800.jpg,2_playing,C2_ACTIVE_PLAY,clipvenue_a_blue_barrier,night,clip,True,11,16,False,0.0,
2_playing/clip_ca_1788518332036_t011933.jpg,2_playing,C2_ACTIVE_PLAY,clipvenue_a_blue_barrier,night,clip,True,8,11,True,0.0,
2_playing/clip_ca_1788518338406_t001333.jpg,2_playing,C2_ACTIVE_PLAY,clipvenue_a_blue_barrier,night,clip,True,8,10,False,0.0,
2_playing/clip_ca_1788518338406_t003533.jpg,2_playing,C2_ACTIVE_PLAY,clipvenue_a_blue_barrier,night,clip,True,5,8,False,0.0,
2_playing/clip_ca_1788518338406_t005700.jpg,2_playing,C2_ACTIVE_PLAY,clipvenue_a_blue_barrier,night,clip,True,6,9,False,0.0,
2_playing/clip_ca_1788518338406_t007900.jpg,2_playing,C2_ACTIVE_PLAY,clipvenue_a_blue_barrier,night,clip,True,10,11,False,0.0,
2_playing/clip_ca_1788518338406_t010066.jpg,2_playing,C2_ACTIVE_PLAY,clipvenue_a_blue_barrier,night,clip,True,8,8,False,0.0,
2_playing/clip_ca_1788518338406_t012266.jpg,2_playing,C2_ACTIVE_PLAY,clipvenue_a_blue_barrier,night,clip,True,8,9,True,0.0,
2_playing/clip_ca_1788518343632_t001233.jpg,2_playing,C2_ACTIVE_PLAY,clipvenue_a_blue_barrier,night,clip,True,11,11,True,0.0,
2_playing/clip_ca_1788518343632_t003233.jpg,2_playing,C2_ACTIVE_PLAY,clipvenue_a_blue_barrier,night,clip,True,9,12,False,0.0,
2_playing/clip_ca_1788518343632_t005233.jpg,2_playing,C2_ACTIVE_PLAY,clipvenue_a_blue_barrier,night,clip,True,9,9,True,0.0,
2_playing/clip_ca_1788518343632_t007266.jpg,2_playing,C2_ACTIVE_PLAY,clipvenue_a_blue_barrier,night,clip,True,14,15,False,0.0,
2_playing/clip_ca_1788518343632_t009266.jpg,2_playing,C2_ACTIVE_PLAY,clipvenue_a_blue_barrier,night,clip,True,12,12,False,0.0,
2_playing/clip_ca_1788518343632_t011266.jpg,2_playing,C2_ACTIVE_PLAY,clipvenue_a_blue_barrier,night,clip,True,11,11,True,0.0,
2_playing/clip_ca_1788518349117_t007166.jpg,2_playing,C2_ACTIVE_PLAY,clipvenue_a_blue_barrier,night,clip,True,5,9,True,0.0,
2_playing/clip_ca_1788518349117_t009166.jpg,2_playing,C2_ACTIVE_PLAY,clipvenue_a_blue_barrier,night,clip,True,6,7,False,0.0,
2_playing/clip_ca_1788518349117_t011133.jpg,2_playing,C2_ACTIVE_PLAY,clipvenue_a_blue_barrier,night,clip,True,7,9,True,0.0,
2_playing/clip_ca_1788518356572_t001200.jpg,2_playing,C2_ACTIVE_PLAY,clipvenue_a_blue_barrier,night,clip,True,11,13,True,0.0,
2_playing/clip_ca_1788518356572_t003133.jpg,2_playing,C2_ACTIVE_PLAY,clipvenue_a_blue_barrier,night,clip,True,9,9,True,0.0,
2_playing/clip_ca_1788518356572_t005066.jpg,2_playing,C2_ACTIVE_PLAY,clipvenue_a_blue_barrier,night,clip,True,11,14,False,0.0,
2_playing/clip_ca_1788518356572_t007000.jpg,2_playing,C2_ACTIVE_PLAY,clipvenue_a_blue_barrier,night,clip,True,8,8,False,0.0,
2_playing/clip_ca_1788518356572_t008933.jpg,2_playing,C2_ACTIVE_PLAY,clipvenue_a_blue_barrier,night,clip,True,10,10,False,0.0,
2_playing/clip_ca_1788518356572_t010866.jpg,2_playing,C2_ACTIVE_PLAY,clipvenue_a_blue_barrier,night,clip,True,15,17,False,0.0,
2_playing/clip_ca_1788518475528_t001366.jpg,2_playing,C2_ACTIVE_PLAY,clipvenue_a_blue_barrier,night,clip,True,8,12,False,0.0,
2_playing/clip_ca_1788518475528_t003600.jpg,2_playing,C2_ACTIVE_PLAY,clipvenue_a_blue_barrier,night,clip,True,14,15,False,0.0,
2_playing/clip_ca_1788518475528_t005833.jpg,2_playing,C2_ACTIVE_PLAY,clipvenue_a_blue_barrier,night,clip,True,9,10,False,0.0,
2_playing/clip_ca_1788518475528_t008100.jpg,2_playing,C2_ACTIVE_PLAY,clipvenue_a_blue_barrier,night,clip,True,10,11,False,0.0,
2_playing/clip_ca_1788518475528_t010333.jpg,2_playing,C2_ACTIVE_PLAY,clipvenue_a_blue_barrier,night,clip,True,11,13,False,0.0,
2_playing/clip_ca_1788518475528_t012566.jpg,2_playing,C2_ACTIVE_PLAY,clipvenue_a_blue_barrier,night,clip,True,9,9,False,0.0,
2_playing/clip_ca_1788518480806_t001233.jpg,2_playing,C2_ACTIVE_PLAY,clipvenue_a_blue_barrier,night,clip,True,9,11,True,0.0,
2_playing/clip_ca_1788518480806_t003266.jpg,2_playing,C2_ACTIVE_PLAY,clipvenue_a_blue_barrier,night,clip,True,10,11,True,0.0,
2_playing/clip_ca_1788518480806_t005300.jpg,2_playing,C2_ACTIVE_PLAY,clipvenue_a_blue_barrier,night,clip,True,10,12,False,0.0,
2_playing/clip_ca_1788518480806_t007300.jpg,2_playing,C2_ACTIVE_PLAY,clipvenue_a_blue_barrier,night,clip,True,9,10,False,0.0,
2_playing/clip_ca_1788518480806_t009333.jpg,2_playing,C2_ACTIVE_PLAY,clipvenue_a_blue_barrier,night,clip,True,11,13,False,0.0,
2_playing/clip_ca_1788518480806_t011366.jpg,2_playing,C2_ACTIVE_PLAY,clipvenue_a_blue_barrier,night,clip,True,10,11,False,0.0,
2_playing/clip_ca_1788518486158_t001200.jpg,2_playing,C2_ACTIVE_PLAY,clipvenue_a_blue_barrier,night,clip,True,12,13,True,0.0,
2_playing/clip_ca_1788518486158_t003133.jpg,2_playing,C2_ACTIVE_PLAY,clipvenue_a_blue_barrier,night,clip,True,10,11,False,0.0,
2_playing/clip_ca_1788518486158_t005066.jpg,2_playing,C2_ACTIVE_PLAY,clipvenue_a_blue_barrier,night,clip,True,12,12,True,0.0,
2_playing/clip_ca_1788518486158_t007000.jpg,2_playing,C2_ACTIVE_PLAY,clipvenue_a_blue_barrier,night,clip,True,12,12,True,0.0,
2_playing/clip_ca_1788518486158_t008933.jpg,2_playing,C2_ACTIVE_PLAY,clipvenue_a_blue_barrier,night,clip,True,10,10,False,0.0,
2_playing/clip_ca_1788518486158_t010866.jpg,2_playing,C2_ACTIVE_PLAY,clipvenue_a_blue_barrier,night,clip,True,11,11,True,0.0,
2_playing/clip_ca_1788518528712_t001266.jpg,2_playing,C2_ACTIVE_PLAY,clipvenue_a_blue_barrier,night,clip,True,9,10,False,0.0,
2_playing/clip_ca_1788518528712_t003300.jpg,2_playing,C2_ACTIVE_PLAY,clipvenue_a_blue_barrier,night,clip,True,10,10,False,0.0,
2_playing/clip_ca_1788518528712_t005333.jpg,2_playing,C2_ACTIVE_PLAY,clipvenue_a_blue_barrier,night,clip,True,11,11,False,0.0,
2_playing/clip_ca_1788518528712_t007400.jpg,2_playing,C2_ACTIVE_PLAY,clipvenue_a_blue_barrier,night,clip,True,11,11,False,0.0,
2_playing/clip_ca_1788518528712_t009433.jpg,2_playing,C2_ACTIVE_PLAY,clipvenue_a_blue_barrier,night,clip,True,13,13,False,0.0,
2_playing/clip_ca_1788518528712_t011466.jpg,2_playing,C2_ACTIVE_PLAY,clipvenue_a_blue_barrier,night,clip,True,12,12,False,0.0,
2_playing/clip_ca_1788518533961_t001333.jpg,2_playing,C2_ACTIVE_PLAY,clipvenue_a_blue_barrier,night,clip,True,11,11,True,0.0,
2_playing/clip_ca_1788518533961_t003466.jpg,2_playing,C2_ACTIVE_PLAY,clipvenue_a_blue_barrier,night,clip,True,12,12,True,0.0,
2_playing/clip_ca_1788518533961_t005600.jpg,2_playing,C2_ACTIVE_PLAY,clipvenue_a_blue_barrier,night,clip,True,11,11,True,0.0,
2_playing/clip_ca_1788518533961_t007733.jpg,2_playing,C2_ACTIVE_PLAY,clipvenue_a_blue_barrier,night,clip,True,10,10,False,0.0,
2_playing/clip_ca_1788518533961_t009866.jpg,2_playing,C2_ACTIVE_PLAY,clipvenue_a_blue_barrier,night,clip,True,10,10,True,0.0,
2_playing/clip_ca_1788518533961_t012000.jpg,2_playing,C2_ACTIVE_PLAY,clipvenue_a_blue_barrier,night,clip,True,9,9,False,0.0,
2_playing/clip_ca_1788518546012_t001233.jpg,2_playing,C2_ACTIVE_PLAY,clipvenue_a_blue_barrier,night,clip,True,7,7,True,0.0,
2_playing/clip_ca_1788518546012_t003266.jpg,2_playing,C2_ACTIVE_PLAY,clipvenue_a_blue_barrier,night,clip,True,7,7,True,0.0,
2_playing/clip_ca_1788518546012_t005300.jpg,2_playing,C2_ACTIVE_PLAY,clipvenue_a_blue_barrier,night,clip,True,10,10,False,0.0,
2_playing/clip_ca_1788518546012_t007300.jpg,2_playing,C2_ACTIVE_PLAY,clipvenue_a_blue_barrier,night,clip,True,10,10,False,0.0,
2_playing/clip_ca_1788518546012_t009333.jpg,2_playing,C2_ACTIVE_PLAY,clipvenue_a_blue_barrier,night,clip,True,10,10,False,0.0,
2_playing/clip_ca_1788518546012_t011366.jpg,2_playing,C2_ACTIVE_PLAY,clipvenue_a_blue_barrier,night,clip,True,8,8,False,0.0,
2_playing/clip_ca_1788518551408_t001366.jpg,2_playing,C2_ACTIVE_PLAY,clipvenue_a_blue_barrier,night,clip,True,5,8,False,0.0,
2_playing/clip_ca_1788518551408_t003566.jpg,2_playing,C2_ACTIVE_PLAY,clipvenue_a_blue_barrier,night,clip,True,6,12,False,0.0,
2_playing/clip_ca_1788518551408_t005766.jpg,2_playing,C2_ACTIVE_PLAY,clipvenue_a_blue_barrier,night,clip,True,10,12,False,0.0,
2_playing/clip_ca_1788518551408_t008000.jpg,2_playing,C2_ACTIVE_PLAY,clipvenue_a_blue_barrier,night,clip,True,11,11,False,0.0,
2_playing/clip_ca_1788518551408_t010200.jpg,2_playing,C2_ACTIVE_PLAY,clipvenue_a_blue_barrier,night,clip,True,5,5,False,0.0,
2_playing/clip_ca_1788518557362_t003633.jpg,2_playing,C2_ACTIVE_PLAY,clipvenue_a_blue_barrier,night,clip,True,5,8,False,0.0,
2_playing/clip_ca_1788518557362_t005866.jpg,2_playing,C2_ACTIVE_PLAY,clipvenue_a_blue_barrier,night,clip,True,5,10,False,0.0,
2_playing/clip_ca_1788518557362_t008133.jpg,2_playing,C2_ACTIVE_PLAY,clipvenue_a_blue_barrier,night,clip,True,5,8,False,0.0,
2_playing/clip_ca_1788518557362_t010366.jpg,2_playing,C2_ACTIVE_PLAY,clipvenue_a_blue_barrier,night,clip,True,5,8,False,0.0,
2_playing/clip_ca_1788518557362_t012600.jpg,2_playing,C2_ACTIVE_PLAY,clipvenue_a_blue_barrier,night,clip,True,6,7,False,0.0,
2_playing/clip_ca_1788518563639_t001300.jpg,2_playing,C2_ACTIVE_PLAY,clipvenue_a_blue_barrier,night,clip,True,7,11,False,0.0,
2_playing/clip_ca_1788518563639_t003433.jpg,2_playing,C2_ACTIVE_PLAY,clipvenue_a_blue_barrier,night,clip,True,8,13,True,0.0,
2_playing/clip_ca_1788518563639_t005566.jpg,2_playing,C2_ACTIVE_PLAY,clipvenue_a_blue_barrier,night,clip,True,12,17,False,0.0,
2_playing/clip_ca_1788518563639_t007700.jpg,2_playing,C2_ACTIVE_PLAY,clipvenue_a_blue_barrier,night,clip,True,9,13,True,0.0,
2_playing/clip_ca_1788518563639_t009833.jpg,2_playing,C2_ACTIVE_PLAY,clipvenue_a_blue_barrier,night,clip,True,5,8,False,0.0,
2_playing/clip_ca_1788518563639_t011966.jpg,2_playing,C2_ACTIVE_PLAY,clipvenue_a_blue_barrier,night,clip,True,5,8,False,0.0,
2_playing/clip_ca_1788518570250_t001266.jpg,2_playing,C2_ACTIVE_PLAY,clipvenue_a_blue_barrier,night,clip,True,8,10,False,0.0,
2_playing/clip_ca_1788518570250_t003333.jpg,2_playing,C2_ACTIVE_PLAY,clipvenue_a_blue_barrier,night,clip,True,9,11,False,0.0,
2_playing/clip_ca_1788518570250_t005400.jpg,2_playing,C2_ACTIVE_PLAY,clipvenue_a_blue_barrier,night,clip,True,9,10,False,0.0,
2_playing/clip_ca_1788518570250_t007466.jpg,2_playing,C2_ACTIVE_PLAY,clipvenue_a_blue_barrier,night,clip,True,10,11,False,0.0,
2_playing/clip_ca_1788518570250_t009533.jpg,2_playing,C2_ACTIVE_PLAY,clipvenue_a_blue_barrier,night,clip,True,12,15,False,0.0,
2_playing/clip_ca_1788518570250_t011600.jpg,2_playing,C2_ACTIVE_PLAY,clipvenue_a_blue_barrier,night,clip,True,12,13,False,0.0,
2_playing/clip_ca_1788518575705_t001300.jpg,2_playing,C2_ACTIVE_PLAY,clipvenue_a_blue_barrier,night,clip,True,7,10,False,0.0,
2_playing/clip_ca_1788518575705_t003400.jpg,2_playing,C2_ACTIVE_PLAY,clipvenue_a_blue_barrier,night,clip,True,11,17,False,0.0,
2_playing/clip_ca_1788518575705_t005500.jpg,2_playing,C2_ACTIVE_PLAY,clipvenue_a_blue_barrier,night,clip,True,12,14,False,0.0,
2_playing/clip_ca_1788518575705_t007600.jpg,2_playing,C2_ACTIVE_PLAY,clipvenue_a_blue_barrier,night,clip,True,11,15,False,0.0,
2_playing/clip_ca_1788518575705_t009700.jpg,2_playing,C2_ACTIVE_PLAY,clipvenue_a_blue_barrier,night,clip,True,8,11,False,0.0,
2_playing/clip_ca_1788518575705_t011800.jpg,2_playing,C2_ACTIVE_PLAY,clipvenue_a_blue_barrier,night,clip,True,9,14,True,0.0,
2_playing/clip_ca_1788518581547_t001300.jpg,2_playing,C2_ACTIVE_PLAY,clipvenue_a_blue_barrier,night,clip,True,11,16,True,0.0,
2_playing/clip_ca_1788518581547_t003433.jpg,2_playing,C2_ACTIVE_PLAY,clipvenue_a_blue_barrier,night,clip,True,13,15,True,0.0,
2_playing/clip_ca_1788518581547_t005533.jpg,2_playing,C2_ACTIVE_PLAY,clipvenue_a_blue_barrier,night,clip,True,12,17,False,0.0,
2_playing/clip_ca_1788518581547_t007666.jpg,2_playing,C2_ACTIVE_PLAY,clipvenue_a_blue_barrier,night,clip,True,10,15,False,0.0,
2_playing/clip_ca_1788518581547_t009766.jpg,2_playing,C2_ACTIVE_PLAY,clipvenue_a_blue_barrier,night,clip,True,12,17,True,0.0,
2_playing/clip_ca_1788518581547_t011900.jpg,2_playing,C2_ACTIVE_PLAY,clipvenue_a_blue_barrier,night,clip,True,11,15,False,0.0,
2_playing/clip_cb_1788518043376_t001266.jpg,2_playing,C2_ACTIVE_PLAY,clipvenue_b_floodlit_track,night,clip,True,9,10,False,0.0,
2_playing/clip_cb_1788518043376_t003333.jpg,2_playing,C2_ACTIVE_PLAY,clipvenue_b_floodlit_track,night,clip,True,12,13,True,0.0,
2_playing/clip_cb_1788518043376_t005366.jpg,2_playing,C2_ACTIVE_PLAY,clipvenue_b_floodlit_track,night,clip,True,12,13,True,0.0,
2_playing/clip_cb_1788518043376_t007433.jpg,2_playing,C2_ACTIVE_PLAY,clipvenue_b_floodlit_track,night,clip,True,12,13,False,0.0,
2_playing/clip_cb_1788518043376_t009466.jpg,2_playing,C2_ACTIVE_PLAY,clipvenue_b_floodlit_track,night,clip,True,12,12,False,0.0,
2_playing/clip_cb_1788518043376_t011533.jpg,2_playing,C2_ACTIVE_PLAY,clipvenue_b_floodlit_track,night,clip,True,9,12,False,0.0,
2_playing/clip_cb_1788518049658_t001200.jpg,2_playing,C2_ACTIVE_PLAY,clipvenue_b_floodlit_track,night,clip,True,7,11,False,0.0,
2_playing/clip_cb_1788518049658_t003133.jpg,2_playing,C2_ACTIVE_PLAY,clipvenue_b_floodlit_track,night,clip,True,16,18,False,0.0,
2_playing/clip_cb_1788518049658_t005066.jpg,2_playing,C2_ACTIVE_PLAY,clipvenue_b_floodlit_track,night,clip,True,16,18,True,0.0,
2_playing/clip_cb_1788518049658_t007000.jpg,2_playing,C2_ACTIVE_PLAY,clipvenue_b_floodlit_track,night,clip,True,13,15,True,0.0,
2_playing/clip_cb_1788518049658_t008933.jpg,2_playing,C2_ACTIVE_PLAY,clipvenue_b_floodlit_track,night,clip,True,10,12,False,0.0,
2_playing/clip_cb_1788518049658_t010866.jpg,2_playing,C2_ACTIVE_PLAY,clipvenue_b_floodlit_track,night,clip,True,10,12,False,0.0,
2_playing/clip_cb_1788518452957_t001200.jpg,2_playing,C2_ACTIVE_PLAY,clipvenue_b_floodlit_track,night,clip,True,6,6,False,0.0,
2_playing/clip_cb_1788518452957_t003133.jpg,2_playing,C2_ACTIVE_PLAY,clipvenue_b_floodlit_track,night,clip,True,10,13,False,0.0,
2_playing/clip_cb_1788518452957_t005066.jpg,2_playing,C2_ACTIVE_PLAY,clipvenue_b_floodlit_track,night,clip,True,10,14,False,0.0,
2_playing/clip_cb_1788518452957_t007000.jpg,2_playing,C2_ACTIVE_PLAY,clipvenue_b_floodlit_track,night,clip,True,9,10,False,0.0,
2_playing/clip_cb_1788518452957_t008933.jpg,2_playing,C2_ACTIVE_PLAY,clipvenue_b_floodlit_track,night,clip,True,9,10,False,0.0,
2_playing/clip_cb_1788518452957_t010866.jpg,2_playing,C2_ACTIVE_PLAY,clipvenue_b_floodlit_track,night,clip,True,10,12,False,0.0,
2_playing/clip_cb_1788518463024_t001366.jpg,2_playing,C2_ACTIVE_PLAY,clipvenue_b_floodlit_track,night,clip,True,9,10,False,0.0,
2_playing/clip_cb_1788518463024_t003533.jpg,2_playing,C2_ACTIVE_PLAY,clipvenue_b_floodlit_track,night,clip,True,9,10,False,0.0,
2_playing/clip_cb_1788518463024_t005733.jpg,2_playing,C2_ACTIVE_PLAY,clipvenue_b_floodlit_track,night,clip,True,14,14,True,0.0,
2_playing/clip_cb_1788518463024_t007900.jpg,2_playing,C2_ACTIVE_PLAY,clipvenue_b_floodlit_track,night,clip,True,9,11,False,0.0,
2_playing/clip_cb_1788518463024_t010100.jpg,2_playing,C2_ACTIVE_PLAY,clipvenue_b_floodlit_track,night,clip,True,10,11,False,0.0,
2_playing/clip_cb_1788518463024_t012300.jpg,2_playing,C2_ACTIVE_PLAY,clipvenue_b_floodlit_track,night,clip,True,12,12,False,0.0,
2_playing/clip_cb_1788518469145_t001400.jpg,2_playing,C2_ACTIVE_PLAY,clipvenue_b_floodlit_track,night,clip,True,13,15,False,0.0,
2_playing/clip_cb_1788518469145_t003633.jpg,2_playing,C2_ACTIVE_PLAY,clipvenue_b_floodlit_track,night,clip,True,11,11,False,0.0,
2_playing/clip_cb_1788518469145_t005866.jpg,2_playing,C2_ACTIVE_PLAY,clipvenue_b_floodlit_track,night,clip,True,11,12,True,0.0,
2_playing/clip_cb_1788518469145_t008100.jpg,2_playing,C2_ACTIVE_PLAY,clipvenue_b_floodlit_track,night,clip,True,13,13,False,0.0,
2_playing/clip_cb_1788518469145_t010333.jpg,2_playing,C2_ACTIVE_PLAY,clipvenue_b_floodlit_track,night,clip,True,11,12,False,0.0,
2_playing/clip_cb_1788518469145_t012600.jpg,2_playing,C2_ACTIVE_PLAY,clipvenue_b_floodlit_track,night,clip,True,10,11,False,0.0,
2_playing/clip_cb_1788518680610_t001233.jpg,2_playing,C2_ACTIVE_PLAY,clipvenue_b_floodlit_track,night,clip,True,10,10,True,0.0,
2_playing/clip_cb_1788518680610_t003200.jpg,2_playing,C2_ACTIVE_PLAY,clipvenue_b_floodlit_track,night,clip,True,7,9,True,0.0,
2_playing/clip_cb_1788518680610_t005200.jpg,2_playing,C2_ACTIVE_PLAY,clipvenue_b_floodlit_track,night,clip,True,9,10,True,0.0,
2_playing/clip_cb_1788518680610_t007200.jpg,2_playing,C2_ACTIVE_PLAY,clipvenue_b_floodlit_track,night,clip,True,8,8,False,0.0,
2_playing/clip_cb_1788518680610_t009200.jpg,2_playing,C2_ACTIVE_PLAY,clipvenue_b_floodlit_track,night,clip,True,12,12,True,0.0,
2_playing/clip_cb_1788518680610_t011166.jpg,2_playing,C2_ACTIVE_PLAY,clipvenue_b_floodlit_track,night,clip,True,12,12,False,0.0,
2_playing/clip_cb_1788518688922_t001233.jpg,2_playing,C2_ACTIVE_PLAY,clipvenue_b_floodlit_track,night,clip,True,10,12,True,0.0,
2_playing/clip_cb_1788518688922_t003266.jpg,2_playing,C2_ACTIVE_PLAY,clipvenue_b_floodlit_track,night,clip,True,6,8,True,0.0,
2_playing/clip_cb_1788518688922_t005266.jpg,2_playing,C2_ACTIVE_PLAY,clipvenue_b_floodlit_track,night,clip,True,6,9,True,0.0,
2_playing/clip_cb_1788518688922_t007300.jpg,2_playing,C2_ACTIVE_PLAY,clipvenue_b_floodlit_track,night,clip,True,9,10,True,0.0,
2_playing/clip_cb_1788518688922_t009300.jpg,2_playing,C2_ACTIVE_PLAY,clipvenue_b_floodlit_track,night,clip,True,9,10,True,0.0,
2_playing/clip_cb_1788518688922_t011333.jpg,2_playing,C2_ACTIVE_PLAY,clipvenue_b_floodlit_track,night,clip,True,12,13,True,0.0,
2_playing/clip_cb_1788518694984_t001300.jpg,2_playing,C2_ACTIVE_PLAY,clipvenue_b_floodlit_track,night,clip,True,6,13,True,0.0,
2_playing/clip_cb_1788518694984_t009666.jpg,2_playing,C2_ACTIVE_PLAY,clipvenue_b_floodlit_track,night,clip,True,6,14,False,0.0,
2_playing/clip_cb_1788518700749_t001366.jpg,2_playing,C2_ACTIVE_PLAY,clipvenue_b_floodlit_track,night,clip,True,8,10,False,0.0,
2_playing/clip_cb_1788518700749_t003566.jpg,2_playing,C2_ACTIVE_PLAY,clipvenue_b_floodlit_track,night,clip,True,11,13,True,0.0,
2_playing/clip_cb_1788518700749_t005800.jpg,2_playing,C2_ACTIVE_PLAY,clipvenue_b_floodlit_track,night,clip,True,12,13,True,0.0,
2_playing/clip_cb_1788518700749_t008000.jpg,2_playing,C2_ACTIVE_PLAY,clipvenue_b_floodlit_track,night,clip,True,11,12,True,0.0,
2_playing/clip_cb_1788518700749_t010233.jpg,2_playing,C2_ACTIVE_PLAY,clipvenue_b_floodlit_track,night,clip,True,10,11,True,0.0,
2_playing/clip_cb_1788518700749_t012433.jpg,2_playing,C2_ACTIVE_PLAY,clipvenue_b_floodlit_track,night,clip,True,8,10,True,0.0,
2_playing/clip_cb_1788518706532_t001266.jpg,2_playing,C2_ACTIVE_PLAY,clipvenue_b_floodlit_track,night,clip,True,7,11,True,0.0,
2_playing/clip_cb_1788518706532_t003300.jpg,2_playing,C2_ACTIVE_PLAY,clipvenue_b_floodlit_track,night,clip,True,6,9,True,0.0,
2_playing/clip_cb_1788518706532_t005333.jpg,2_playing,C2_ACTIVE_PLAY,clipvenue_b_floodlit_track,night,clip,True,7,10,True,0.0,
2_playing/clip_cb_1788518706532_t007400.jpg,2_playing,C2_ACTIVE_PLAY,clipvenue_b_floodlit_track,night,clip,True,5,9,False,0.0,
2_playing/clip_cb_1788518706532_t009433.jpg,2_playing,C2_ACTIVE_PLAY,clipvenue_b_floodlit_track,night,clip,True,5,12,True,0.0,
2_playing/clip_cb_1788518706532_t011466.jpg,2_playing,C2_ACTIVE_PLAY,clipvenue_b_floodlit_track,night,clip,True,8,12,True,0.0,
2_playing/clip_cb_1788518736613_t001300.jpg,2_playing,C2_ACTIVE_PLAY,clipvenue_b_floodlit_track,night,clip,True,12,14,False,0.0,
2_playing/clip_cb_1788518736613_t003433.jpg,2_playing,C2_ACTIVE_PLAY,clipvenue_b_floodlit_track,night,clip,True,11,13,False,0.0,
2_playing/clip_cb_1788518736613_t005566.jpg,2_playing,C2_ACTIVE_PLAY,clipvenue_b_floodlit_track,night,clip,True,10,11,False,0.0,
2_playing/clip_cb_1788518736613_t007700.jpg,2_playing,C2_ACTIVE_PLAY,clipvenue_b_floodlit_track,night,clip,True,10,14,False,0.0,
2_playing/clip_cb_1788518736613_t009833.jpg,2_playing,C2_ACTIVE_PLAY,clipvenue_b_floodlit_track,night,clip,True,8,14,False,0.0,
2_playing/clip_cb_1788518736613_t011966.jpg,2_playing,C2_ACTIVE_PLAY,clipvenue_b_floodlit_track,night,clip,True,9,12,False,0.0,
2_playing/clip_cb_1788518742645_t001200.jpg,2_playing,C2_ACTIVE_PLAY,clipvenue_b_floodlit_track,night,clip,True,8,12,True,0.0,
2_playing/clip_cb_1788518742645_t003133.jpg,2_playing,C2_ACTIVE_PLAY,clipvenue_b_floodlit_track,night,clip,True,10,15,False,0.0,
2_playing/clip_cb_1788518742645_t005066.jpg,2_playing,C2_ACTIVE_PLAY,clipvenue_b_floodlit_track,night,clip,True,9,15,False,0.0,
2_playing/clip_cb_1788518742645_t007000.jpg,2_playing,C2_ACTIVE_PLAY,clipvenue_b_floodlit_track,night,clip,True,7,13,False,0.0,
2_playing/clip_cb_1788518742645_t008933.jpg,2_playing,C2_ACTIVE_PLAY,clipvenue_b_floodlit_track,night,clip,True,7,13,False,0.0,
2_playing/clip_cb_1788518742645_t010866.jpg,2_playing,C2_ACTIVE_PLAY,clipvenue_b_floodlit_track,night,clip,True,9,14,False,0.0,
2_playing/clip_cb_1788518748061_t001200.jpg,2_playing,C2_ACTIVE_PLAY,clipvenue_b_floodlit_track,night,clip,True,8,10,True,0.0,
2_playing/clip_cb_1788518748061_t003166.jpg,2_playing,C2_ACTIVE_PLAY,clipvenue_b_floodlit_track,night,clip,True,8,9,True,0.0,
2_playing/clip_cb_1788518748061_t005133.jpg,2_playing,C2_ACTIVE_PLAY,clipvenue_b_floodlit_track,night,clip,True,9,10,True,0.0,
2_playing/clip_cb_1788518748061_t007100.jpg,2_playing,C2_ACTIVE_PLAY,clipvenue_b_floodlit_track,night,clip,True,11,11,True,0.0,
2_playing/clip_cb_1788518748061_t009066.jpg,2_playing,C2_ACTIVE_PLAY,clipvenue_b_floodlit_track,night,clip,True,10,11,True,0.0,
2_playing/clip_cb_1788518748061_t011033.jpg,2_playing,C2_ACTIVE_PLAY,clipvenue_b_floodlit_track,night,clip,True,7,8,True,0.0,
2_playing/clip_cc_1788518491617_t001300.jpg,2_playing,C2_ACTIVE_PLAY,clipvenue_c_teal_boards,night,clip,True,16,17,True,0.0,
2_playing/clip_cc_1788518491617_t003400.jpg,2_playing,C2_ACTIVE_PLAY,clipvenue_c_teal_boards,night,clip,True,13,14,True,0.0,
2_playing/clip_cc_1788518491617_t005500.jpg,2_playing,C2_ACTIVE_PLAY,clipvenue_c_teal_boards,night,clip,True,13,14,True,0.0,
2_playing/clip_cc_1788518491617_t007566.jpg,2_playing,C2_ACTIVE_PLAY,clipvenue_c_teal_boards,night,clip,True,14,15,True,0.0,
2_playing/clip_cc_1788518491617_t009666.jpg,2_playing,C2_ACTIVE_PLAY,clipvenue_c_teal_boards,night,clip,True,16,17,True,0.0,
2_playing/clip_cc_1788518491617_t011766.jpg,2_playing,C2_ACTIVE_PLAY,clipvenue_c_teal_boards,night,clip,True,16,17,True,0.0,
2_playing/clip_cc_1788518496823_t001266.jpg,2_playing,C2_ACTIVE_PLAY,clipvenue_c_teal_boards,night,clip,True,11,11,True,0.0,
2_playing/clip_cc_1788518496823_t003333.jpg,2_playing,C2_ACTIVE_PLAY,clipvenue_c_teal_boards,night,clip,True,16,17,True,0.0,
2_playing/clip_cc_1788518496823_t005400.jpg,2_playing,C2_ACTIVE_PLAY,clipvenue_c_teal_boards,night,clip,True,16,17,True,0.0,
2_playing/clip_cc_1788518496823_t007433.jpg,2_playing,C2_ACTIVE_PLAY,clipvenue_c_teal_boards,night,clip,True,14,15,False,0.0,
2_playing/clip_cc_1788518496823_t009500.jpg,2_playing,C2_ACTIVE_PLAY,clipvenue_c_teal_boards,night,clip,True,14,14,True,0.0,
2_playing/clip_cc_1788518496823_t011566.jpg,2_playing,C2_ACTIVE_PLAY,clipvenue_c_teal_boards,night,clip,True,15,15,True,0.0,
2_playing/clip_cc_1788518502597_t001233.jpg,2_playing,C2_ACTIVE_PLAY,clipvenue_c_teal_boards,night,clip,True,10,11,True,0.0,
2_playing/clip_cc_1788518502597_t003266.jpg,2_playing,C2_ACTIVE_PLAY,clipvenue_c_teal_boards,night,clip,True,12,13,True,0.0,
2_playing/clip_cc_1788518502597_t005266.jpg,2_playing,C2_ACTIVE_PLAY,clipvenue_c_teal_boards,night,clip,True,14,15,True,0.0,
2_playing/clip_cc_1788518502597_t007266.jpg,2_playing,C2_ACTIVE_PLAY,clipvenue_c_teal_boards,night,clip,True,13,14,True,0.0,
2_playing/clip_cc_1788518502597_t009266.jpg,2_playing,C2_ACTIVE_PLAY,clipvenue_c_teal_boards,night,clip,True,13,14,True,0.0,
2_playing/clip_cc_1788518502597_t011300.jpg,2_playing,C2_ACTIVE_PLAY,clipvenue_c_teal_boards,night,clip,True,15,16,True,0.0,
2_playing/clip_cc_1788518508545_t001200.jpg,2_playing,C2_ACTIVE_PLAY,clipvenue_c_teal_boards,night,clip,True,13,14,True,0.0,
2_playing/clip_cc_1788518508545_t003166.jpg,2_playing,C2_ACTIVE_PLAY,clipvenue_c_teal_boards,night,clip,True,15,16,True,0.0,
2_playing/clip_cc_1788518508545_t005133.jpg,2_playing,C2_ACTIVE_PLAY,clipvenue_c_teal_boards,night,clip,True,17,18,False,0.0,
2_playing/clip_cc_1788518508545_t007133.jpg,2_playing,C2_ACTIVE_PLAY,clipvenue_c_teal_boards,night,clip,True,14,15,False,0.0,
2_playing/clip_cc_1788518508545_t009100.jpg,2_playing,C2_ACTIVE_PLAY,clipvenue_c_teal_boards,night,clip,True,16,17,True,0.0,
2_playing/clip_cc_1788518508545_t011066.jpg,2_playing,C2_ACTIVE_PLAY,clipvenue_c_teal_boards,night,clip,True,17,18,True,0.0,
2_playing/clip_cc_1788518513386_t001333.jpg,2_playing,C2_ACTIVE_PLAY,clipvenue_c_teal_boards,night,clip,True,7,8,False,0.0,
2_playing/clip_cc_1788518513386_t003466.jpg,2_playing,C2_ACTIVE_PLAY,clipvenue_c_teal_boards,night,clip,True,7,8,True,0.0,
2_playing/clip_cc_1788518513386_t005600.jpg,2_playing,C2_ACTIVE_PLAY,clipvenue_c_teal_boards,night,clip,True,15,16,True,0.0,
2_playing/clip_cc_1788518513386_t007733.jpg,2_playing,C2_ACTIVE_PLAY,clipvenue_c_teal_boards,night,clip,True,12,13,True,0.0,
2_playing/clip_cc_1788518513386_t009866.jpg,2_playing,C2_ACTIVE_PLAY,clipvenue_c_teal_boards,night,clip,True,13,13,False,0.0,
2_playing/clip_cc_1788518513386_t012000.jpg,2_playing,C2_ACTIVE_PLAY,clipvenue_c_teal_boards,night,clip,True,15,16,True,0.0,
2_playing/clip_cc_1788518518750_t001366.jpg,2_playing,C2_ACTIVE_PLAY,clipvenue_c_teal_boards,night,clip,True,12,13,True,0.0,
2_playing/clip_cc_1788518518750_t003600.jpg,2_playing,C2_ACTIVE_PLAY,clipvenue_c_teal_boards,night,clip,True,14,15,True,0.0,
2_playing/clip_cc_1788518518750_t005833.jpg,2_playing,C2_ACTIVE_PLAY,clipvenue_c_teal_boards,night,clip,True,11,12,True,0.0,
2_playing/clip_cc_1788518518750_t008100.jpg,2_playing,C2_ACTIVE_PLAY,clipvenue_c_teal_boards,night,clip,True,8,8,True,0.0,
2_playing/clip_cc_1788518518750_t010333.jpg,2_playing,C2_ACTIVE_PLAY,clipvenue_c_teal_boards,night,clip,True,11,12,True,0.0,
2_playing/clip_cc_1788518518750_t012566.jpg,2_playing,C2_ACTIVE_PLAY,clipvenue_c_teal_boards,night,clip,True,13,13,True,0.0,
2_playing/clip_cd_1788518082821_t001000.jpg,2_playing,C2_ACTIVE_PLAY,clipvenue_d_indoor_dome,night,clip,True,10,10,False,0.0,
2_playing/clip_cd_1788518082821_t002633.jpg,2_playing,C2_ACTIVE_PLAY,clipvenue_d_indoor_dome,night,clip,True,8,10,False,0.0,
2_playing/clip_cd_1788518082821_t004266.jpg,2_playing,C2_ACTIVE_PLAY,clipvenue_d_indoor_dome,night,clip,True,12,13,False,0.0,
2_playing/clip_cd_1788518082821_t005900.jpg,2_playing,C2_ACTIVE_PLAY,clipvenue_d_indoor_dome,night,clip,True,9,10,False,0.0,
2_playing/clip_cd_1788518082821_t007533.jpg,2_playing,C2_ACTIVE_PLAY,clipvenue_d_indoor_dome,night,clip,True,7,11,False,0.0,
2_playing/clip_cd_1788518082821_t009166.jpg,2_playing,C2_ACTIVE_PLAY,clipvenue_d_indoor_dome,night,clip,True,5,12,False,0.0,
2_playing/clip_cd_1788518094123_t001000.jpg,2_playing,C2_ACTIVE_PLAY,clipvenue_d_indoor_dome,night,clip,True,11,14,True,0.0,
2_playing/clip_cd_1788518094123_t002633.jpg,2_playing,C2_ACTIVE_PLAY,clipvenue_d_indoor_dome,night,clip,True,11,15,False,0.0,
2_playing/clip_cd_1788518094123_t004266.jpg,2_playing,C2_ACTIVE_PLAY,clipvenue_d_indoor_dome,night,clip,True,9,13,False,0.0,
2_playing/clip_cd_1788518094123_t005900.jpg,2_playing,C2_ACTIVE_PLAY,clipvenue_d_indoor_dome,night,clip,True,5,11,False,0.0,
2_playing/clip_cd_1788518094123_t007533.jpg,2_playing,C2_ACTIVE_PLAY,clipvenue_d_indoor_dome,night,clip,True,8,8,False,0.0,
2_playing/clip_cd_1788518094123_t009166.jpg,2_playing,C2_ACTIVE_PLAY,clipvenue_d_indoor_dome,night,clip,True,5,7,False,0.0,
2_playing/clip_cd_1788518102618_t001000.jpg,2_playing,C2_ACTIVE_PLAY,clipvenue_d_indoor_dome,night,clip,True,10,12,True,0.0,
2_playing/clip_cd_1788518102618_t002633.jpg,2_playing,C2_ACTIVE_PLAY,clipvenue_d_indoor_dome,night,clip,True,8,10,False,0.0,
2_playing/clip_cd_1788518102618_t004266.jpg,2_playing,C2_ACTIVE_PLAY,clipvenue_d_indoor_dome,night,clip,True,10,11,True,0.0,
2_playing/clip_cd_1788518102618_t005900.jpg,2_playing,C2_ACTIVE_PLAY,clipvenue_d_indoor_dome,night,clip,True,7,8,True,0.0,
2_playing/clip_cd_1788518102618_t007533.jpg,2_playing,C2_ACTIVE_PLAY,clipvenue_d_indoor_dome,night,clip,True,6,8,False,0.0,
2_playing/clip_cd_1788518102618_t009166.jpg,2_playing,C2_ACTIVE_PLAY,clipvenue_d_indoor_dome,night,clip,True,8,9,False,0.0,
2_playing/clip_ce_1788518718116_t001333.jpg,2_playing,C2_ACTIVE_PLAY,clipvenue_e_pink_boards,night,clip,True,14,14,True,0.0,
2_playing/clip_ce_1788518718116_t003533.jpg,2_playing,C2_ACTIVE_PLAY,clipvenue_e_pink_boards,night,clip,True,14,14,True,0.0,
2_playing/clip_ce_1788518718116_t005700.jpg,2_playing,C2_ACTIVE_PLAY,clipvenue_e_pink_boards,night,clip,True,16,16,True,0.0,
2_playing/clip_ce_1788518718116_t007866.jpg,2_playing,C2_ACTIVE_PLAY,clipvenue_e_pink_boards,night,clip,True,14,14,True,0.0,
2_playing/clip_ce_1788518718116_t010033.jpg,2_playing,C2_ACTIVE_PLAY,clipvenue_e_pink_boards,night,clip,True,13,13,True,0.0,
2_playing/clip_ce_1788518718116_t012233.jpg,2_playing,C2_ACTIVE_PLAY,clipvenue_e_pink_boards,night,clip,True,14,14,True,0.0,
2_playing/clip_ce_1788518723558_t001266.jpg,2_playing,C2_ACTIVE_PLAY,clipvenue_e_pink_boards,night,clip,True,14,14,True,0.0,
2_playing/clip_ce_1788518723558_t003366.jpg,2_playing,C2_ACTIVE_PLAY,clipvenue_e_pink_boards,night,clip,True,13,13,True,0.0,
2_playing/clip_ce_1788518723558_t005433.jpg,2_playing,C2_ACTIVE_PLAY,clipvenue_e_pink_boards,night,clip,True,14,14,True,0.0,
2_playing/clip_ce_1788518723558_t007500.jpg,2_playing,C2_ACTIVE_PLAY,clipvenue_e_pink_boards,night,clip,True,12,12,True,0.0,
2_playing/clip_ce_1788518723558_t009566.jpg,2_playing,C2_ACTIVE_PLAY,clipvenue_e_pink_boards,night,clip,True,12,12,False,0.0,
2_playing/clip_ce_1788518723558_t011666.jpg,2_playing,C2_ACTIVE_PLAY,clipvenue_e_pink_boards,night,clip,True,11,11,True,0.0,
2_playing/clip_ce_1788518730311_t001400.jpg,2_playing,C2_ACTIVE_PLAY,clipvenue_e_pink_boards,night,clip,True,17,17,True,0.0,
2_playing/clip_ce_1788518730311_t003633.jpg,2_playing,C2_ACTIVE_PLAY,clipvenue_e_pink_boards,night,clip,True,13,13,True,0.0,
2_playing/clip_ce_1788518730311_t005866.jpg,2_playing,C2_ACTIVE_PLAY,clipvenue_e_pink_boards,night,clip,True,16,16,True,0.0,
2_playing/clip_ce_1788518730311_t008100.jpg,2_playing,C2_ACTIVE_PLAY,clipvenue_e_pink_boards,night,clip,True,13,13,True,0.0,
2_playing/clip_ce_1788518730311_t010333.jpg,2_playing,C2_ACTIVE_PLAY,clipvenue_e_pink_boards,night,clip,True,15,15,True,0.0,
2_playing/clip_ce_1788518730311_t012600.jpg,2_playing,C2_ACTIVE_PLAY,clipvenue_e_pink_boards,night,clip,True,15,15,False,0.0,
2_playing/clip_cf_1788517934401_t001000.jpg,2_playing,C2_ACTIVE_PLAY,clipvenue_f_outdoor_bldg,night,clip,True,11,11,False,0.0,
2_playing/clip_cf_1788517934401_t002666.jpg,2_playing,C2_ACTIVE_PLAY,clipvenue_f_outdoor_bldg,night,clip,True,8,8,True,0.0,
2_playing/clip_cf_1788517934401_t004300.jpg,2_playing,C2_ACTIVE_PLAY,clipvenue_f_outdoor_bldg,night,clip,True,10,10,False,0.0,
2_playing/clip_cf_1788517934401_t005933.jpg,2_playing,C2_ACTIVE_PLAY,clipvenue_f_outdoor_bldg,night,clip,True,7,7,False,0.0,
2_playing/clip_cf_1788517934401_t007566.jpg,2_playing,C2_ACTIVE_PLAY,clipvenue_f_outdoor_bldg,night,clip,True,6,6,False,0.0,
2_playing/clip_cf_1788517934401_t009233.jpg,2_playing,C2_ACTIVE_PLAY,clipvenue_f_outdoor_bldg,night,clip,True,5,5,True,0.0,
2_playing/clip_cf_1788518024202_t001000.jpg,2_playing,C2_ACTIVE_PLAY,clipvenue_f_outdoor_bldg,night,clip,True,9,11,False,0.0,
2_playing/clip_cf_1788518024202_t002633.jpg,2_playing,C2_ACTIVE_PLAY,clipvenue_f_outdoor_bldg,night,clip,True,9,9,False,0.0,
2_playing/clip_cf_1788518024202_t004266.jpg,2_playing,C2_ACTIVE_PLAY,clipvenue_f_outdoor_bldg,night,clip,True,9,10,False,0.0,
2_playing/clip_cf_1788518024202_t005933.jpg,2_playing,C2_ACTIVE_PLAY,clipvenue_f_outdoor_bldg,night,clip,True,7,8,False,0.0,
2_playing/clip_cf_1788518024202_t007566.jpg,2_playing,C2_ACTIVE_PLAY,clipvenue_f_outdoor_bldg,night,clip,True,6,6,False,0.0,
2_playing/clip_cf_1788518024202_t009200.jpg,2_playing,C2_ACTIVE_PLAY,clipvenue_f_outdoor_bldg,night,clip,True,8,10,False,0.0,
2_playing/clip_cg_1788518055948_t001200.jpg,2_playing,C2_ACTIVE_PLAY,clipvenue_g_netting,night,clip,True,5,5,True,0.0,
2_playing/clip_cg_1788518055948_t003166.jpg,2_playing,C2_ACTIVE_PLAY,clipvenue_g_netting,night,clip,True,7,7,True,0.0,
2_playing/clip_cg_1788518055948_t005100.jpg,2_playing,C2_ACTIVE_PLAY,clipvenue_g_netting,night,clip,True,11,11,False,0.0,
2_playing/clip_cg_1788518055948_t007066.jpg,2_playing,C2_ACTIVE_PLAY,clipvenue_g_netting,night,clip,True,10,10,False,0.0,
2_playing/clip_cg_1788518055948_t009000.jpg,2_playing,C2_ACTIVE_PLAY,clipvenue_g_netting,night,clip,True,7,7,True,0.0,
2_playing/clip_cg_1788518055948_t010966.jpg,2_playing,C2_ACTIVE_PLAY,clipvenue_g_netting,night,clip,True,8,8,False,0.0,
2_playing/clip_cg_1788518136880_t001200.jpg,2_playing,C2_ACTIVE_PLAY,clipvenue_g_netting,night,clip,True,11,11,False,0.0,
2_playing/clip_cg_1788518136880_t003166.jpg,2_playing,C2_ACTIVE_PLAY,clipvenue_g_netting,night,clip,True,13,13,False,0.0,
2_playing/clip_cg_1788518136880_t005133.jpg,2_playing,C2_ACTIVE_PLAY,clipvenue_g_netting,night,clip,True,11,11,False,0.0,
2_playing/clip_cg_1788518136880_t007066.jpg,2_playing,C2_ACTIVE_PLAY,clipvenue_g_netting,night,clip,True,11,11,False,0.0,
2_playing/clip_cg_1788518136880_t009033.jpg,2_playing,C2_ACTIVE_PLAY,clipvenue_g_netting,night,clip,True,9,9,False,0.0,
2_playing/clip_cg_1788518136880_t011000.jpg,2_playing,C2_ACTIVE_PLAY,clipvenue_g_netting,night,clip,True,12,12,True,0.0,
2_playing/clip_cg_1788518144607_t001200.jpg,2_playing,C2_ACTIVE_PLAY,clipvenue_g_netting,night,clip,True,10,10,False,0.0,
2_playing/clip_cg_1788518144607_t003133.jpg,2_playing,C2_ACTIVE_PLAY,clipvenue_g_netting,night,clip,True,9,9,False,0.0,
2_playing/clip_cg_1788518144607_t005066.jpg,2_playing,C2_ACTIVE_PLAY,clipvenue_g_netting,night,clip,True,8,8,False,0.0,
2_playing/clip_cg_1788518144607_t007033.jpg,2_playing,C2_ACTIVE_PLAY,clipvenue_g_netting,night,clip,True,10,10,False,0.0,
2_playing/clip_cg_1788518144607_t008966.jpg,2_playing,C2_ACTIVE_PLAY,clipvenue_g_netting,night,clip,True,8,8,False,0.0,
2_playing/clip_cg_1788518144607_t010900.jpg,2_playing,C2_ACTIVE_PLAY,clipvenue_g_netting,night,clip,True,9,9,False,0.0,
2_playing/clip_cg_1788518149492_t001366.jpg,2_playing,C2_ACTIVE_PLAY,clipvenue_g_netting,night,clip,True,7,7,True,0.0,
2_playing/clip_cg_1788518149492_t003600.jpg,2_playing,C2_ACTIVE_PLAY,clipvenue_g_netting,night,clip,True,7,7,False,0.0,
2_playing/clip_cg_1788518149492_t005833.jpg,2_playing,C2_ACTIVE_PLAY,clipvenue_g_netting,night,clip,True,7,7,False,0.0,
2_playing/clip_cg_1788518149492_t008100.jpg,2_playing,C2_ACTIVE_PLAY,clipvenue_g_netting,night,clip,True,9,9,False,0.0,
2_playing/clip_cg_1788518149492_t010333.jpg,2_playing,C2_ACTIVE_PLAY,clipvenue_g_netting,night,clip,True,11,11,False,0.0,
2_playing/clip_cg_1788518149492_t012566.jpg,2_playing,C2_ACTIVE_PLAY,clipvenue_g_netting,night,clip,True,11,11,False,0.0,
2_playing/clip_cg_1788518155619_t001200.jpg,2_playing,C2_ACTIVE_PLAY,clipvenue_g_netting,night,clip,True,8,11,True,0.0,
2_playing/clip_cg_1788518155619_t003166.jpg,2_playing,C2_ACTIVE_PLAY,clipvenue_g_netting,night,clip,True,9,9,False,0.0,
2_playing/clip_cg_1788518155619_t005100.jpg,2_playing,C2_ACTIVE_PLAY,clipvenue_g_netting,night,clip,True,8,9,True,0.0,
2_playing/clip_cg_1788518155619_t007066.jpg,2_playing,C2_ACTIVE_PLAY,clipvenue_g_netting,night,clip,True,7,7,True,0.0,
2_playing/clip_cg_1788518155619_t009000.jpg,2_playing,C2_ACTIVE_PLAY,clipvenue_g_netting,night,clip,True,8,12,False,0.0,
2_playing/clip_cg_1788518155619_t010966.jpg,2_playing,C2_ACTIVE_PLAY,clipvenue_g_netting,night,clip,True,7,7,True,0.0,
2_playing/clip_ch_1788518036387_t001266.jpg,2_playing,C2_ACTIVE_PLAY,clipvenue_h_teal_pitch,night,clip,True,13,13,True,0.0,
2_playing/clip_ch_1788518036387_t003333.jpg,2_playing,C2_ACTIVE_PLAY,clipvenue_h_teal_pitch,night,clip,True,11,11,True,0.0,
2_playing/clip_ch_1788518036387_t005400.jpg,2_playing,C2_ACTIVE_PLAY,clipvenue_h_teal_pitch,night,clip,True,14,14,False,0.0,
2_playing/clip_ch_1788518036387_t007433.jpg,2_playing,C2_ACTIVE_PLAY,clipvenue_h_teal_pitch,night,clip,True,13,13,False,0.0,
2_playing/clip_ch_1788518036387_t009500.jpg,2_playing,C2_ACTIVE_PLAY,clipvenue_h_teal_pitch,night,clip,True,12,12,False,0.0,
2_playing/clip_ch_1788518036387_t011566.jpg,2_playing,C2_ACTIVE_PLAY,clipvenue_h_teal_pitch,night,clip,True,12,12,False,0.0,
2_playing/clip_ch_1788518070457_t001300.jpg,2_playing,C2_ACTIVE_PLAY,clipvenue_h_teal_pitch,night,clip,True,10,10,False,0.0,
2_playing/clip_ch_1788518070457_t003433.jpg,2_playing,C2_ACTIVE_PLAY,clipvenue_h_teal_pitch,night,clip,True,11,12,True,0.0,
2_playing/clip_ch_1788518070457_t005566.jpg,2_playing,C2_ACTIVE_PLAY,clipvenue_h_teal_pitch,night,clip,True,9,9,False,0.0,
2_playing/clip_ch_1788518070457_t007700.jpg,2_playing,C2_ACTIVE_PLAY,clipvenue_h_teal_pitch,night,clip,True,11,12,False,0.0,
2_playing/clip_ch_1788518070457_t009833.jpg,2_playing,C2_ACTIVE_PLAY,clipvenue_h_teal_pitch,night,clip,True,12,12,False,0.0,
2_playing/clip_ch_1788518070457_t011966.jpg,2_playing,C2_ACTIVE_PLAY,clipvenue_h_teal_pitch,night,clip,True,10,10,False,0.0,
2_playing/clip_ch_1788518162577_t001333.jpg,2_playing,C2_ACTIVE_PLAY,clipvenue_h_teal_pitch,night,clip,True,7,7,False,0.0,
2_playing/clip_ch_1788518162577_t003500.jpg,2_playing,C2_ACTIVE_PLAY,clipvenue_h_teal_pitch,night,clip,True,8,8,False,0.0,
2_playing/clip_ch_1788518162577_t005633.jpg,2_playing,C2_ACTIVE_PLAY,clipvenue_h_teal_pitch,night,clip,True,11,11,False,0.0,
2_playing/clip_ch_1788518162577_t007800.jpg,2_playing,C2_ACTIVE_PLAY,clipvenue_h_teal_pitch,night,clip,True,10,10,False,0.0,
2_playing/clip_ch_1788518162577_t009933.jpg,2_playing,C2_ACTIVE_PLAY,clipvenue_h_teal_pitch,night,clip,True,9,9,False,0.0,
2_playing/clip_ch_1788518162577_t012100.jpg,2_playing,C2_ACTIVE_PLAY,clipvenue_h_teal_pitch,night,clip,True,9,9,False,0.0,
2_playing/clip_ci_1788517881838_t001200.jpg,2_playing,C2_ACTIVE_PLAY,clipvenue_i_outdoor_trees,night,clip,True,9,11,False,0.0,
2_playing/clip_ci_1788517881838_t003133.jpg,2_playing,C2_ACTIVE_PLAY,clipvenue_i_outdoor_trees,night,clip,True,10,10,False,0.0,
2_playing/clip_ci_1788517881838_t005066.jpg,2_playing,C2_ACTIVE_PLAY,clipvenue_i_outdoor_trees,night,clip,True,8,10,False,0.0,
2_playing/clip_ci_1788517881838_t007000.jpg,2_playing,C2_ACTIVE_PLAY,clipvenue_i_outdoor_trees,night,clip,True,8,8,False,0.0,
2_playing/clip_ci_1788517881838_t008933.jpg,2_playing,C2_ACTIVE_PLAY,clipvenue_i_outdoor_trees,night,clip,True,12,12,False,0.0,
2_playing/clip_ci_1788517881838_t010866.jpg,2_playing,C2_ACTIVE_PLAY,clipvenue_i_outdoor_trees,night,clip,True,11,11,True,0.0,
2_playing/clip_ci_1788517913957_t001266.jpg,2_playing,C2_ACTIVE_PLAY,clipvenue_i_outdoor_trees,night,clip,True,8,8,False,0.0,
2_playing/clip_ci_1788517913957_t003300.jpg,2_playing,C2_ACTIVE_PLAY,clipvenue_i_outdoor_trees,night,clip,True,9,10,False,0.0,
2_playing/clip_ci_1788517913957_t005333.jpg,2_playing,C2_ACTIVE_PLAY,clipvenue_i_outdoor_trees,night,clip,True,10,13,False,0.0,
2_playing/clip_ci_1788517913957_t007333.jpg,2_playing,C2_ACTIVE_PLAY,clipvenue_i_outdoor_trees,night,clip,True,8,9,False,0.0,
2_playing/clip_ci_1788517913957_t009366.jpg,2_playing,C2_ACTIVE_PLAY,clipvenue_i_outdoor_trees,night,clip,True,9,11,False,0.0,
2_playing/clip_ci_1788517913957_t011400.jpg,2_playing,C2_ACTIVE_PLAY,clipvenue_i_outdoor_trees,night,clip,True,9,9,False,0.0,
2_playing/clip_ci_1788518712737_t001233.jpg,2_playing,C2_ACTIVE_PLAY,clipvenue_i_outdoor_trees,night,clip,True,10,11,False,0.0,
2_playing/clip_ci_1788518712737_t003200.jpg,2_playing,C2_ACTIVE_PLAY,clipvenue_i_outdoor_trees,night,clip,True,10,11,False,0.0,
2_playing/clip_ci_1788518712737_t005200.jpg,2_playing,C2_ACTIVE_PLAY,clipvenue_i_outdoor_trees,night,clip,True,8,10,True,0.0,
2_playing/clip_ci_1788518712737_t007200.jpg,2_playing,C2_ACTIVE_PLAY,clipvenue_i_outdoor_trees,night,clip,True,9,10,False,0.0,
2_playing/clip_ci_1788518712737_t009200.jpg,2_playing,C2_ACTIVE_PLAY,clipvenue_i_outdoor_trees,night,clip,True,9,12,False,0.0,
2_playing/clip_ci_1788518712737_t011166.jpg,2_playing,C2_ACTIVE_PLAY,clipvenue_i_outdoor_trees,night,clip,True,11,13,False,0.0,
2_playing/clip_dv01_7069143157_t000000.jpg,2_playing,C2_ACTIVE_PLAY,venue_01,day,clip,False,18,18,False,0.0,
2_playing/clip_dv01_7069143157_t001500.jpg,2_playing,C2_ACTIVE_PLAY,venue_01,day,clip,False,20,20,True,0.0,
2_playing/clip_dv01_7069143157_t001750.jpg,2_playing,C2_ACTIVE_PLAY,venue_01,day,clip,False,18,18,True,0.0,
2_playing/clip_dv01_7069143157_t002750.jpg,2_playing,C2_ACTIVE_PLAY,venue_01,day,clip,False,20,20,False,0.0,
2_playing/clip_dv01_7069143157_t003500.jpg,2_playing,C2_ACTIVE_PLAY,venue_01,day,clip,False,19,19,False,0.0,
2_playing/clip_dv01_7947112969_t000000.jpg,2_playing,C2_ACTIVE_PLAY,venue_01,night,clip,False,17,17,False,0.0,
2_playing/clip_dv01_7947112969_t001000.jpg,2_playing,C2_ACTIVE_PLAY,venue_01,night,clip,False,18,18,False,0.0,
2_playing/clip_dv01_7947112969_t002250.jpg,2_playing,C2_ACTIVE_PLAY,venue_01,night,clip,False,14,14,True,0.0,
2_playing/clip_dvcb_1468377703_t000000.jpg,2_playing,C2_ACTIVE_PLAY,clipvenue_b_floodlit_track,day,clip,False,12,12,False,0.0,
2_playing/clip_dvcb_1468377703_t001250.jpg,2_playing,C2_ACTIVE_PLAY,clipvenue_b_floodlit_track,day,clip,False,11,11,True,0.0,
2_playing/clip_dvcb_1468377703_t001500.jpg,2_playing,C2_ACTIVE_PLAY,clipvenue_b_floodlit_track,day,clip,False,12,12,True,0.0,
2_playing/clip_dvcb_1468377703_t002250.jpg,2_playing,C2_ACTIVE_PLAY,clipvenue_b_floodlit_track,day,clip,False,13,13,True,0.0,
2_playing/clip_dvcb_1468377703_t003250.jpg,2_playing,C2_ACTIVE_PLAY,clipvenue_b_floodlit_track,day,clip,False,13,13,False,0.0,
2_playing/clip_dvcb_1468377703_t003500.jpg,2_playing,C2_ACTIVE_PLAY,clipvenue_b_floodlit_track,day,clip,False,13,13,False,0.0,
2_playing/clip_dvcb_1468377703_t004000.jpg,2_playing,C2_ACTIVE_PLAY,clipvenue_b_floodlit_track,day,clip,False,14,14,False,0.0,
2_playing/clip_dvcf_7380520570_t000000.jpg,2_playing,C2_ACTIVE_PLAY,clipvenue_f_outdoor_bldg,day,clip,False,11,11,False,0.0,
2_playing/clip_dvcg_8846888145_t000000.jpg,2_playing,C2_ACTIVE_PLAY,clipvenue_g_netting,day,clip,False,7,7,False,0.0,
2_playing/clip_dvdl_6498447787_t000000.jpg,2_playing,C2_ACTIVE_PLAY,davinci_l_city_pitch,day,clip,False,9,9,True,0.0,
2_playing/slot_20260712_2030_camA_t000000.jpg,2_playing,C2_ACTIVE_PLAY,venue_01,night,regular,True,6,6,True,0.0,
2_playing/slot_20260712_2030_camA_t000014.jpg,2_playing,C2_ACTIVE_PLAY,venue_01,night,regular,True,6,6,True,0.0,
2_playing/slot_20260712_2030_camA_t000179.jpg,2_playing,C2_ACTIVE_PLAY,venue_01,night,regular,True,5,5,True,0.0,
2_playing/slot_20260712_2030_camA_t000194.jpg,2_playing,C2_ACTIVE_PLAY,venue_01,night,regular,True,14,14,True,0.0,
2_playing/slot_20260712_2030_camA_t000200_m.jpg,2_playing,C2_ACTIVE_PLAY,venue_01,night,motion,True,14,14,True,0.0,
2_playing/slot_20260712_2030_camA_t000209.jpg,2_playing,C2_ACTIVE_PLAY,venue_01,night,regular,True,9,10,True,0.0,
2_playing/slot_20260712_2030_camA_t000239.jpg,2_playing,C2_ACTIVE_PLAY,venue_01,night,regular,True,5,5,True,0.0,
2_playing/slot_20260712_2030_camA_t000254.jpg,2_playing,C2_ACTIVE_PLAY,venue_01,night,regular,True,9,9,True,0.0,
2_playing/slot_20260712_2030_camA_t000269.jpg,2_playing,C2_ACTIVE_PLAY,venue_01,night,regular,True,7,7,True,0.0,
2_playing/slot_20260712_2030_camA_t000284.jpg,2_playing,C2_ACTIVE_PLAY,venue_01,night,regular,True,11,11,True,0.0,
2_playing/slot_20260712_2030_camA_t000299.jpg,2_playing,C2_ACTIVE_PLAY,venue_01,night,regular,True,9,9,True,0.0,
2_playing/slot_20260712_2030_camA_t000310_m.jpg,2_playing,C2_ACTIVE_PLAY,venue_01,night,motion,True,7,7,True,0.0,
2_playing/slot_20260712_2030_camA_t000327_m.jpg,2_playing,C2_ACTIVE_PLAY,venue_01,night,motion,True,11,11,True,0.0,
2_playing/slot_20260712_2030_camA_t000329.jpg,2_playing,C2_ACTIVE_PLAY,venue_01,night,regular,True,9,9,True,0.0,
2_playing/slot_20260712_2030_camA_t000374.jpg,2_playing,C2_ACTIVE_PLAY,venue_01,night,regular,True,9,9,True,0.0,
2_playing/slot_20260712_2030_camA_t000389.jpg,2_playing,C2_ACTIVE_PLAY,venue_01,night,regular,True,11,11,True,0.0,
2_playing/slot_20260712_2030_camA_t000404.jpg,2_playing,C2_ACTIVE_PLAY,venue_01,night,regular,True,9,9,True,0.0,
2_playing/slot_20260712_2030_camA_t000434.jpg,2_playing,C2_ACTIVE_PLAY,venue_01,night,regular,True,6,6,True,0.0,
2_playing/slot_20260712_2030_camA_t000449.jpg,2_playing,C2_ACTIVE_PLAY,venue_01,night,regular,True,9,9,True,0.0,
2_playing/slot_20260712_2030_camA_t000464.jpg,2_playing,C2_ACTIVE_PLAY,venue_01,night,regular,True,15,15,True,0.0,
2_playing/slot_20260712_2030_camA_t000472_m.jpg,2_playing,C2_ACTIVE_PLAY,venue_01,night,motion,True,10,10,True,0.0,
2_playing/slot_20260712_2030_camA_t000479.jpg,2_playing,C2_ACTIVE_PLAY,venue_01,night,regular,True,8,8,True,0.0,
2_playing/slot_20260712_2030_camA_t000524.jpg,2_playing,C2_ACTIVE_PLAY,venue_01,night,regular,True,8,8,True,0.0,
2_playing/slot_20260712_2030_camA_t000529_m.jpg,2_playing,C2_ACTIVE_PLAY,venue_01,night,motion,True,14,14,True,0.0,
2_playing/slot_20260712_2030_camA_t000534_m.jpg,2_playing,C2_ACTIVE_PLAY,venue_01,night,motion,True,13,13,True,0.0,
2_playing/slot_20260712_2030_camA_t000539.jpg,2_playing,C2_ACTIVE_PLAY,venue_01,night,regular,True,11,11,True,0.0,
2_playing/slot_20260712_2030_camA_t000544_m.jpg,2_playing,C2_ACTIVE_PLAY,venue_01,night,motion,True,9,9,True,0.0,
2_playing/slot_20260712_2030_camA_t000554.jpg,2_playing,C2_ACTIVE_PLAY,venue_01,night,regular,True,6,6,True,0.0,
2_playing/slot_20260712_2030_camA_t000584.jpg,2_playing,C2_ACTIVE_PLAY,venue_01,night,regular,True,6,6,True,0.0,
2_playing/slot_20260712_2030_camA_t000597_m.jpg,2_playing,C2_ACTIVE_PLAY,venue_01,night,motion,True,6,6,True,0.0,
2_playing/slot_20260712_2030_camA_t000599.jpg,2_playing,C2_ACTIVE_PLAY,venue_01,night,regular,True,8,8,True,0.0,
2_playing/slot_20260712_2030_camA_t000614.jpg,2_playing,C2_ACTIVE_PLAY,venue_01,night,regular,True,10,10,True,0.0,
2_playing/slot_20260712_2030_camA_t000621_m.jpg,2_playing,C2_ACTIVE_PLAY,venue_01,night,motion,True,11,11,True,0.0,
2_playing/slot_20260712_2030_camA_t000629.jpg,2_playing,C2_ACTIVE_PLAY,venue_01,night,regular,True,5,5,True,0.0,
2_playing/slot_20260712_2030_camA_t000642_m.jpg,2_playing,C2_ACTIVE_PLAY,venue_01,night,motion,True,7,7,True,0.0,
2_playing/slot_20260712_2030_camA_t000644.jpg,2_playing,C2_ACTIVE_PLAY,venue_01,night,regular,True,8,8,True,0.0,
2_playing/slot_20260712_2030_camA_t000689.jpg,2_playing,C2_ACTIVE_PLAY,venue_01,night,regular,True,5,5,True,0.0,
2_playing/slot_20260712_2030_camA_t000704.jpg,2_playing,C2_ACTIVE_PLAY,venue_01,night,regular,True,9,9,True,0.0,
2_playing/slot_20260712_2030_camA_t000714_m.jpg,2_playing,C2_ACTIVE_PLAY,venue_01,night,motion,True,10,10,True,0.0,
2_playing/slot_20260712_2030_camA_t000719.jpg,2_playing,C2_ACTIVE_PLAY,venue_01,night,regular,True,9,9,True,0.0,
2_playing/slot_20260712_2030_camA_t000749.jpg,2_playing,C2_ACTIVE_PLAY,venue_01,night,regular,True,12,12,True,0.0,
2_playing/slot_20260712_2030_camA_t000754_m.jpg,2_playing,C2_ACTIVE_PLAY,venue_01,night,motion,True,10,10,True,0.0,
2_playing/slot_20260712_2030_camA_t000764.jpg,2_playing,C2_ACTIVE_PLAY,venue_01,night,regular,True,11,11,True,0.0,
2_playing/slot_20260712_2030_camA_t000809.jpg,2_playing,C2_ACTIVE_PLAY,venue_01,night,regular,True,6,6,True,0.0,
2_playing/slot_20260712_2030_camA_t000822_m.jpg,2_playing,C2_ACTIVE_PLAY,venue_01,night,motion,True,9,9,True,0.0,
2_playing/slot_20260712_2030_camA_t000824.jpg,2_playing,C2_ACTIVE_PLAY,venue_01,night,regular,True,10,10,True,0.0,
2_playing/slot_20260712_2030_camA_t000836_m.jpg,2_playing,C2_ACTIVE_PLAY,venue_01,night,motion,True,8,8,True,0.0,
2_playing/slot_20260712_2030_camA_t000839.jpg,2_playing,C2_ACTIVE_PLAY,venue_01,night,regular,True,7,7,True,0.0,
2_playing/slot_20260712_2030_camA_t000854.jpg,2_playing,C2_ACTIVE_PLAY,venue_01,night,regular,True,8,8,True,0.0,
2_playing/slot_20260712_2030_camA_t000859_m.jpg,2_playing,C2_ACTIVE_PLAY,venue_01,night,motion,True,10,10,True,0.0,
2_playing/slot_20260712_2030_camA_t000869.jpg,2_playing,C2_ACTIVE_PLAY,venue_01,night,regular,True,7,7,True,0.0,
2_playing/slot_20260712_2030_camA_t000884.jpg,2_playing,C2_ACTIVE_PLAY,venue_01,night,regular,True,9,9,True,0.0,
2_playing/slot_20260712_2030_camA_t000899.jpg,2_playing,C2_ACTIVE_PLAY,venue_01,night,regular,True,8,8,True,0.0,
2_playing/slot_20260712_2030_camA_t000913.jpg,2_playing,C2_ACTIVE_PLAY,venue_01,night,regular,True,8,8,True,0.0,
2_playing/slot_20260712_2030_camA_t000943.jpg,2_playing,C2_ACTIVE_PLAY,venue_01,night,regular,True,13,13,True,0.0,
2_playing/slot_20260712_2030_camA_t001018.jpg,2_playing,C2_ACTIVE_PLAY,venue_01,night,regular,True,11,11,True,0.0,
2_playing/slot_20260712_2030_camA_t001033.jpg,2_playing,C2_ACTIVE_PLAY,venue_01,night,regular,True,9,9,True,0.0,
2_playing/slot_20260712_2030_camA_t001078.jpg,2_playing,C2_ACTIVE_PLAY,venue_01,night,regular,True,5,5,True,0.0,
2_playing/slot_20260712_2030_camA_t001093.jpg,2_playing,C2_ACTIVE_PLAY,venue_01,night,regular,True,7,7,True,0.0,
2_playing/slot_20260712_2030_camA_t001123.jpg,2_playing,C2_ACTIVE_PLAY,venue_01,night,regular,True,12,12,True,0.0,
2_playing/slot_20260712_2030_camA_t001138.jpg,2_playing,C2_ACTIVE_PLAY,venue_01,night,regular,True,8,8,True,0.0,
2_playing/slot_20260712_2030_camA_t001153.jpg,2_playing,C2_ACTIVE_PLAY,venue_01,night,regular,True,7,7,True,0.0,
2_playing/slot_20260712_2030_camA_t001168.jpg,2_playing,C2_ACTIVE_PLAY,venue_01,night,regular,True,5,6,True,0.0,
2_playing/slot_20260712_2030_camA_t001183.jpg,2_playing,C2_ACTIVE_PLAY,venue_01,night,regular,True,7,7,True,0.0,
2_playing/slot_20260712_2030_camA_t001198.jpg,2_playing,C2_ACTIVE_PLAY,venue_01,night,regular,True,5,5,True,0.0,
2_playing/slot_20260712_2030_camA_t001213.jpg,2_playing,C2_ACTIVE_PLAY,venue_01,night,regular,True,7,7,True,0.0,
2_playing/slot_20260712_2030_camA_t001228.jpg,2_playing,C2_ACTIVE_PLAY,venue_01,night,regular,True,8,8,True,0.0,
2_playing/slot_20260712_2030_camA_t001243.jpg,2_playing,C2_ACTIVE_PLAY,venue_01,night,regular,True,6,6,True,0.0,
2_playing/slot_20260712_2030_camA_t001258.jpg,2_playing,C2_ACTIVE_PLAY,venue_01,night,regular,True,9,9,True,0.0,
2_playing/slot_20260712_2030_camA_t001266_m.jpg,2_playing,C2_ACTIVE_PLAY,venue_01,night,motion,True,9,9,True,0.0,
2_playing/slot_20260712_2030_camA_t001273.jpg,2_playing,C2_ACTIVE_PLAY,venue_01,night,regular,True,7,7,True,0.0,
2_playing/slot_20260712_2030_camA_t001303.jpg,2_playing,C2_ACTIVE_PLAY,venue_01,night,regular,True,6,6,True,0.0,
2_playing/slot_20260712_2030_camA_t001348.jpg,2_playing,C2_ACTIVE_PLAY,venue_01,night,regular,True,12,12,True,0.0,
2_playing/slot_20260712_2030_camA_t001363.jpg,2_playing,C2_ACTIVE_PLAY,venue_01,night,regular,True,12,12,True,0.0,
2_playing/slot_20260712_2030_camA_t001378.jpg,2_playing,C2_ACTIVE_PLAY,venue_01,night,regular,True,7,7,True,0.0,
2_playing/slot_20260712_2030_camA_t001383_m.jpg,2_playing,C2_ACTIVE_PLAY,venue_01,night,motion,True,6,6,True,0.0,
2_playing/slot_20260712_2030_camA_t001398_m.jpg,2_playing,C2_ACTIVE_PLAY,venue_01,night,motion,True,7,7,True,0.0,
2_playing/slot_20260712_2030_camA_t001403_m.jpg,2_playing,C2_ACTIVE_PLAY,venue_01,night,motion,True,10,10,True,0.0,
2_playing/slot_20260712_2030_camA_t001408.jpg,2_playing,C2_ACTIVE_PLAY,venue_01,night,regular,True,12,12,True,0.0,
2_playing/slot_20260712_2030_camA_t001413_m.jpg,2_playing,C2_ACTIVE_PLAY,venue_01,night,motion,True,12,12,True,0.0,
2_playing/slot_20260712_2030_camA_t001418_m.jpg,2_playing,C2_ACTIVE_PLAY,venue_01,night,motion,True,10,10,True,0.0,
2_playing/slot_20260712_2030_camA_t001423.jpg,2_playing,C2_ACTIVE_PLAY,venue_01,night,regular,True,13,13,True,0.0,
2_playing/slot_20260712_2030_camA_t001466_m.jpg,2_playing,C2_ACTIVE_PLAY,venue_01,night,motion,True,5,5,True,0.0,
2_playing/slot_20260712_2030_camA_t001473_m.jpg,2_playing,C2_ACTIVE_PLAY,venue_01,night,motion,True,7,7,True,0.0,
2_playing/slot_20260712_2030_camA_t001478_m.jpg,2_playing,C2_ACTIVE_PLAY,venue_01,night,motion,True,7,7,True,0.0,
2_playing/slot_20260712_2030_camA_t001483.jpg,2_playing,C2_ACTIVE_PLAY,venue_01,night,regular,True,6,6,True,0.0,
2_playing/slot_20260712_2030_camA_t001513.jpg,2_playing,C2_ACTIVE_PLAY,venue_01,night,regular,True,9,9,True,0.0,
2_playing/slot_20260712_2030_camA_t001518_m.jpg,2_playing,C2_ACTIVE_PLAY,venue_01,night,motion,True,8,8,True,0.0,
2_playing/slot_20260712_2030_camA_t001523_m.jpg,2_playing,C2_ACTIVE_PLAY,venue_01,night,motion,True,7,7,True,0.0,
2_playing/slot_20260712_2030_camA_t001528.jpg,2_playing,C2_ACTIVE_PLAY,venue_01,night,regular,True,8,8,True,0.0,
2_playing/slot_20260712_2030_camA_t001558.jpg,2_playing,C2_ACTIVE_PLAY,venue_01,night,regular,True,5,5,True,0.0,
2_playing/slot_20260712_2030_camA_t001573.jpg,2_playing,C2_ACTIVE_PLAY,venue_01,night,regular,True,6,6,True,0.0,
2_playing/slot_20260712_2030_camA_t001578_m.jpg,2_playing,C2_ACTIVE_PLAY,venue_01,night,motion,True,7,7,True,0.0,
2_playing/slot_20260712_2030_camA_t001588.jpg,2_playing,C2_ACTIVE_PLAY,venue_01,night,regular,True,6,6,True,0.0,
2_playing/slot_20260712_2030_camA_t001678.jpg,2_playing,C2_ACTIVE_PLAY,venue_01,night,regular,True,5,5,True,0.0,
2_playing/slot_20260712_2030_camA_t001700_m.jpg,2_playing,C2_ACTIVE_PLAY,venue_01,night,motion,True,9,9,True,0.0,
2_playing/slot_20260712_2030_camA_t001705_m.jpg,2_playing,C2_ACTIVE_PLAY,venue_01,night,motion,True,10,10,True,0.0,
2_playing/slot_20260712_2030_camA_t001708.jpg,2_playing,C2_ACTIVE_PLAY,venue_01,night,regular,True,10,10,True,0.0,
2_playing/slot_20260712_2030_camA_t001731_m.jpg,2_playing,C2_ACTIVE_PLAY,venue_01,night,motion,True,9,9,True,0.0,
2_playing/slot_20260712_2030_camA_t001753.jpg,2_playing,C2_ACTIVE_PLAY,venue_01,night,regular,True,9,9,True,0.0,
2_playing/slot_20260712_2030_camA_t001768.jpg,2_playing,C2_ACTIVE_PLAY,venue_01,night,regular,True,9,9,True,0.0,
2_playing/slot_20260712_2030_camA_t001777_m.jpg,2_playing,C2_ACTIVE_PLAY,venue_01,night,motion,True,12,12,True,0.0,
2_playing/slot_20260712_2030_camA_t001783.jpg,2_playing,C2_ACTIVE_PLAY,venue_01,night,regular,True,12,12,True,0.0,
2_playing/slot_20260712_2030_camA_t001798.jpg,2_playing,C2_ACTIVE_PLAY,venue_01,night,regular,True,13,13,True,0.0,
2_playing/slot_20260712_2030_camA_t001813.jpg,2_playing,C2_ACTIVE_PLAY,venue_01,night,regular,True,6,6,True,0.0,
2_playing/slot_20260712_2030_camA_t001827.jpg,2_playing,C2_ACTIVE_PLAY,venue_01,night,regular,True,6,6,True,0.0,
2_playing/slot_20260712_2030_camA_t001842.jpg,2_playing,C2_ACTIVE_PLAY,venue_01,night,regular,True,5,5,True,0.0,
2_playing/slot_20260712_2030_camA_t001857.jpg,2_playing,C2_ACTIVE_PLAY,venue_01,night,regular,True,5,5,True,0.0,
2_playing/slot_20260712_2030_camA_t001872.jpg,2_playing,C2_ACTIVE_PLAY,venue_01,night,regular,True,6,6,True,0.0,
2_playing/slot_20260712_2030_camA_t001887.jpg,2_playing,C2_ACTIVE_PLAY,venue_01,night,regular,True,9,9,True,0.0,
2_playing/slot_20260712_2030_camA_t001902.jpg,2_playing,C2_ACTIVE_PLAY,venue_01,night,regular,True,9,9,True,0.0,
2_playing/slot_20260712_2030_camA_t001917.jpg,2_playing,C2_ACTIVE_PLAY,venue_01,night,regular,True,5,5,True,0.0,
2_playing/slot_20260712_2030_camA_t001932.jpg,2_playing,C2_ACTIVE_PLAY,venue_01,night,regular,True,5,5,True,0.0,
2_playing/slot_20260712_2030_camA_t001946_m.jpg,2_playing,C2_ACTIVE_PLAY,venue_01,night,motion,True,5,5,True,0.0,
2_playing/slot_20260712_2030_camA_t001947.jpg,2_playing,C2_ACTIVE_PLAY,venue_01,night,regular,True,6,6,True,0.0,
2_playing/slot_20260712_2030_camA_t002003_m.jpg,2_playing,C2_ACTIVE_PLAY,venue_01,night,motion,True,6,6,True,0.0,
2_playing/slot_20260712_2030_camA_t002007.jpg,2_playing,C2_ACTIVE_PLAY,venue_01,night,regular,True,6,6,True,0.0,
2_playing/slot_20260712_2030_camA_t002022.jpg,2_playing,C2_ACTIVE_PLAY,venue_01,night,regular,True,5,5,True,0.0,
2_playing/slot_20260712_2030_camA_t002037.jpg,2_playing,C2_ACTIVE_PLAY,venue_01,night,regular,True,12,12,True,0.0,
2_playing/slot_20260712_2030_camA_t002052.jpg,2_playing,C2_ACTIVE_PLAY,venue_01,night,regular,True,12,12,True,0.0,
2_playing/slot_20260712_2030_camA_t002067.jpg,2_playing,C2_ACTIVE_PLAY,venue_01,night,regular,True,7,7,True,0.0,
2_playing/slot_20260712_2030_camA_t002073_m.jpg,2_playing,C2_ACTIVE_PLAY,venue_01,night,motion,True,7,7,True,0.0,
2_playing/slot_20260712_2030_camA_t002082.jpg,2_playing,C2_ACTIVE_PLAY,venue_01,night,regular,True,10,10,True,0.0,
2_playing/slot_20260712_2030_camA_t002142.jpg,2_playing,C2_ACTIVE_PLAY,venue_01,night,regular,True,7,7,True,0.0,
2_playing/slot_20260712_2030_camA_t002157.jpg,2_playing,C2_ACTIVE_PLAY,venue_01,night,regular,True,8,8,True,0.0,
2_playing/slot_20260712_2030_camA_t002172.jpg,2_playing,C2_ACTIVE_PLAY,venue_01,night,regular,True,11,11,True,0.0,
2_playing/slot_20260712_2030_camA_t002187.jpg,2_playing,C2_ACTIVE_PLAY,venue_01,night,regular,True,12,12,True,0.0,
2_playing/slot_20260712_2030_camA_t002202.jpg,2_playing,C2_ACTIVE_PLAY,venue_01,night,regular,True,10,10,True,0.0,
2_playing/slot_20260712_2030_camA_t002217.jpg,2_playing,C2_ACTIVE_PLAY,venue_01,night,regular,True,8,8,True,0.0,
2_playing/slot_20260712_2030_camA_t002277.jpg,2_playing,C2_ACTIVE_PLAY,venue_01,night,regular,True,7,7,True,0.0,
2_playing/slot_20260712_2030_camA_t002292.jpg,2_playing,C2_ACTIVE_PLAY,venue_01,night,regular,True,6,6,True,0.0,
2_playing/slot_20260712_2030_camA_t002337.jpg,2_playing,C2_ACTIVE_PLAY,venue_01,night,regular,True,5,5,True,0.0,
2_playing/slot_20260712_2030_camA_t002352.jpg,2_playing,C2_ACTIVE_PLAY,venue_01,night,regular,True,11,11,True,0.0,
2_playing/slot_20260712_2030_camA_t002367.jpg,2_playing,C2_ACTIVE_PLAY,venue_01,night,regular,True,10,10,True,0.0,
2_playing/slot_20260712_2030_camA_t002382.jpg,2_playing,C2_ACTIVE_PLAY,venue_01,night,regular,True,13,14,True,0.0,
2_playing/slot_20260712_2030_camA_t002397.jpg,2_playing,C2_ACTIVE_PLAY,venue_01,night,regular,True,11,11,True,0.0,
2_playing/slot_20260712_2030_camA_t002412.jpg,2_playing,C2_ACTIVE_PLAY,venue_01,night,regular,True,8,8,True,0.0,
2_playing/slot_20260712_2030_camA_t002427.jpg,2_playing,C2_ACTIVE_PLAY,venue_01,night,regular,True,7,7,True,0.0,
2_playing/slot_20260712_2030_camA_t002442.jpg,2_playing,C2_ACTIVE_PLAY,venue_01,night,regular,True,8,8,True,0.0,
2_playing/slot_20260712_2030_camA_t002457.jpg,2_playing,C2_ACTIVE_PLAY,venue_01,night,regular,True,9,9,True,0.0,
2_playing/slot_20260712_2030_camA_t002472.jpg,2_playing,C2_ACTIVE_PLAY,venue_01,night,regular,True,5,5,True,0.0,
2_playing/slot_20260712_2030_camA_t002487.jpg,2_playing,C2_ACTIVE_PLAY,venue_01,night,regular,True,7,7,True,0.0,
2_playing/slot_20260712_2030_camA_t002502.jpg,2_playing,C2_ACTIVE_PLAY,venue_01,night,regular,True,6,6,True,0.0,
2_playing/slot_20260712_2030_camA_t002517.jpg,2_playing,C2_ACTIVE_PLAY,venue_01,night,regular,True,6,6,True,0.0,
2_playing/slot_20260712_2030_camA_t002532.jpg,2_playing,C2_ACTIVE_PLAY,venue_01,night,regular,True,5,5,True,0.0,
2_playing/slot_20260712_2030_camA_t002547.jpg,2_playing,C2_ACTIVE_PLAY,venue_01,night,regular,True,5,5,True,0.0,
2_playing/slot_20260712_2030_camA_t002555_m.jpg,2_playing,C2_ACTIVE_PLAY,venue_01,night,motion,True,14,14,True,0.0,
2_playing/slot_20260712_2030_camA_t002562.jpg,2_playing,C2_ACTIVE_PLAY,venue_01,night,regular,True,7,7,True,0.0,
2_playing/slot_20260712_2030_camA_t002607.jpg,2_playing,C2_ACTIVE_PLAY,venue_01,night,regular,True,5,5,True,0.0,
2_playing/slot_20260712_2030_camA_t002622.jpg,2_playing,C2_ACTIVE_PLAY,venue_01,night,regular,True,7,7,True,0.0,
2_playing/slot_20260712_2030_camA_t002630_m.jpg,2_playing,C2_ACTIVE_PLAY,venue_01,night,motion,True,13,13,True,0.0,
2_playing/slot_20260712_2030_camA_t002637.jpg,2_playing,C2_ACTIVE_PLAY,venue_01,night,regular,True,9,9,True,0.0,
2_playing/slot_20260712_2030_camA_t002652.jpg,2_playing,C2_ACTIVE_PLAY,venue_01,night,regular,True,5,5,True,0.0,
2_playing/slot_20260712_2030_camA_t002697.jpg,2_playing,C2_ACTIVE_PLAY,venue_01,night,regular,True,8,8,True,0.0,
2_playing/slot_20260712_2030_camA_t002704_m.jpg,2_playing,C2_ACTIVE_PLAY,venue_01,night,motion,True,10,10,True,0.0,
2_playing/slot_20260712_2030_camA_t002726.jpg,2_playing,C2_ACTIVE_PLAY,venue_01,night,regular,True,5,5,True,0.0,
2_playing/slot_20260712_2030_camA_t002741.jpg,2_playing,C2_ACTIVE_PLAY,venue_01,night,regular,True,6,7,True,0.0,
2_playing/slot_20260712_2030_camA_t002756.jpg,2_playing,C2_ACTIVE_PLAY,venue_01,night,regular,True,6,6,True,0.0,
2_playing/slot_20260712_2030_camA_t002771.jpg,2_playing,C2_ACTIVE_PLAY,venue_01,night,regular,True,8,8,True,0.0,
2_playing/slot_20260712_2030_camA_t002801.jpg,2_playing,C2_ACTIVE_PLAY,venue_01,night,regular,True,10,10,True,0.0,
2_playing/slot_20260712_2030_camA_t002816.jpg,2_playing,C2_ACTIVE_PLAY,venue_01,night,regular,True,13,13,True,0.0,
2_playing/slot_20260712_2030_camA_t002831.jpg,2_playing,C2_ACTIVE_PLAY,venue_01,night,regular,True,6,6,True,0.0,
2_playing/slot_20260712_2030_camA_t002876.jpg,2_playing,C2_ACTIVE_PLAY,venue_01,night,regular,True,7,7,True,0.0,
2_playing/slot_20260712_2030_camA_t002891.jpg,2_playing,C2_ACTIVE_PLAY,venue_01,night,regular,True,7,7,True,0.0,
2_playing/slot_20260712_2030_camA_t002921.jpg,2_playing,C2_ACTIVE_PLAY,venue_01,night,regular,True,6,6,True,0.0,
2_playing/slot_20260712_2030_camA_t002956_m.jpg,2_playing,C2_ACTIVE_PLAY,venue_01,night,motion,True,7,8,True,0.0,
2_playing/slot_20260712_2030_camA_t002965_m.jpg,2_playing,C2_ACTIVE_PLAY,venue_01,night,motion,True,10,10,True,0.0,
2_playing/slot_20260712_2030_camA_t002966.jpg,2_playing,C2_ACTIVE_PLAY,venue_01,night,regular,True,11,12,True,0.0,
2_playing/slot_20260712_2030_camA_t002971_m.jpg,2_playing,C2_ACTIVE_PLAY,venue_01,night,motion,True,9,9,True,0.0,
2_playing/slot_20260712_2030_camA_t002981.jpg,2_playing,C2_ACTIVE_PLAY,venue_01,night,regular,True,6,6,True,0.0,
2_playing/slot_20260712_2030_camA_t003011.jpg,2_playing,C2_ACTIVE_PLAY,venue_01,night,regular,True,6,6,True,0.0,
2_playing/slot_20260712_2030_camA_t003026.jpg,2_playing,C2_ACTIVE_PLAY,venue_01,night,regular,True,14,14,True,0.0,
2_playing/slot_20260712_2030_camA_t003041.jpg,2_playing,C2_ACTIVE_PLAY,venue_01,night,regular,True,7,7,True,0.0,
2_playing/slot_20260712_2030_camA_t003056.jpg,2_playing,C2_ACTIVE_PLAY,venue_01,night,regular,True,11,11,True,0.0,
2_playing/slot_20260712_2030_camA_t003071.jpg,2_playing,C2_ACTIVE_PLAY,venue_01,night,regular,True,5,5,True,0.0,
2_playing/slot_20260712_2030_camA_t003086.jpg,2_playing,C2_ACTIVE_PLAY,venue_01,night,regular,True,5,5,True,0.0,
2_playing/slot_20260712_2030_camA_t003101.jpg,2_playing,C2_ACTIVE_PLAY,venue_01,night,regular,True,12,12,True,0.0,
2_playing/slot_20260712_2030_camA_t003116.jpg,2_playing,C2_ACTIVE_PLAY,venue_01,night,regular,True,7,8,True,0.0,
2_playing/slot_20260712_2030_camA_t003176.jpg,2_playing,C2_ACTIVE_PLAY,venue_01,night,regular,True,7,7,True,0.0,
2_playing/slot_20260712_2030_camA_t003191.jpg,2_playing,C2_ACTIVE_PLAY,venue_01,night,regular,True,7,7,True,0.0,
2_playing/slot_20260712_2030_camA_t003196_m.jpg,2_playing,C2_ACTIVE_PLAY,venue_01,night,motion,True,8,9,True,0.0,
2_playing/slot_20260712_2030_camA_t003221.jpg,2_playing,C2_ACTIVE_PLAY,venue_01,night,regular,True,5,5,True,0.0,
2_playing/slot_20260712_2030_camA_t003228_m.jpg,2_playing,C2_ACTIVE_PLAY,venue_01,night,motion,True,6,6,True,0.0,
2_playing/slot_20260712_2030_camA_t003236.jpg,2_playing,C2_ACTIVE_PLAY,venue_01,night,regular,True,5,6,True,0.0,
2_playing/slot_20260712_2030_camA_t003281.jpg,2_playing,C2_ACTIVE_PLAY,venue_01,night,regular,True,8,8,True,0.0,
2_playing/slot_20260712_2030_camA_t003296.jpg,2_playing,C2_ACTIVE_PLAY,venue_01,night,regular,True,11,11,True,0.0,
2_playing/slot_20260712_2030_camA_t003371.jpg,2_playing,C2_ACTIVE_PLAY,venue_01,night,regular,True,6,6,True,0.0,
2_playing/slot_20260712_2030_camA_t003376_m.jpg,2_playing,C2_ACTIVE_PLAY,venue_01,night,motion,True,11,12,True,0.0,
2_playing/slot_20260712_2030_camA_t003386.jpg,2_playing,C2_ACTIVE_PLAY,venue_01,night,regular,True,12,13,True,0.0,
2_playing/slot_20260712_2030_camA_t003401.jpg,2_playing,C2_ACTIVE_PLAY,venue_01,night,regular,True,7,7,True,0.0,
2_playing/slot_20260712_2030_camA_t003416.jpg,2_playing,C2_ACTIVE_PLAY,venue_01,night,regular,True,6,6,True,0.0,
2_playing/slot_20260712_2030_camA_t003431.jpg,2_playing,C2_ACTIVE_PLAY,venue_01,night,regular,True,5,5,True,0.0,
2_playing/slot_20260712_2030_camA_t003446.jpg,2_playing,C2_ACTIVE_PLAY,venue_01,night,regular,True,9,9,True,0.0,
2_playing/slot_20260712_2030_camA_t003461.jpg,2_playing,C2_ACTIVE_PLAY,venue_01,night,regular,True,8,8,True,0.0,
2_playing/slot_20260712_2030_camA_t003476.jpg,2_playing,C2_ACTIVE_PLAY,venue_01,night,regular,True,5,6,True,0.0,
2_playing/slot_20260712_2030_camA_t003536.jpg,2_playing,C2_ACTIVE_PLAY,venue_01,night,regular,True,7,7,True,0.0,
2_playing/slot_20260712_2030_camB_t000000.jpg,2_playing,C2_ACTIVE_PLAY,venue_01,night,regular,True,6,12,False,0.0,
2_playing/slot_20260712_2030_camB_t000014.jpg,2_playing,C2_ACTIVE_PLAY,venue_01,night,regular,True,9,15,False,0.0,
2_playing/slot_20260712_2030_camB_t000020_m.jpg,2_playing,C2_ACTIVE_PLAY,venue_01,night,motion,True,7,10,False,0.0,
2_playing/slot_20260712_2030_camB_t000026_m.jpg,2_playing,C2_ACTIVE_PLAY,venue_01,night,motion,True,10,13,True,0.0,
2_playing/slot_20260712_2030_camB_t000029.jpg,2_playing,C2_ACTIVE_PLAY,venue_01,night,regular,True,12,18,True,0.0,
2_playing/slot_20260712_2030_camB_t000035_m.jpg,2_playing,C2_ACTIVE_PLAY,venue_01,night,motion,True,13,15,True,0.0,
2_playing/slot_20260712_2030_camB_t000042_m.jpg,2_playing,C2_ACTIVE_PLAY,venue_01,night,motion,True,10,14,True,0.0,
2_playing/slot_20260712_2030_camB_t000044.jpg,2_playing,C2_ACTIVE_PLAY,venue_01,night,regular,True,11,14,True,0.0,
2_playing/slot_20260712_2030_camB_t000059.jpg,2_playing,C2_ACTIVE_PLAY,venue_01,night,regular,True,10,16,False,0.0,
2_playing/slot_20260712_2030_camB_t000074.jpg,2_playing,C2_ACTIVE_PLAY,venue_01,night,regular,True,9,15,True,0.0,
2_playing/slot_20260712_2030_camB_t000089.jpg,2_playing,C2_ACTIVE_PLAY,venue_01,night,regular,True,9,13,False,0.0,
2_playing/slot_20260712_2030_camB_t000104.jpg,2_playing,C2_ACTIVE_PLAY,venue_01,night,regular,True,7,11,False,0.0,
2_playing/slot_20260712_2030_camB_t000119.jpg,2_playing,C2_ACTIVE_PLAY,venue_01,night,regular,True,11,15,False,0.0,
2_playing/slot_20260712_2030_camB_t000134.jpg,2_playing,C2_ACTIVE_PLAY,venue_01,night,regular,True,10,12,False,0.0,
2_playing/slot_20260712_2030_camB_t000149.jpg,2_playing,C2_ACTIVE_PLAY,venue_01,night,regular,True,11,14,False,0.0,
2_playing/slot_20260712_2030_camB_t000158_m.jpg,2_playing,C2_ACTIVE_PLAY,venue_01,night,motion,True,11,13,True,0.0,
2_playing/slot_20260712_2030_camB_t000163_m.jpg,2_playing,C2_ACTIVE_PLAY,venue_01,night,motion,True,8,13,True,0.0,
2_playing/slot_20260712_2030_camB_t000164.jpg,2_playing,C2_ACTIVE_PLAY,venue_01,night,regular,True,8,13,True,0.0,
2_playing/slot_20260712_2030_camB_t000179.jpg,2_playing,C2_ACTIVE_PLAY,venue_01,night,regular,True,8,14,False,0.0,
2_playing/slot_20260712_2030_camB_t000179_m.jpg,2_playing,C2_ACTIVE_PLAY,venue_01,night,motion,True,9,15,False,0.0,
2_playing/slot_20260712_2030_camB_t000186_m.jpg,2_playing,C2_ACTIVE_PLAY,venue_01,night,motion,True,6,12,False,0.0,
2_playing/slot_20260712_2030_camB_t000222_m.jpg,2_playing,C2_ACTIVE_PLAY,venue_01,night,motion,True,8,13,True,0.0,
2_playing/slot_20260712_2030_camB_t000224.jpg,2_playing,C2_ACTIVE_PLAY,venue_01,night,regular,True,9,12,False,0.0,
2_playing/slot_20260712_2030_camB_t000230_m.jpg,2_playing,C2_ACTIVE_PLAY,venue_01,night,motion,True,8,16,False,0.0,
2_playing/slot_20260712_2030_camB_t000236_m.jpg,2_playing,C2_ACTIVE_PLAY,venue_01,night,motion,True,10,17,True,0.0,
2_playing/slot_20260712_2030_camB_t000239.jpg,2_playing,C2_ACTIVE_PLAY,venue_01,night,regular,True,9,12,True,0.0,
2_playing/slot_20260712_2030_camB_t000245_m.jpg,2_playing,C2_ACTIVE_PLAY,venue_01,night,motion,True,9,12,False,0.0,
2_playing/slot_20260712_2030_camB_t000251_m.jpg,2_playing,C2_ACTIVE_PLAY,venue_01,night,motion,True,9,13,False,0.0,
2_playing/slot_20260712_2030_camB_t000254.jpg,2_playing,C2_ACTIVE_PLAY,venue_01,night,regular,True,6,11,True,0.0,
2_playing/slot_20260712_2030_camB_t000260_m.jpg,2_playing,C2_ACTIVE_PLAY,venue_01,night,motion,True,6,15,True,0.0,
2_playing/slot_20260712_2030_camB_t000265_m.jpg,2_playing,C2_ACTIVE_PLAY,venue_01,night,motion,True,12,18,False,0.0,
2_playing/slot_20260712_2030_camB_t000269.jpg,2_playing,C2_ACTIVE_PLAY,venue_01,night,regular,True,9,13,True,0.0,
2_playing/slot_20260712_2030_camB_t000277_m.jpg,2_playing,C2_ACTIVE_PLAY,venue_01,night,motion,True,7,12,False,0.0,
2_playing/slot_20260712_2030_camB_t000284.jpg,2_playing,C2_ACTIVE_PLAY,venue_01,night,regular,True,5,11,False,0.0,
2_playing/slot_20260712_2030_camB_t000304_m.jpg,2_playing,C2_ACTIVE_PLAY,venue_01,night,motion,True,5,13,False,0.0,
2_playing/slot_20260712_2030_camB_t000310_m.jpg,2_playing,C2_ACTIVE_PLAY,venue_01,night,motion,True,8,14,True,0.0,
2_playing/slot_20260712_2030_camB_t000314.jpg,2_playing,C2_ACTIVE_PLAY,venue_01,night,regular,True,12,20,False,0.0,
2_playing/slot_20260712_2030_camB_t000320_m.jpg,2_playing,C2_ACTIVE_PLAY,venue_01,night,motion,True,10,16,False,0.0,
2_playing/slot_20260712_2030_camB_t000340_m.jpg,2_playing,C2_ACTIVE_PLAY,venue_01,night,motion,True,12,19,True,0.0,
2_playing/slot_20260712_2030_camB_t000344.jpg,2_playing,C2_ACTIVE_PLAY,venue_01,night,regular,True,11,17,False,0.0,
2_playing/slot_20260712_2030_camB_t000352_m.jpg,2_playing,C2_ACTIVE_PLAY,venue_01,night,motion,True,14,22,False,0.0,
2_playing/slot_20260712_2030_camB_t000358_m.jpg,2_playing,C2_ACTIVE_PLAY,venue_01,night,motion,True,10,19,False,0.0,
2_playing/slot_20260712_2030_camB_t000359.jpg,2_playing,C2_ACTIVE_PLAY,venue_01,night,regular,True,9,15,False,0.0,
2_playing/slot_20260712_2030_camB_t000365_m.jpg,2_playing,C2_ACTIVE_PLAY,venue_01,night,motion,True,8,13,False,0.0,
2_playing/slot_20260712_2030_camB_t000372_m.jpg,2_playing,C2_ACTIVE_PLAY,venue_01,night,motion,True,8,14,True,0.0,
2_playing/slot_20260712_2030_camB_t000374.jpg,2_playing,C2_ACTIVE_PLAY,venue_01,night,regular,True,8,13,False,0.0,
2_playing/slot_20260712_2030_camB_t000382_m.jpg,2_playing,C2_ACTIVE_PLAY,venue_01,night,motion,True,6,11,False,0.0,
2_playing/slot_20260712_2030_camB_t000404.jpg,2_playing,C2_ACTIVE_PLAY,venue_01,night,regular,True,5,12,False,0.0,
2_playing/slot_20260712_2030_camB_t000410_m.jpg,2_playing,C2_ACTIVE_PLAY,venue_01,night,motion,True,7,11,False,0.0,
2_playing/slot_20260712_2030_camB_t000417_m.jpg,2_playing,C2_ACTIVE_PLAY,venue_01,night,motion,True,9,19,False,0.0,
2_playing/slot_20260712_2030_camB_t000419.jpg,2_playing,C2_ACTIVE_PLAY,venue_01,night,regular,True,9,14,False,0.0,
2_playing/slot_20260712_2030_camB_t000425_m.jpg,2_playing,C2_ACTIVE_PLAY,venue_01,night,motion,True,12,17,False,0.0,
2_playing/slot_20260712_2030_camB_t000431_m.jpg,2_playing,C2_ACTIVE_PLAY,venue_01,night,motion,True,10,16,False,0.0,
2_playing/slot_20260712_2030_camB_t000434.jpg,2_playing,C2_ACTIVE_PLAY,venue_01,night,regular,True,6,11,False,0.0,
2_playing/slot_20260712_2030_camB_t000440_m.jpg,2_playing,C2_ACTIVE_PLAY,venue_01,night,motion,True,9,12,True,0.0,
2_playing/slot_20260712_2030_camB_t000445_m.jpg,2_playing,C2_ACTIVE_PLAY,venue_01,night,motion,True,11,14,False,0.0,
2_playing/slot_20260712_2030_camB_t000449.jpg,2_playing,C2_ACTIVE_PLAY,venue_01,night,regular,True,9,13,False,0.0,
2_playing/slot_20260712_2030_camB_t000457_m.jpg,2_playing,C2_ACTIVE_PLAY,venue_01,night,motion,True,5,10,False,0.0,
2_playing/slot_20260712_2030_camB_t000486_m.jpg,2_playing,C2_ACTIVE_PLAY,venue_01,night,motion,True,6,11,False,0.0,
2_playing/slot_20260712_2030_camB_t000492_m.jpg,2_playing,C2_ACTIVE_PLAY,venue_01,night,motion,True,11,17,False,0.0,
2_playing/slot_20260712_2030_camB_t000494.jpg,2_playing,C2_ACTIVE_PLAY,venue_01,night,regular,True,10,12,False,0.0,
2_playing/slot_20260712_2030_camB_t000502_m.jpg,2_playing,C2_ACTIVE_PLAY,venue_01,night,motion,True,12,15,True,0.0,
2_playing/slot_20260712_2030_camB_t000508_m.jpg,2_playing,C2_ACTIVE_PLAY,venue_01,night,motion,True,12,17,False,0.0,
2_playing/slot_20260712_2030_camB_t000509.jpg,2_playing,C2_ACTIVE_PLAY,venue_01,night,regular,True,12,15,False,0.0,
2_playing/slot_20260712_2030_camB_t000515_m.jpg,2_playing,C2_ACTIVE_PLAY,venue_01,night,motion,True,10,15,False,0.0,
2_playing/slot_20260712_2030_camB_t000521_m.jpg,2_playing,C2_ACTIVE_PLAY,venue_01,night,motion,True,11,16,True,0.0,
2_playing/slot_20260712_2030_camB_t000524.jpg,2_playing,C2_ACTIVE_PLAY,venue_01,night,regular,True,8,14,False,0.0,
2_playing/slot_20260712_2030_camB_t000546_m.jpg,2_playing,C2_ACTIVE_PLAY,venue_01,night,motion,True,6,9,False,0.0,
2_playing/slot_20260712_2030_camB_t000554.jpg,2_playing,C2_ACTIVE_PLAY,venue_01,night,regular,True,6,12,False,0.0,
2_playing/slot_20260712_2030_camB_t000561_m.jpg,2_playing,C2_ACTIVE_PLAY,venue_01,night,motion,True,9,14,False,0.0,
2_playing/slot_20260712_2030_camB_t000566_m.jpg,2_playing,C2_ACTIVE_PLAY,venue_01,night,motion,True,9,14,False,0.0,
2_playing/slot_20260712_2030_camB_t000569.jpg,2_playing,C2_ACTIVE_PLAY,venue_01,night,regular,True,10,14,True,0.0,
2_playing/slot_20260712_2030_camB_t000576_m.jpg,2_playing,C2_ACTIVE_PLAY,venue_01,night,motion,True,10,14,False,0.0,
2_playing/slot_20260712_2030_camB_t000581_m.jpg,2_playing,C2_ACTIVE_PLAY,venue_01,night,motion,True,12,15,True,0.0,
2_playing/slot_20260712_2030_camB_t000584.jpg,2_playing,C2_ACTIVE_PLAY,venue_01,night,regular,True,10,15,False,0.0,
2_playing/slot_20260712_2030_camB_t000589_m.jpg,2_playing,C2_ACTIVE_PLAY,venue_01,night,motion,True,9,15,False,0.0,
2_playing/slot_20260712_2030_camB_t000595_m.jpg,2_playing,C2_ACTIVE_PLAY,venue_01,night,motion,True,9,12,False,0.0,
2_playing/slot_20260712_2030_camB_t000599.jpg,2_playing,C2_ACTIVE_PLAY,venue_01,night,regular,True,8,11,False,0.0,
2_playing/slot_20260712_2030_camB_t000604_m.jpg,2_playing,C2_ACTIVE_PLAY,venue_01,night,motion,True,6,11,True,0.0,
2_playing/slot_20260712_2030_camB_t000627_m.jpg,2_playing,C2_ACTIVE_PLAY,venue_01,night,motion,True,11,17,False,0.0,
2_playing/slot_20260712_2030_camB_t000629.jpg,2_playing,C2_ACTIVE_PLAY,venue_01,night,regular,True,10,17,False,0.0,
2_playing/slot_20260712_2030_camB_t000635_m.jpg,2_playing,C2_ACTIVE_PLAY,venue_01,night,motion,True,11,14,False,0.0,
2_playing/slot_20260712_2030_camB_t000641_m.jpg,2_playing,C2_ACTIVE_PLAY,venue_01,night,motion,True,9,15,True,0.0,
2_playing/slot_20260712_2030_camB_t000644.jpg,2_playing,C2_ACTIVE_PLAY,venue_01,night,regular,True,9,13,True,0.0,
2_playing/slot_20260712_2030_camB_t000649_m.jpg,2_playing,C2_ACTIVE_PLAY,venue_01,night,motion,True,7,9,False,0.0,
2_playing/slot_20260712_2030_camB_t000656_m.jpg,2_playing,C2_ACTIVE_PLAY,venue_01,night,motion,True,9,15,True,0.0,
2_playing/slot_20260712_2030_camB_t000659.jpg,2_playing,C2_ACTIVE_PLAY,venue_01,night,regular,True,11,15,True,0.0,
2_playing/slot_20260712_2030_camB_t000664_m.jpg,2_playing,C2_ACTIVE_PLAY,venue_01,night,motion,True,13,17,True,0.0,
2_playing/slot_20260712_2030_camB_t000670_m.jpg,2_playing,C2_ACTIVE_PLAY,venue_01,night,motion,True,11,18,False,0.0,
2_playing/slot_20260712_2030_camB_t000674.jpg,2_playing,C2_ACTIVE_PLAY,venue_01,night,regular,True,10,13,False,0.0,
2_playing/slot_20260712_2030_camB_t000680_m.jpg,2_playing,C2_ACTIVE_PLAY,venue_01,night,motion,True,12,17,True,0.0,
2_playing/slot_20260712_2030_camB_t000689.jpg,2_playing,C2_ACTIVE_PLAY,venue_01,night,regular,True,6,11,False,0.0,
2_playing/slot_20260712_2030_camB_t000704.jpg,2_playing,C2_ACTIVE_PLAY,venue_01,night,regular,True,7,12,False,0.0,
2_playing/slot_20260712_2030_camB_t000711_m.jpg,2_playing,C2_ACTIVE_PLAY,venue_01,night,motion,True,6,12,False,0.0,
2_playing/slot_20260712_2030_camB_t000727_m.jpg,2_playing,C2_ACTIVE_PLAY,venue_01,night,motion,True,9,12,True,0.0,
2_playing/slot_20260712_2030_camB_t000734.jpg,2_playing,C2_ACTIVE_PLAY,venue_01,night,regular,True,9,18,False,0.0,
2_playing/slot_20260712_2030_camB_t000769_m.jpg,2_playing,C2_ACTIVE_PLAY,venue_01,night,motion,True,6,13,True,0.0,
2_playing/slot_20260712_2030_camB_t000775_m.jpg,2_playing,C2_ACTIVE_PLAY,venue_01,night,motion,True,8,17,False,0.0,
2_playing/slot_20260712_2030_camB_t000779.jpg,2_playing,C2_ACTIVE_PLAY,venue_01,night,regular,True,9,15,False,0.0,
2_playing/slot_20260712_2030_camB_t000784_m.jpg,2_playing,C2_ACTIVE_PLAY,venue_01,night,motion,True,12,15,False,0.0,
2_playing/slot_20260712_2030_camB_t000790_m.jpg,2_playing,C2_ACTIVE_PLAY,venue_01,night,motion,True,13,17,False,0.0,
2_playing/slot_20260712_2030_camB_t000794.jpg,2_playing,C2_ACTIVE_PLAY,venue_01,night,regular,True,11,15,True,0.0,
2_playing/slot_20260712_2030_camB_t000800_m.jpg,2_playing,C2_ACTIVE_PLAY,venue_01,night,motion,True,12,17,True,0.0,
2_playing/slot_20260712_2030_camB_t000809.jpg,2_playing,C2_ACTIVE_PLAY,venue_01,night,regular,True,7,13,False,0.0,
2_playing/slot_20260712_2030_camB_t000816_m.jpg,2_playing,C2_ACTIVE_PLAY,venue_01,night,motion,True,8,17,False,0.0,
2_playing/slot_20260712_2030_camB_t000821_m.jpg,2_playing,C2_ACTIVE_PLAY,venue_01,night,motion,True,9,10,True,0.0,
2_playing/slot_20260712_2030_camB_t000824.jpg,2_playing,C2_ACTIVE_PLAY,venue_01,night,regular,True,7,17,False,0.0,
2_playing/slot_20260712_2030_camB_t000829_m.jpg,2_playing,C2_ACTIVE_PLAY,venue_01,night,motion,True,5,10,False,0.0,
2_playing/slot_20260712_2030_camB_t000839.jpg,2_playing,C2_ACTIVE_PLAY,venue_01,night,regular,True,5,9,False,0.0,
2_playing/slot_20260712_2030_camB_t000851_m.jpg,2_playing,C2_ACTIVE_PLAY,venue_01,night,motion,True,9,15,False,0.0,
2_playing/slot_20260712_2030_camB_t000854.jpg,2_playing,C2_ACTIVE_PLAY,venue_01,night,regular,True,8,12,False,0.0,
2_playing/slot_20260712_2030_camB_t000865_m.jpg,2_playing,C2_ACTIVE_PLAY,venue_01,night,motion,True,8,11,False,0.0,
2_playing/slot_20260712_2030_camB_t000869.jpg,2_playing,C2_ACTIVE_PLAY,venue_01,night,regular,True,7,10,False,0.0,
2_playing/slot_20260712_2030_camB_t000874_m.jpg,2_playing,C2_ACTIVE_PLAY,venue_01,night,motion,True,8,13,False,0.0,
2_playing/slot_20260712_2030_camB_t000884.jpg,2_playing,C2_ACTIVE_PLAY,venue_01,night,regular,True,5,11,False,0.0,
2_playing/slot_20260712_2030_camB_t000889_m.jpg,2_playing,C2_ACTIVE_PLAY,venue_01,night,motion,True,9,14,False,0.0,
2_playing/slot_20260712_2030_camB_t000899.jpg,2_playing,C2_ACTIVE_PLAY,venue_01,night,regular,True,5,10,False,0.0,
2_playing/slot_20260712_2030_camB_t000906_m.jpg,2_playing,C2_ACTIVE_PLAY,venue_01,night,motion,True,6,13,True,0.0,
2_playing/slot_20260712_2030_camB_t000912_m.jpg,2_playing,C2_ACTIVE_PLAY,venue_01,night,motion,True,9,13,False,0.0,
2_playing/slot_20260712_2030_camB_t000914.jpg,2_playing,C2_ACTIVE_PLAY,venue_01,night,regular,True,7,11,False,0.0,
2_playing/slot_20260712_2030_camB_t000920_m.jpg,2_playing,C2_ACTIVE_PLAY,venue_01,night,motion,True,7,15,False,0.0,
2_playing/slot_20260712_2030_camB_t000925_m.jpg,2_playing,C2_ACTIVE_PLAY,venue_01,night,motion,True,8,11,True,0.0,
2_playing/slot_20260712_2030_camB_t000929.jpg,2_playing,C2_ACTIVE_PLAY,venue_01,night,regular,True,12,15,False,0.0,
2_playing/slot_20260712_2030_camB_t000944.jpg,2_playing,C2_ACTIVE_PLAY,venue_01,night,regular,True,5,13,False,0.0,
2_playing/slot_20260712_2030_camB_t000959.jpg,2_playing,C2_ACTIVE_PLAY,venue_01,night,regular,True,7,14,False,0.0,
2_playing/slot_20260712_2030_camB_t000964_m.jpg,2_playing,C2_ACTIVE_PLAY,venue_01,night,motion,True,11,15,True,0.0,
2_playing/slot_20260712_2030_camB_t000970_m.jpg,2_playing,C2_ACTIVE_PLAY,venue_01,night,motion,True,11,18,False,0.0,
2_playing/slot_20260712_2030_camB_t000974.jpg,2_playing,C2_ACTIVE_PLAY,venue_01,night,regular,True,11,19,False,0.0,
2_playing/slot_20260712_2030_camB_t000980_m.jpg,2_playing,C2_ACTIVE_PLAY,venue_01,night,motion,True,13,16,True,0.0,
2_playing/slot_20260712_2030_camB_t000985_m.jpg,2_playing,C2_ACTIVE_PLAY,venue_01,night,motion,True,14,18,False,0.0,
2_playing/slot_20260712_2030_camB_t000989.jpg,2_playing,C2_ACTIVE_PLAY,venue_01,night,regular,True,13,20,False,0.0,
2_playing/slot_20260712_2030_camB_t000994_m.jpg,2_playing,C2_ACTIVE_PLAY,venue_01,night,motion,True,10,11,False,0.0,
2_playing/slot_20260712_2030_camB_t001000_m.jpg,2_playing,C2_ACTIVE_PLAY,venue_01,night,motion,True,10,15,True,0.0,
2_playing/slot_20260712_2030_camB_t001004.jpg,2_playing,C2_ACTIVE_PLAY,venue_01,night,regular,True,8,15,False,0.0,
2_playing/slot_20260712_2030_camB_t001019.jpg,2_playing,C2_ACTIVE_PLAY,venue_01,night,regular,True,5,11,False,0.0,
2_playing/slot_20260712_2030_camB_t001034.jpg,2_playing,C2_ACTIVE_PLAY,venue_01,night,regular,True,5,10,False,0.0,
2_playing/slot_20260712_2030_camB_t001049.jpg,2_playing,C2_ACTIVE_PLAY,venue_01,night,regular,True,6,11,False,0.0,
2_playing/slot_20260712_2030_camB_t001055_m.jpg,2_playing,C2_ACTIVE_PLAY,venue_01,night,motion,True,8,18,False,0.0,
2_playing/slot_20260712_2030_camB_t001061_m.jpg,2_playing,C2_ACTIVE_PLAY,venue_01,night,motion,True,13,21,False,0.0,
2_playing/slot_20260712_2030_camB_t001064.jpg,2_playing,C2_ACTIVE_PLAY,venue_01,night,regular,True,11,18,True,0.0,
2_playing/slot_20260712_2030_camB_t001076_m.jpg,2_playing,C2_ACTIVE_PLAY,venue_01,night,motion,True,8,15,False,0.0,
2_playing/slot_20260712_2030_camB_t001079.jpg,2_playing,C2_ACTIVE_PLAY,venue_01,night,regular,True,8,15,True,0.0,
2_playing/slot_20260712_2030_camB_t001087_m.jpg,2_playing,C2_ACTIVE_PLAY,venue_01,night,motion,True,8,12,False,0.0,
2_playing/slot_20260712_2030_camB_t001093_m.jpg,2_playing,C2_ACTIVE_PLAY,venue_01,night,motion,True,8,15,True,0.0,
2_playing/slot_20260712_2030_camB_t001094.jpg,2_playing,C2_ACTIVE_PLAY,venue_01,night,regular,True,9,13,True,0.0,
2_playing/slot_20260712_2030_camB_t001109.jpg,2_playing,C2_ACTIVE_PLAY,venue_01,night,regular,True,7,10,True,0.0,
2_playing/slot_20260712_2030_camB_t001114_m.jpg,2_playing,C2_ACTIVE_PLAY,venue_01,night,motion,True,9,13,True,0.0,
2_playing/slot_20260712_2030_camB_t001120_m.jpg,2_playing,C2_ACTIVE_PLAY,venue_01,night,motion,True,8,11,True,0.0,
2_playing/slot_20260712_2030_camB_t001124.jpg,2_playing,C2_ACTIVE_PLAY,venue_01,night,regular,True,5,9,False,0.0,
2_playing/slot_20260712_2030_camB_t001139.jpg,2_playing,C2_ACTIVE_PLAY,venue_01,night,regular,True,6,10,False,0.0,
2_playing/slot_20260712_2030_camB_t001154.jpg,2_playing,C2_ACTIVE_PLAY,venue_01,night,regular,True,6,8,False,0.0,
2_playing/slot_20260712_2030_camB_t001184.jpg,2_playing,C2_ACTIVE_PLAY,venue_01,night,regular,True,6,15,False,0.0,
2_playing/slot_20260712_2030_camB_t001199.jpg,2_playing,C2_ACTIVE_PLAY,venue_01,night,regular,True,6,14,False,0.0,
2_playing/slot_20260712_2030_camB_t001214.jpg,2_playing,C2_ACTIVE_PLAY,venue_01,night,regular,True,9,14,False,0.0,
2_playing/slot_20260712_2030_camB_t001229.jpg,2_playing,C2_ACTIVE_PLAY,venue_01,night,regular,True,6,11,False,0.0,
2_playing/slot_20260712_2030_camB_t001244.jpg,2_playing,C2_ACTIVE_PLAY,venue_01,night,regular,True,6,12,False,0.0,
2_playing/slot_20260712_2030_camB_t001253_m.jpg,2_playing,C2_ACTIVE_PLAY,venue_01,night,motion,True,7,14,False,0.0,
2_playing/slot_20260712_2030_camB_t001259.jpg,2_playing,C2_ACTIVE_PLAY,venue_01,night,regular,True,9,12,False,0.0,
2_playing/slot_20260712_2030_camB_t001270_m.jpg,2_playing,C2_ACTIVE_PLAY,venue_01,night,motion,True,6,12,False,0.0,
2_playing/slot_20260712_2030_camB_t001279_m.jpg,2_playing,C2_ACTIVE_PLAY,venue_01,night,motion,True,8,14,False,0.0,
2_playing/slot_20260712_2030_camB_t001284_m.jpg,2_playing,C2_ACTIVE_PLAY,venue_01,night,motion,True,10,17,False,0.0,
2_playing/slot_20260712_2030_camB_t001289.jpg,2_playing,C2_ACTIVE_PLAY,venue_01,night,regular,True,11,17,False,0.0,
2_playing/slot_20260712_2030_camB_t001304.jpg,2_playing,C2_ACTIVE_PLAY,venue_01,night,regular,True,5,10,False,0.0,
2_playing/slot_20260712_2030_camB_t001309_m.jpg,2_playing,C2_ACTIVE_PLAY,venue_01,night,motion,True,8,15,False,0.0,
2_playing/slot_20260712_2030_camB_t001315_m.jpg,2_playing,C2_ACTIVE_PLAY,venue_01,night,motion,True,11,15,False,0.0,
2_playing/slot_20260712_2030_camB_t001319.jpg,2_playing,C2_ACTIVE_PLAY,venue_01,night,regular,True,10,18,False,0.0,
2_playing/slot_20260712_2030_camB_t001325_m.jpg,2_playing,C2_ACTIVE_PLAY,venue_01,night,motion,True,12,17,False,0.0,
2_playing/slot_20260712_2030_camB_t001331_m.jpg,2_playing,C2_ACTIVE_PLAY,venue_01,night,motion,True,13,15,False,0.0,
2_playing/slot_20260712_2030_camB_t001334.jpg,2_playing,C2_ACTIVE_PLAY,venue_01,night,regular,True,11,14,False,0.0,
2_playing/slot_20260712_2030_camB_t001339_m.jpg,2_playing,C2_ACTIVE_PLAY,venue_01,night,motion,True,10,16,False,0.0,
2_playing/slot_20260712_2030_camB_t001347_m.jpg,2_playing,C2_ACTIVE_PLAY,venue_01,night,motion,True,7,9,False,0.0,
2_playing/slot_20260712_2030_camB_t001349.jpg,2_playing,C2_ACTIVE_PLAY,venue_01,night,regular,True,5,9,False,0.0,
2_playing/slot_20260712_2030_camB_t001376_m.jpg,2_playing,C2_ACTIVE_PLAY,venue_01,night,motion,True,7,11,False,0.0,
2_playing/slot_20260712_2030_camB_t001378.jpg,2_playing,C2_ACTIVE_PLAY,venue_01,night,regular,True,7,11,False,0.0,
2_playing/slot_20260712_2030_camB_t001385_m.jpg,2_playing,C2_ACTIVE_PLAY,venue_01,night,motion,True,5,12,False,0.0,
2_playing/slot_20260712_2030_camB_t001391_m.jpg,2_playing,C2_ACTIVE_PLAY,venue_01,night,motion,True,11,19,True,0.0,
2_playing/slot_20260712_2030_camB_t001393.jpg,2_playing,C2_ACTIVE_PLAY,venue_01,night,regular,True,12,16,False,0.0,
2_playing/slot_20260712_2030_camB_t001399_m.jpg,2_playing,C2_ACTIVE_PLAY,venue_01,night,motion,True,11,15,True,0.0,
2_playing/slot_20260712_2030_camB_t001404_m.jpg,2_playing,C2_ACTIVE_PLAY,venue_01,night,motion,True,6,11,True,0.0,
2_playing/slot_20260712_2030_camB_t001453.jpg,2_playing,C2_ACTIVE_PLAY,venue_01,night,regular,True,11,16,False,0.0,
2_playing/slot_20260712_2030_camB_t001459_m.jpg,2_playing,C2_ACTIVE_PLAY,venue_01,night,motion,True,11,17,False,0.0,
2_playing/slot_20260712_2030_camB_t001464_m.jpg,2_playing,C2_ACTIVE_PLAY,venue_01,night,motion,True,14,21,False,0.0,
2_playing/slot_20260712_2030_camB_t001468.jpg,2_playing,C2_ACTIVE_PLAY,venue_01,night,regular,True,12,19,False,0.0,
2_playing/slot_20260712_2030_camB_t001474_m.jpg,2_playing,C2_ACTIVE_PLAY,venue_01,night,motion,True,8,16,False,0.0,
2_playing/slot_20260712_2030_camB_t001480_m.jpg,2_playing,C2_ACTIVE_PLAY,venue_01,night,motion,True,7,11,False,0.0,
2_playing/slot_20260712_2030_camB_t001483.jpg,2_playing,C2_ACTIVE_PLAY,venue_01,night,regular,True,7,14,True,0.0,
2_playing/slot_20260712_2030_camB_t001489_m.jpg,2_playing,C2_ACTIVE_PLAY,venue_01,night,motion,True,7,15,True,0.0,
2_playing/slot_20260712_2030_camB_t001496_m.jpg,2_playing,C2_ACTIVE_PLAY,venue_01,night,motion,True,7,18,False,0.0,
2_playing/slot_20260712_2030_camB_t001498.jpg,2_playing,C2_ACTIVE_PLAY,venue_01,night,regular,True,9,16,True,0.0,
2_playing/slot_20260712_2030_camB_t001503_m.jpg,2_playing,C2_ACTIVE_PLAY,venue_01,night,motion,True,8,17,True,0.0,
2_playing/slot_20260712_2030_camB_t001528.jpg,2_playing,C2_ACTIVE_PLAY,venue_01,night,regular,True,8,11,False,0.0,
2_playing/slot_20260712_2030_camB_t001539_m.jpg,2_playing,C2_ACTIVE_PLAY,venue_01,night,motion,True,6,9,True,0.0,
2_playing/slot_20260712_2030_camB_t001543.jpg,2_playing,C2_ACTIVE_PLAY,venue_01,night,regular,True,10,11,True,0.0,
2_playing/slot_20260712_2030_camB_t001549_m.jpg,2_playing,C2_ACTIVE_PLAY,venue_01,night,motion,True,10,13,True,0.0,
2_playing/slot_20260712_2030_camB_t001555_m.jpg,2_playing,C2_ACTIVE_PLAY,venue_01,night,motion,True,8,9,False,0.0,
2_playing/slot_20260712_2030_camB_t001558.jpg,2_playing,C2_ACTIVE_PLAY,venue_01,night,regular,True,12,14,False,0.0,
2_playing/slot_20260712_2030_camB_t001563_m.jpg,2_playing,C2_ACTIVE_PLAY,venue_01,night,motion,True,8,13,False,0.0,
2_playing/slot_20260712_2030_camB_t001569_m.jpg,2_playing,C2_ACTIVE_PLAY,venue_01,night,motion,True,10,14,True,0.0,
2_playing/slot_20260712_2030_camB_t001573.jpg,2_playing,C2_ACTIVE_PLAY,venue_01,night,regular,True,10,15,True,0.0,
2_playing/slot_20260712_2030_camB_t001583_m.jpg,2_playing,C2_ACTIVE_PLAY,venue_01,night,motion,True,6,11,True,0.0,
2_playing/slot_20260712_2030_camB_t001588.jpg,2_playing,C2_ACTIVE_PLAY,venue_01,night,regular,True,5,12,False,0.0,
2_playing/slot_20260712_2030_camB_t001594_m.jpg,2_playing,C2_ACTIVE_PLAY,venue_01,night,motion,True,9,15,False,0.0,
2_playing/slot_20260712_2030_camB_t001603.jpg,2_playing,C2_ACTIVE_PLAY,venue_01,night,regular,True,7,12,False,0.0,
2_playing/slot_20260712_2030_camB_t001603_m.jpg,2_playing,C2_ACTIVE_PLAY,venue_01,night,motion,True,7,13,True,0.0,
2_playing/slot_20260712_2030_camB_t001609_m.jpg,2_playing,C2_ACTIVE_PLAY,venue_01,night,motion,True,9,15,True,0.0,
2_playing/slot_20260712_2030_camB_t001615_m.jpg,2_playing,C2_ACTIVE_PLAY,venue_01,night,motion,True,12,18,True,0.0,
2_playing/slot_20260712_2030_camB_t001618.jpg,2_playing,C2_ACTIVE_PLAY,venue_01,night,regular,True,12,16,False,0.0,
2_playing/slot_20260712_2030_camB_t001623_m.jpg,2_playing,C2_ACTIVE_PLAY,venue_01,night,motion,True,12,18,False,0.0,
2_playing/slot_20260712_2030_camB_t001629_m.jpg,2_playing,C2_ACTIVE_PLAY,venue_01,night,motion,True,9,14,False,0.0,
2_playing/slot_20260712_2030_camB_t001633.jpg,2_playing,C2_ACTIVE_PLAY,venue_01,night,regular,True,11,18,False,0.0,
2_playing/slot_20260712_2030_camB_t001639_m.jpg,2_playing,C2_ACTIVE_PLAY,venue_01,night,motion,True,13,18,False,0.0,
2_playing/slot_20260712_2030_camB_t001645_m.jpg,2_playing,C2_ACTIVE_PLAY,venue_01,night,motion,True,13,17,False,0.0,
2_playing/slot_20260712_2030_camB_t001648.jpg,2_playing,C2_ACTIVE_PLAY,venue_01,night,regular,True,13,17,True,0.0,
2_playing/slot_20260712_2030_camB_t001654_m.jpg,2_playing,C2_ACTIVE_PLAY,venue_01,night,motion,True,13,18,False,0.0,
2_playing/slot_20260712_2030_camB_t001660_m.jpg,2_playing,C2_ACTIVE_PLAY,venue_01,night,motion,True,13,18,True,0.0,
2_playing/slot_20260712_2030_camB_t001663.jpg,2_playing,C2_ACTIVE_PLAY,venue_01,night,regular,True,12,18,False,0.0,
2_playing/slot_20260712_2030_camB_t001669_m.jpg,2_playing,C2_ACTIVE_PLAY,venue_01,night,motion,True,15,20,False,0.0,
2_playing/slot_20260712_2030_camB_t001675_m.jpg,2_playing,C2_ACTIVE_PLAY,venue_01,night,motion,True,15,17,True,0.0,
2_playing/slot_20260712_2030_camB_t001678.jpg,2_playing,C2_ACTIVE_PLAY,venue_01,night,regular,True,11,12,False,0.0,
2_playing/slot_20260712_2030_camB_t001683_m.jpg,2_playing,C2_ACTIVE_PLAY,venue_01,night,motion,True,10,15,True,0.0,
2_playing/slot_20260712_2030_camB_t001693.jpg,2_playing,C2_ACTIVE_PLAY,venue_01,night,regular,True,7,11,True,0.0,
2_playing/slot_20260712_2030_camB_t001699_m.jpg,2_playing,C2_ACTIVE_PLAY,venue_01,night,motion,True,10,14,False,0.0,
2_playing/slot_20260712_2030_camB_t001704_m.jpg,2_playing,C2_ACTIVE_PLAY,venue_01,night,motion,True,9,15,True,0.0,
2_playing/slot_20260712_2030_camB_t001718_m.jpg,2_playing,C2_ACTIVE_PLAY,venue_01,night,motion,True,6,11,False,0.0,
2_playing/slot_20260712_2030_camB_t001723.jpg,2_playing,C2_ACTIVE_PLAY,venue_01,night,regular,True,6,12,False,0.0,
2_playing/slot_20260712_2030_camB_t001728_m.jpg,2_playing,C2_ACTIVE_PLAY,venue_01,night,motion,True,9,15,False,0.0,
2_playing/slot_20260712_2030_camB_t001735_m.jpg,2_playing,C2_ACTIVE_PLAY,venue_01,night,motion,True,6,10,False,0.0,
2_playing/slot_20260712_2030_camB_t001738.jpg,2_playing,C2_ACTIVE_PLAY,venue_01,night,regular,True,5,9,False,0.0,
2_playing/slot_20260712_2030_camB_t001743_m.jpg,2_playing,C2_ACTIVE_PLAY,venue_01,night,motion,True,12,15,True,0.0,
2_playing/slot_20260712_2030_camB_t001749_m.jpg,2_playing,C2_ACTIVE_PLAY,venue_01,night,motion,True,13,16,True,0.0,
2_playing/slot_20260712_2030_camB_t001753.jpg,2_playing,C2_ACTIVE_PLAY,venue_01,night,regular,True,7,15,True,0.0,
2_playing/slot_20260712_2030_camB_t001759_m.jpg,2_playing,C2_ACTIVE_PLAY,venue_01,night,motion,True,7,12,False,0.0,
2_playing/slot_20260712_2030_camB_t001768.jpg,2_playing,C2_ACTIVE_PLAY,venue_01,night,regular,True,5,10,False,0.0,
2_playing/slot_20260712_2030_camB_t001813.jpg,2_playing,C2_ACTIVE_PLAY,venue_01,night,regular,True,7,15,False,0.0,
2_playing/slot_20260712_2030_camB_t001828.jpg,2_playing,C2_ACTIVE_PLAY,venue_01,night,regular,True,7,11,False,0.0,
2_playing/slot_20260712_2030_camB_t001843.jpg,2_playing,C2_ACTIVE_PLAY,venue_01,night,regular,True,7,10,True,0.0,
2_playing/slot_20260712_2030_camB_t001850_m.jpg,2_playing,C2_ACTIVE_PLAY,venue_01,night,motion,True,8,14,True,0.0,
2_playing/slot_20260712_2030_camB_t001856_m.jpg,2_playing,C2_ACTIVE_PLAY,venue_01,night,motion,True,10,14,True,0.0,
2_playing/slot_20260712_2030_camB_t001858.jpg,2_playing,C2_ACTIVE_PLAY,venue_01,night,regular,True,9,13,True,0.0,
2_playing/slot_20260712_2030_camB_t001864_m.jpg,2_playing,C2_ACTIVE_PLAY,venue_01,night,motion,True,7,13,True,0.0,
2_playing/slot_20260712_2030_camB_t001873.jpg,2_playing,C2_ACTIVE_PLAY,venue_01,night,regular,True,7,14,True,0.0,
2_playing/slot_20260712_2030_camB_t001879_m.jpg,2_playing,C2_ACTIVE_PLAY,venue_01,night,motion,True,9,16,False,0.0,
2_playing/slot_20260712_2030_camB_t001884_m.jpg,2_playing,C2_ACTIVE_PLAY,venue_01,night,motion,True,9,13,True,0.0,
2_playing/slot_20260712_2030_camB_t001888.jpg,2_playing,C2_ACTIVE_PLAY,venue_01,night,regular,True,6,9,False,0.0,
2_playing/slot_20260712_2030_camB_t001924_m.jpg,2_playing,C2_ACTIVE_PLAY,venue_01,night,motion,True,7,16,True,0.0,
2_playing/slot_20260712_2030_camB_t001929_m.jpg,2_playing,C2_ACTIVE_PLAY,venue_01,night,motion,True,10,12,False,0.0,
2_playing/slot_20260712_2030_camB_t001933.jpg,2_playing,C2_ACTIVE_PLAY,venue_01,night,regular,True,10,12,False,0.0,
2_playing/slot_20260712_2030_camB_t001939_m.jpg,2_playing,C2_ACTIVE_PLAY,venue_01,night,motion,True,10,14,False,0.0,
2_playing/slot_20260712_2030_camB_t001944_m.jpg,2_playing,C2_ACTIVE_PLAY,venue_01,night,motion,True,12,12,True,0.0,
2_playing/slot_20260712_2030_camB_t001948.jpg,2_playing,C2_ACTIVE_PLAY,venue_01,night,regular,True,11,11,True,0.0,
2_playing/slot_20260712_2030_camB_t001954_m.jpg,2_playing,C2_ACTIVE_PLAY,venue_01,night,motion,True,14,17,False,0.0,
2_playing/slot_20260712_2030_camB_t001960_m.jpg,2_playing,C2_ACTIVE_PLAY,venue_01,night,motion,True,12,15,False,0.0,
2_playing/slot_20260712_2030_camB_t001963.jpg,2_playing,C2_ACTIVE_PLAY,venue_01,night,regular,True,9,13,False,0.0,
2_playing/slot_20260712_2030_camB_t001969_m.jpg,2_playing,C2_ACTIVE_PLAY,venue_01,night,motion,True,12,18,False,0.0,
2_playing/slot_20260712_2030_camB_t001975_m.jpg,2_playing,C2_ACTIVE_PLAY,venue_01,night,motion,True,11,17,True,0.0,
2_playing/slot_20260712_2030_camB_t001978.jpg,2_playing,C2_ACTIVE_PLAY,venue_01,night,regular,True,11,18,True,0.0,
2_playing/slot_20260712_2030_camB_t001984_m.jpg,2_playing,C2_ACTIVE_PLAY,venue_01,night,motion,True,11,19,False,0.0,
2_playing/slot_20260712_2030_camB_t001989_m.jpg,2_playing,C2_ACTIVE_PLAY,venue_01,night,motion,True,8,11,False,0.0,
2_playing/slot_20260712_2030_camB_t001993.jpg,2_playing,C2_ACTIVE_PLAY,venue_01,night,regular,True,7,13,False,0.0,
2_playing/slot_20260712_2030_camB_t002002_m.jpg,2_playing,C2_ACTIVE_PLAY,venue_01,night,motion,True,10,15,False,0.0,
2_playing/slot_20260712_2030_camB_t002007_m.jpg,2_playing,C2_ACTIVE_PLAY,venue_01,night,motion,True,12,19,True,0.0,
2_playing/slot_20260712_2030_camB_t002008.jpg,2_playing,C2_ACTIVE_PLAY,venue_01,night,regular,True,11,18,True,0.0,
2_playing/slot_20260712_2030_camB_t002013_m.jpg,2_playing,C2_ACTIVE_PLAY,venue_01,night,motion,True,7,13,False,0.0,
2_playing/slot_20260712_2030_camB_t002019_m.jpg,2_playing,C2_ACTIVE_PLAY,venue_01,night,motion,True,6,14,False,0.0,
2_playing/slot_20260712_2030_camB_t002023.jpg,2_playing,C2_ACTIVE_PLAY,venue_01,night,regular,True,6,12,False,0.0,
2_playing/slot_20260712_2030_camB_t002068.jpg,2_playing,C2_ACTIVE_PLAY,venue_01,night,regular,True,7,11,True,0.0,
2_playing/slot_20260712_2030_camB_t002073_m.jpg,2_playing,C2_ACTIVE_PLAY,venue_01,night,motion,True,11,15,True,0.0,
2_playing/slot_20260712_2030_camB_t002079_m.jpg,2_playing,C2_ACTIVE_PLAY,venue_01,night,motion,True,12,17,True,0.0,
2_playing/slot_20260712_2030_camB_t002083.jpg,2_playing,C2_ACTIVE_PLAY,venue_01,night,regular,True,7,12,False,0.0,
2_playing/slot_20260712_2030_camB_t002092_m.jpg,2_playing,C2_ACTIVE_PLAY,venue_01,night,motion,True,7,12,True,0.0,
2_playing/slot_20260712_2030_camB_t002098.jpg,2_playing,C2_ACTIVE_PLAY,venue_01,night,regular,True,10,14,True,0.0,
2_playing/slot_20260712_2030_camB_t002104_m.jpg,2_playing,C2_ACTIVE_PLAY,venue_01,night,motion,True,10,18,True,0.0,
2_playing/slot_20260712_2030_camB_t002113.jpg,2_playing,C2_ACTIVE_PLAY,venue_01,night,regular,True,11,15,False,0.0,
2_playing/slot_20260712_2030_camB_t002126_m.jpg,2_playing,C2_ACTIVE_PLAY,venue_01,night,motion,True,14,22,False,0.0,
2_playing/slot_20260712_2030_camB_t002128.jpg,2_playing,C2_ACTIVE_PLAY,venue_01,night,regular,True,14,21,False,0.0,
2_playing/slot_20260712_2030_camB_t002133_m.jpg,2_playing,C2_ACTIVE_PLAY,venue_01,night,motion,True,13,17,False,0.0,
2_playing/slot_20260712_2030_camB_t002139_m.jpg,2_playing,C2_ACTIVE_PLAY,venue_01,night,motion,True,14,18,True,0.0,
2_playing/slot_20260712_2030_camB_t002143.jpg,2_playing,C2_ACTIVE_PLAY,venue_01,night,regular,True,10,13,True,0.0,
2_playing/slot_20260712_2030_camB_t002148_m.jpg,2_playing,C2_ACTIVE_PLAY,venue_01,night,motion,True,11,15,True,0.0,
2_playing/slot_20260712_2030_camB_t002154_m.jpg,2_playing,C2_ACTIVE_PLAY,venue_01,night,motion,True,9,18,True,0.0,
2_playing/slot_20260712_2030_camB_t002158.jpg,2_playing,C2_ACTIVE_PLAY,venue_01,night,regular,True,7,13,False,0.0,
2_playing/slot_20260712_2030_camB_t002218.jpg,2_playing,C2_ACTIVE_PLAY,venue_01,night,regular,True,5,14,False,0.0,
2_playing/slot_20260712_2030_camB_t002227_m.jpg,2_playing,C2_ACTIVE_PLAY,venue_01,night,motion,True,9,20,True,0.0,
2_playing/slot_20260712_2030_camB_t002233.jpg,2_playing,C2_ACTIVE_PLAY,venue_01,night,regular,True,11,14,False,0.0,
2_playing/slot_20260712_2030_camB_t002239_m.jpg,2_playing,C2_ACTIVE_PLAY,venue_01,night,motion,True,12,16,False,0.0,
2_playing/slot_20260712_2030_camB_t002244_m.jpg,2_playing,C2_ACTIVE_PLAY,venue_01,night,motion,True,14,16,True,0.0,
2_playing/slot_20260712_2030_camB_t002248.jpg,2_playing,C2_ACTIVE_PLAY,venue_01,night,regular,True,12,18,True,0.0,
2_playing/slot_20260712_2030_camB_t002253_m.jpg,2_playing,C2_ACTIVE_PLAY,venue_01,night,motion,True,13,17,False,0.0,
2_playing/slot_20260712_2030_camB_t002263.jpg,2_playing,C2_ACTIVE_PLAY,venue_01,night,regular,True,10,15,False,0.0,
2_playing/slot_20260712_2030_camB_t002278.jpg,2_playing,C2_ACTIVE_PLAY,venue_01,night,regular,True,8,14,False,0.0,
2_playing/slot_20260712_2030_camB_t002284_m.jpg,2_playing,C2_ACTIVE_PLAY,venue_01,night,motion,True,11,16,True,0.0,
2_playing/slot_20260712_2030_camB_t002289_m.jpg,2_playing,C2_ACTIVE_PLAY,venue_01,night,motion,True,9,15,False,0.0,
2_playing/slot_20260712_2030_camB_t002293.jpg,2_playing,C2_ACTIVE_PLAY,venue_01,night,regular,True,6,11,False,0.0,
2_playing/slot_20260712_2030_camB_t002308.jpg,2_playing,C2_ACTIVE_PLAY,venue_01,night,regular,True,9,10,False,0.0,
2_playing/slot_20260712_2030_camB_t002313_m.jpg,2_playing,C2_ACTIVE_PLAY,venue_01,night,motion,True,9,14,True,0.0,
2_playing/slot_20260712_2030_camB_t002319_m.jpg,2_playing,C2_ACTIVE_PLAY,venue_01,night,motion,True,13,16,True,0.0,
2_playing/slot_20260712_2030_camB_t002323.jpg,2_playing,C2_ACTIVE_PLAY,venue_01,night,regular,True,13,16,True,0.0,
2_playing/slot_20260712_2030_camB_t002338.jpg,2_playing,C2_ACTIVE_PLAY,venue_01,night,regular,True,8,14,False,0.0,
2_playing/slot_20260712_2030_camB_t002443.jpg,2_playing,C2_ACTIVE_PLAY,venue_01,night,regular,True,7,14,False,0.0,
2_playing/slot_20260712_2030_camB_t002458.jpg,2_playing,C2_ACTIVE_PLAY,venue_01,night,regular,True,5,9,False,0.0,
2_playing/slot_20260712_2030_camB_t002473.jpg,2_playing,C2_ACTIVE_PLAY,venue_01,night,regular,True,7,13,False,0.0,
2_playing/slot_20260712_2030_camB_t002488.jpg,2_playing,C2_ACTIVE_PLAY,venue_01,night,regular,True,8,16,False,0.0,
2_playing/slot_20260712_2030_camB_t002503.jpg,2_playing,C2_ACTIVE_PLAY,venue_01,night,regular,True,8,12,False,0.0,
2_playing/slot_20260712_2030_camB_t002518.jpg,2_playing,C2_ACTIVE_PLAY,venue_01,night,regular,True,6,10,False,0.0,
2_playing/slot_20260712_2030_camB_t002525_m.jpg,2_playing,C2_ACTIVE_PLAY,venue_01,night,motion,True,10,14,False,0.0,
2_playing/slot_20260712_2030_camB_t002530_m.jpg,2_playing,C2_ACTIVE_PLAY,venue_01,night,motion,True,8,16,True,0.0,
2_playing/slot_20260712_2030_camB_t002533.jpg,2_playing,C2_ACTIVE_PLAY,venue_01,night,regular,True,9,17,True,0.0,
2_playing/slot_20260712_2030_camB_t002538_m.jpg,2_playing,C2_ACTIVE_PLAY,venue_01,night,motion,True,8,14,True,0.0,
2_playing/slot_20260712_2030_camB_t002544_m.jpg,2_playing,C2_ACTIVE_PLAY,venue_01,night,motion,True,9,14,True,0.0,
2_playing/slot_20260712_2030_camB_t002548.jpg,2_playing,C2_ACTIVE_PLAY,venue_01,night,regular,True,6,13,True,0.0,
2_playing/slot_20260712_2030_camB_t002553_m.jpg,2_playing,C2_ACTIVE_PLAY,venue_01,night,motion,True,8,12,True,0.0,
2_playing/slot_20260712_2030_camB_t002569_m.jpg,2_playing,C2_ACTIVE_PLAY,venue_01,night,motion,True,7,12,True,0.0,
2_playing/slot_20260712_2030_camB_t002578.jpg,2_playing,C2_ACTIVE_PLAY,venue_01,night,regular,True,11,14,False,0.0,
2_playing/slot_20260712_2030_camB_t002583_m.jpg,2_playing,C2_ACTIVE_PLAY,venue_01,night,motion,True,10,15,False,0.0,
2_playing/slot_20260712_2030_camB_t002588_m.jpg,2_playing,C2_ACTIVE_PLAY,venue_01,night,motion,True,12,15,False,0.0,
2_playing/slot_20260712_2030_camB_t002593.jpg,2_playing,C2_ACTIVE_PLAY,venue_01,night,regular,True,12,13,False,0.0,
2_playing/slot_20260712_2030_camB_t002598_m.jpg,2_playing,C2_ACTIVE_PLAY,venue_01,night,motion,True,11,17,False,0.0,
2_playing/slot_20260712_2030_camB_t002604_m.jpg,2_playing,C2_ACTIVE_PLAY,venue_01,night,motion,True,12,18,False,0.0,
2_playing/slot_20260712_2030_camB_t002608.jpg,2_playing,C2_ACTIVE_PLAY,venue_01,night,regular,True,11,16,False,0.0,
2_playing/slot_20260712_2030_camB_t002613_m.jpg,2_playing,C2_ACTIVE_PLAY,venue_01,night,motion,True,12,16,True,0.0,
2_playing/slot_20260712_2030_camB_t002620_m.jpg,2_playing,C2_ACTIVE_PLAY,venue_01,night,motion,True,9,13,True,0.0,
2_playing/slot_20260712_2030_camB_t002623.jpg,2_playing,C2_ACTIVE_PLAY,venue_01,night,regular,True,9,15,False,0.0,
2_playing/slot_20260712_2030_camB_t002628_m.jpg,2_playing,C2_ACTIVE_PLAY,venue_01,night,motion,True,8,16,False,0.0,
2_playing/slot_20260712_2030_camB_t002635_m.jpg,2_playing,C2_ACTIVE_PLAY,venue_01,night,motion,True,8,14,True,0.0,
2_playing/slot_20260712_2030_camB_t002638.jpg,2_playing,C2_ACTIVE_PLAY,venue_01,night,regular,True,5,12,False,0.0,
2_playing/slot_20260712_2030_camB_t002653.jpg,2_playing,C2_ACTIVE_PLAY,venue_01,night,regular,True,6,12,False,0.0,
2_playing/slot_20260712_2030_camB_t002658_m.jpg,2_playing,C2_ACTIVE_PLAY,venue_01,night,motion,True,5,13,False,0.0,
2_playing/slot_20260712_2030_camB_t002664_m.jpg,2_playing,C2_ACTIVE_PLAY,venue_01,night,motion,True,10,14,True,0.0,
2_playing/slot_20260712_2030_camB_t002668.jpg,2_playing,C2_ACTIVE_PLAY,venue_01,night,regular,True,12,18,False,0.0,
2_playing/slot_20260712_2030_camB_t002673_m.jpg,2_playing,C2_ACTIVE_PLAY,venue_01,night,motion,True,11,19,False,0.0,
2_playing/slot_20260712_2030_camB_t002683.jpg,2_playing,C2_ACTIVE_PLAY,venue_01,night,regular,True,11,17,False,0.0,
2_playing/slot_20260712_2030_camB_t002688_m.jpg,2_playing,C2_ACTIVE_PLAY,venue_01,night,motion,True,11,17,True,0.0,
2_playing/slot_20260712_2030_camB_t002694_m.jpg,2_playing,C2_ACTIVE_PLAY,venue_01,night,motion,True,10,12,False,0.0,
2_playing/slot_20260712_2030_camB_t002698.jpg,2_playing,C2_ACTIVE_PLAY,venue_01,night,regular,True,9,14,True,0.0,
2_playing/slot_20260712_2030_camB_t002706_m.jpg,2_playing,C2_ACTIVE_PLAY,venue_01,night,motion,True,9,15,True,0.0,
2_playing/slot_20260712_2030_camB_t002718_m.jpg,2_playing,C2_ACTIVE_PLAY,venue_01,night,motion,True,7,11,False,0.0,
2_playing/slot_20260712_2030_camB_t002724_m.jpg,2_playing,C2_ACTIVE_PLAY,venue_01,night,motion,True,11,13,False,0.0,
2_playing/slot_20260712_2030_camB_t002727.jpg,2_playing,C2_ACTIVE_PLAY,venue_01,night,regular,True,11,13,True,0.0,
2_playing/slot_20260712_2030_camB_t002733_m.jpg,2_playing,C2_ACTIVE_PLAY,venue_01,night,motion,True,10,15,True,0.0,
2_playing/slot_20260712_2030_camB_t002739_m.jpg,2_playing,C2_ACTIVE_PLAY,venue_01,night,motion,True,12,18,True,0.0,
2_playing/slot_20260712_2030_camB_t002742.jpg,2_playing,C2_ACTIVE_PLAY,venue_01,night,regular,True,9,14,False,0.0,
2_playing/slot_20260712_2030_camB_t002754_m.jpg,2_playing,C2_ACTIVE_PLAY,venue_01,night,motion,True,8,14,False,0.0,
2_playing/slot_20260712_2030_camB_t002757.jpg,2_playing,C2_ACTIVE_PLAY,venue_01,night,regular,True,9,13,False,0.0,
2_playing/slot_20260712_2030_camB_t002772.jpg,2_playing,C2_ACTIVE_PLAY,venue_01,night,regular,True,9,12,False,0.0,
2_playing/slot_20260712_2030_camB_t002787.jpg,2_playing,C2_ACTIVE_PLAY,venue_01,night,regular,True,6,13,False,0.0,
2_playing/slot_20260712_2030_camB_t002795_m.jpg,2_playing,C2_ACTIVE_PLAY,venue_01,night,motion,True,9,17,False,0.0,
2_playing/slot_20260712_2030_camB_t002801_m.jpg,2_playing,C2_ACTIVE_PLAY,venue_01,night,motion,True,10,18,True,0.0,
2_playing/slot_20260712_2030_camB_t002802.jpg,2_playing,C2_ACTIVE_PLAY,venue_01,night,regular,True,11,20,True,0.0,
2_playing/slot_20260712_2030_camB_t002844_m.jpg,2_playing,C2_ACTIVE_PLAY,venue_01,night,motion,True,7,12,False,0.0,
2_playing/slot_20260712_2030_camB_t002847.jpg,2_playing,C2_ACTIVE_PLAY,venue_01,night,regular,True,9,14,False,0.0,
2_playing/slot_20260712_2030_camB_t002853_m.jpg,2_playing,C2_ACTIVE_PLAY,venue_01,night,motion,True,10,16,True,0.0,
2_playing/slot_20260712_2030_camB_t002861_m.jpg,2_playing,C2_ACTIVE_PLAY,venue_01,night,motion,True,12,17,False,0.0,
2_playing/slot_20260712_2030_camB_t002862.jpg,2_playing,C2_ACTIVE_PLAY,venue_01,night,regular,True,11,18,False,0.0,
2_playing/slot_20260712_2030_camB_t002867_m.jpg,2_playing,C2_ACTIVE_PLAY,venue_01,night,motion,True,12,18,True,0.0,
2_playing/slot_20260712_2030_camB_t002873_m.jpg,2_playing,C2_ACTIVE_PLAY,venue_01,night,motion,True,15,17,True,0.0,
2_playing/slot_20260712_2030_camB_t002877.jpg,2_playing,C2_ACTIVE_PLAY,venue_01,night,regular,True,15,18,True,0.0,
2_playing/slot_20260712_2030_camB_t002883_m.jpg,2_playing,C2_ACTIVE_PLAY,venue_01,night,motion,True,10,15,False,0.0,
2_playing/slot_20260712_2030_camB_t002888_m.jpg,2_playing,C2_ACTIVE_PLAY,venue_01,night,motion,True,9,11,True,0.0,
2_playing/slot_20260712_2030_camB_t002892.jpg,2_playing,C2_ACTIVE_PLAY,venue_01,night,regular,True,11,16,True,0.0,
2_playing/slot_20260712_2030_camB_t002900_m.jpg,2_playing,C2_ACTIVE_PLAY,venue_01,night,motion,True,9,12,False,0.0,
2_playing/slot_20260712_2030_camB_t002906_m.jpg,2_playing,C2_ACTIVE_PLAY,venue_01,night,motion,True,10,11,True,0.0,
2_playing/slot_20260712_2030_camB_t002907.jpg,2_playing,C2_ACTIVE_PLAY,venue_01,night,regular,True,10,14,True,0.0,
2_playing/slot_20260712_2030_camB_t002915_m.jpg,2_playing,C2_ACTIVE_PLAY,venue_01,night,motion,True,12,22,True,0.0,
2_playing/slot_20260712_2030_camB_t002921_m.jpg,2_playing,C2_ACTIVE_PLAY,venue_01,night,motion,True,11,17,False,0.0,
2_playing/slot_20260712_2030_camB_t002922.jpg,2_playing,C2_ACTIVE_PLAY,venue_01,night,regular,True,8,13,False,0.0,
2_playing/slot_20260712_2030_camB_t002931_m.jpg,2_playing,C2_ACTIVE_PLAY,venue_01,night,motion,True,7,8,False,0.0,
2_playing/slot_20260712_2030_camB_t002937.jpg,2_playing,C2_ACTIVE_PLAY,venue_01,night,regular,True,9,14,False,0.0,
2_playing/slot_20260712_2030_camB_t002937_m.jpg,2_playing,C2_ACTIVE_PLAY,venue_01,night,motion,True,9,13,True,0.0,
2_playing/slot_20260712_2030_camB_t002943_m.jpg,2_playing,C2_ACTIVE_PLAY,venue_01,night,motion,True,10,12,False,0.0,
2_playing/slot_20260712_2030_camB_t002948_m.jpg,2_playing,C2_ACTIVE_PLAY,venue_01,night,motion,True,12,17,True,0.0,
2_playing/slot_20260712_2030_camB_t002952.jpg,2_playing,C2_ACTIVE_PLAY,venue_01,night,regular,True,12,18,False,0.0,
2_playing/slot_20260712_2030_camB_t002958_m.jpg,2_playing,C2_ACTIVE_PLAY,venue_01,night,motion,True,10,13,True,0.0,
2_playing/slot_20260712_2030_camB_t002964_m.jpg,2_playing,C2_ACTIVE_PLAY,venue_01,night,motion,True,13,14,True,0.0,
2_playing/slot_20260712_2030_camB_t002967.jpg,2_playing,C2_ACTIVE_PLAY,venue_01,night,regular,True,10,12,True,0.0,
2_playing/slot_20260712_2030_camB_t002973_m.jpg,2_playing,C2_ACTIVE_PLAY,venue_01,night,motion,True,6,13,False,0.0,
2_playing/slot_20260712_2030_camB_t002982.jpg,2_playing,C2_ACTIVE_PLAY,venue_01,night,regular,True,5,13,False,0.0,
2_playing/slot_20260712_2030_camB_t002987_m.jpg,2_playing,C2_ACTIVE_PLAY,venue_01,night,motion,True,10,12,False,0.0,
2_playing/slot_20260712_2030_camB_t002993_m.jpg,2_playing,C2_ACTIVE_PLAY,venue_01,night,motion,True,9,12,False,0.0,
2_playing/slot_20260712_2030_camB_t002997.jpg,2_playing,C2_ACTIVE_PLAY,venue_01,night,regular,True,12,15,False,0.0,
2_playing/slot_20260712_2030_camB_t003003_m.jpg,2_playing,C2_ACTIVE_PLAY,venue_01,night,motion,True,11,15,True,0.0,
2_playing/slot_20260712_2030_camB_t003008_m.jpg,2_playing,C2_ACTIVE_PLAY,venue_01,night,motion,True,14,18,True,0.0,
2_playing/slot_20260712_2030_camB_t003012.jpg,2_playing,C2_ACTIVE_PLAY,venue_01,night,regular,True,13,18,False,0.0,
2_playing/slot_20260712_2030_camB_t003018_m.jpg,2_playing,C2_ACTIVE_PLAY,venue_01,night,motion,True,13,20,True,0.0,
2_playing/slot_20260712_2030_camB_t003027.jpg,2_playing,C2_ACTIVE_PLAY,venue_01,night,regular,True,7,14,False,0.0,
2_playing/slot_20260712_2030_camB_t003057.jpg,2_playing,C2_ACTIVE_PLAY,venue_01,night,regular,True,6,9,True,0.0,
2_playing/slot_20260712_2030_camB_t003072.jpg,2_playing,C2_ACTIVE_PLAY,venue_01,night,regular,True,6,9,False,0.0,
2_playing/slot_20260712_2030_camB_t003078_m.jpg,2_playing,C2_ACTIVE_PLAY,venue_01,night,motion,True,8,14,False,0.0,
2_playing/slot_20260712_2030_camB_t003084_m.jpg,2_playing,C2_ACTIVE_PLAY,venue_01,night,motion,True,9,14,False,0.0,
2_playing/slot_20260712_2030_camB_t003087.jpg,2_playing,C2_ACTIVE_PLAY,venue_01,night,regular,True,10,15,False,0.0,
2_playing/slot_20260712_2030_camB_t003093_m.jpg,2_playing,C2_ACTIVE_PLAY,venue_01,night,motion,True,9,15,False,0.0,
2_playing/slot_20260712_2030_camB_t003099_m.jpg,2_playing,C2_ACTIVE_PLAY,venue_01,night,motion,True,8,16,True,0.0,
2_playing/slot_20260712_2030_camB_t003102.jpg,2_playing,C2_ACTIVE_PLAY,venue_01,night,regular,True,8,13,False,0.0,
2_playing/slot_20260712_2030_camB_t003117.jpg,2_playing,C2_ACTIVE_PLAY,venue_01,night,regular,True,5,7,False,0.0,
2_playing/slot_20260712_2030_camB_t003132.jpg,2_playing,C2_ACTIVE_PLAY,venue_01,night,regular,True,8,12,False,0.0,
2_playing/slot_20260712_2030_camB_t003138_m.jpg,2_playing,C2_ACTIVE_PLAY,venue_01,night,motion,True,9,13,False,0.0,
2_playing/slot_20260712_2030_camB_t003144_m.jpg,2_playing,C2_ACTIVE_PLAY,venue_01,night,motion,True,13,15,False,0.0,
2_playing/slot_20260712_2030_camB_t003147.jpg,2_playing,C2_ACTIVE_PLAY,venue_01,night,regular,True,12,14,False,0.0,
2_playing/slot_20260712_2030_camB_t003152_m.jpg,2_playing,C2_ACTIVE_PLAY,venue_01,night,motion,True,11,13,True,0.0,
2_playing/slot_20260712_2030_camB_t003158_m.jpg,2_playing,C2_ACTIVE_PLAY,venue_01,night,motion,True,11,15,True,0.0,
2_playing/slot_20260712_2030_camB_t003162.jpg,2_playing,C2_ACTIVE_PLAY,venue_01,night,regular,True,12,17,True,0.0,
2_playing/slot_20260712_2030_camB_t003168_m.jpg,2_playing,C2_ACTIVE_PLAY,venue_01,night,motion,True,13,14,False,0.0,
2_playing/slot_20260712_2030_camB_t003174_m.jpg,2_playing,C2_ACTIVE_PLAY,venue_01,night,motion,True,10,14,True,0.0,
2_playing/slot_20260712_2030_camB_t003177.jpg,2_playing,C2_ACTIVE_PLAY,venue_01,night,regular,True,11,15,False,0.0,
2_playing/slot_20260712_2030_camB_t003183_m.jpg,2_playing,C2_ACTIVE_PLAY,venue_01,night,motion,True,9,11,False,0.0,
2_playing/slot_20260712_2030_camB_t003192.jpg,2_playing,C2_ACTIVE_PLAY,venue_01,night,regular,True,5,9,False,0.0,
2_playing/slot_20260712_2030_camB_t003207.jpg,2_playing,C2_ACTIVE_PLAY,venue_01,night,regular,True,6,10,False,0.0,
2_playing/slot_20260712_2030_camB_t003212_m.jpg,2_playing,C2_ACTIVE_PLAY,venue_01,night,motion,True,8,14,False,0.0,
2_playing/slot_20260712_2030_camB_t003218_m.jpg,2_playing,C2_ACTIVE_PLAY,venue_01,night,motion,True,11,17,False,0.0,
2_playing/slot_20260712_2030_camB_t003222.jpg,2_playing,C2_ACTIVE_PLAY,venue_01,night,regular,True,14,19,False,0.0,
2_playing/slot_20260712_2030_camB_t003227_m.jpg,2_playing,C2_ACTIVE_PLAY,venue_01,night,motion,True,12,16,True,0.0,
2_playing/slot_20260712_2030_camB_t003233_m.jpg,2_playing,C2_ACTIVE_PLAY,venue_01,night,motion,True,11,12,False,0.0,
2_playing/slot_20260712_2030_camB_t003237.jpg,2_playing,C2_ACTIVE_PLAY,venue_01,night,regular,True,9,12,False,0.0,
2_playing/slot_20260712_2030_camB_t003243_m.jpg,2_playing,C2_ACTIVE_PLAY,venue_01,night,motion,True,12,16,True,0.0,
2_playing/slot_20260712_2030_camB_t003248_m.jpg,2_playing,C2_ACTIVE_PLAY,venue_01,night,motion,True,7,11,False,0.0,
2_playing/slot_20260712_2030_camB_t003252.jpg,2_playing,C2_ACTIVE_PLAY,venue_01,night,regular,True,10,11,False,0.0,
2_playing/slot_20260712_2030_camB_t003258_m.jpg,2_playing,C2_ACTIVE_PLAY,venue_01,night,motion,True,10,17,False,0.0,
2_playing/slot_20260712_2030_camB_t003264_m.jpg,2_playing,C2_ACTIVE_PLAY,venue_01,night,motion,True,11,16,False,0.0,
2_playing/slot_20260712_2030_camB_t003267.jpg,2_playing,C2_ACTIVE_PLAY,venue_01,night,regular,True,11,15,True,0.0,
2_playing/slot_20260712_2030_camB_t003272_m.jpg,2_playing,C2_ACTIVE_PLAY,venue_01,night,motion,True,15,20,False,0.0,
2_playing/slot_20260712_2030_camB_t003278_m.jpg,2_playing,C2_ACTIVE_PLAY,venue_01,night,motion,True,14,21,False,0.0,
2_playing/slot_20260712_2030_camB_t003282.jpg,2_playing,C2_ACTIVE_PLAY,venue_01,night,regular,True,14,17,False,0.0,
2_playing/slot_20260712_2030_camB_t003287_m.jpg,2_playing,C2_ACTIVE_PLAY,venue_01,night,motion,True,14,15,True,0.0,
2_playing/slot_20260712_2030_camB_t003297.jpg,2_playing,C2_ACTIVE_PLAY,venue_01,night,regular,True,6,11,False,0.0,
2_playing/slot_20260712_2030_camB_t003318_m.jpg,2_playing,C2_ACTIVE_PLAY,venue_01,night,motion,True,7,14,True,0.0,
2_playing/slot_20260712_2030_camB_t003324_m.jpg,2_playing,C2_ACTIVE_PLAY,venue_01,night,motion,True,10,14,False,0.0,
2_playing/slot_20260712_2030_camB_t003327.jpg,2_playing,C2_ACTIVE_PLAY,venue_01,night,regular,True,9,12,False,0.0,
2_playing/slot_20260712_2030_camB_t003332_m.jpg,2_playing,C2_ACTIVE_PLAY,venue_01,night,motion,True,11,15,False,0.0,
2_playing/slot_20260712_2030_camB_t003338_m.jpg,2_playing,C2_ACTIVE_PLAY,venue_01,night,motion,True,12,14,False,0.0,
2_playing/slot_20260712_2030_camB_t003342.jpg,2_playing,C2_ACTIVE_PLAY,venue_01,night,regular,True,12,15,True,0.0,
2_playing/slot_20260712_2030_camB_t003357.jpg,2_playing,C2_ACTIVE_PLAY,venue_01,night,regular,True,11,17,False,0.0,
2_playing/slot_20260712_2030_camB_t003363_m.jpg,2_playing,C2_ACTIVE_PLAY,venue_01,night,motion,True,13,18,False,0.0,
2_playing/slot_20260712_2030_camB_t003372.jpg,2_playing,C2_ACTIVE_PLAY,venue_01,night,regular,True,8,15,False,0.0,
2_playing/slot_20260712_2030_camB_t003378_m.jpg,2_playing,C2_ACTIVE_PLAY,venue_01,night,motion,True,9,17,False,0.0,
2_playing/slot_20260712_2030_camB_t003386_m.jpg,2_playing,C2_ACTIVE_PLAY,venue_01,night,motion,True,6,14,True,0.0,
2_playing/slot_20260712_2030_camB_t003387.jpg,2_playing,C2_ACTIVE_PLAY,venue_01,night,regular,True,6,11,True,0.0,
2_playing/slot_20260712_2030_camB_t003412_m.jpg,2_playing,C2_ACTIVE_PLAY,venue_01,night,motion,True,8,12,False,0.0,
2_playing/slot_20260712_2030_camB_t003417.jpg,2_playing,C2_ACTIVE_PLAY,venue_01,night,regular,True,9,14,False,0.0,
2_playing/slot_20260712_2030_camB_t003425_m.jpg,2_playing,C2_ACTIVE_PLAY,venue_01,night,motion,True,6,7,False,0.0,
2_playing/slot_20260712_2030_camB_t003430_m.jpg,2_playing,C2_ACTIVE_PLAY,venue_01,night,motion,True,8,16,False,0.0,
2_playing/slot_20260712_2030_camB_t003432.jpg,2_playing,C2_ACTIVE_PLAY,venue_01,night,regular,True,9,12,False,0.0,
2_playing/slot_20260712_2030_camB_t003437_m.jpg,2_playing,C2_ACTIVE_PLAY,venue_01,night,motion,True,11,16,False,0.0,
2_playing/slot_20260712_2030_camB_t003444_m.jpg,2_playing,C2_ACTIVE_PLAY,venue_01,night,motion,True,11,16,False,0.0,
2_playing/slot_20260712_2030_camB_t003447.jpg,2_playing,C2_ACTIVE_PLAY,venue_01,night,regular,True,9,14,False,0.0,
2_playing/slot_20260712_2030_camB_t003458_m.jpg,2_playing,C2_ACTIVE_PLAY,venue_01,night,motion,True,8,15,False,0.0,
2_playing/slot_20260712_2030_camB_t003462.jpg,2_playing,C2_ACTIVE_PLAY,venue_01,night,regular,True,8,10,False,0.0,
2_playing/slot_20260712_2030_camB_t003467_m.jpg,2_playing,C2_ACTIVE_PLAY,venue_01,night,motion,True,8,11,False,0.0,
2_playing/slot_20260712_2030_camB_t003477.jpg,2_playing,C2_ACTIVE_PLAY,venue_01,night,regular,True,10,13,True,0.0,
2_playing/slot_20260712_2030_camB_t003483_m.jpg,2_playing,C2_ACTIVE_PLAY,venue_01,night,motion,True,10,18,False,0.0,
2_playing/slot_20260712_2030_camB_t003492.jpg,2_playing,C2_ACTIVE_PLAY,venue_01,night,regular,True,11,16,False,0.0,
2_playing/slot_20260712_2030_camB_t003497_m.jpg,2_playing,C2_ACTIVE_PLAY,venue_01,night,motion,True,9,13,False,0.0,
2_playing/slot_20260712_2030_camB_t003503_m.jpg,2_playing,C2_ACTIVE_PLAY,venue_01,night,motion,True,13,17,True,0.0,
2_playing/slot_20260712_2030_camB_t003507.jpg,2_playing,C2_ACTIVE_PLAY,venue_01,night,regular,True,12,19,True,0.0,
2_playing/slot_20260712_2030_camB_t003516_m.jpg,2_playing,C2_ACTIVE_PLAY,venue_01,night,motion,True,10,16,False,0.0,
2_playing/slot_20260712_2030_camB_t003522.jpg,2_playing,C2_ACTIVE_PLAY,venue_01,night,regular,True,9,15,False,0.0,
2_playing/slot_20260712_2030_camB_t003533_m.jpg,2_playing,C2_ACTIVE_PLAY,venue_01,night,motion,True,10,17,True,0.0,
2_playing/slot_20260712_2030_camB_t003537.jpg,2_playing,C2_ACTIVE_PLAY,venue_01,night,regular,True,8,17,False,0.0,
2_playing/slot_20260712_2030_camB_t003543_m.jpg,2_playing,C2_ACTIVE_PLAY,venue_01,night,motion,True,10,13,False,0.0,
2_playing/slot_20260712_2030_camB_t003552.jpg,2_playing,C2_ACTIVE_PLAY,venue_01,night,regular,True,9,14,False,0.0,
2_playing/slot_20260712_2030_camB_t003557_m.jpg,2_playing,C2_ACTIVE_PLAY,venue_01,night,motion,True,13,17,True,0.0,
2_playing/slot_20260712_2030_camB_t003563_m.jpg,2_playing,C2_ACTIVE_PLAY,venue_01,night,motion,True,11,17,False,0.0,
2_playing/slot_20260712_2030_camB_t003567.jpg,2_playing,C2_ACTIVE_PLAY,venue_01,night,regular,True,9,15,False,0.0,
2_playing/slot_20260712_2030_camB_t003572_m.jpg,2_playing,C2_ACTIVE_PLAY,venue_01,night,motion,True,8,13,False,0.0,
2_playing/slot_20260712_2030_camB_t003578_m.jpg,2_playing,C2_ACTIVE_PLAY,venue_01,night,motion,True,13,19,True,0.0,
2_playing/slot_20260712_2030_camB_t003582.jpg,2_playing,C2_ACTIVE_PLAY,venue_01,night,regular,True,13,17,False,0.0,
2_playing/slot_20260712_2030_camB_t003587_m.jpg,2_playing,C2_ACTIVE_PLAY,venue_01,night,motion,True,11,17,False,0.0,
2_playing/slot_20260712_2030_camB_t003593_m.jpg,2_playing,C2_ACTIVE_PLAY,venue_01,night,motion,True,11,16,True,0.0,
2_playing/slot_20260712_2030_camB_t003597.jpg,2_playing,C2_ACTIVE_PLAY,venue_01,night,regular,True,9,14,False,0.0,
3_maintenance_non_sporting/clip_dv01_4583952020_t000000.jpg,3_maintenance_non_sporting,C3_MAINTENANCE_NON_SPORTING,venue_01,day,clip,False,2,2,False,0.0,
3_maintenance_non_sporting/clip_dv01_4583952020_t002000.jpg,3_maintenance_non_sporting,C3_MAINTENANCE_NON_SPORTING,venue_01,day,clip,False,2,2,False,0.0,
3_maintenance_non_sporting/clip_dv01_6507477509_t000000.jpg,3_maintenance_non_sporting,C3_MAINTENANCE_NON_SPORTING,venue_01,day,clip,False,6,6,False,0.0,
3_maintenance_non_sporting/clip_dv01_9032102347_t000000.jpg,3_maintenance_non_sporting,C3_MAINTENANCE_NON_SPORTING,venue_01,night,clip,False,9,9,False,0.0,
3_maintenance_non_sporting/clip_dv01_9032102347_t005750.jpg,3_maintenance_non_sporting,C3_MAINTENANCE_NON_SPORTING,venue_01,night,clip,False,14,14,False,0.0,
3_maintenance_non_sporting/clip_dvcg_6323278811_t000000.jpg,3_maintenance_non_sporting,C3_MAINTENANCE_NON_SPORTING,clipvenue_g_netting,night,clip,False,3,3,False,0.0,
3_maintenance_non_sporting/clip_dvch_8360330651_t000000.jpg,3_maintenance_non_sporting,C3_MAINTENANCE_NON_SPORTING,clipvenue_h_teal_pitch,day,clip,False,1,1,False,0.0,
3_maintenance_non_sporting/clip_dvch_8360330651_t002000.jpg,3_maintenance_non_sporting,C3_MAINTENANCE_NON_SPORTING,clipvenue_h_teal_pitch,day,clip,False,2,2,False,0.0,
3_maintenance_non_sporting/clip_dvch_8360330651_t002500.jpg,3_maintenance_non_sporting,C3_MAINTENANCE_NON_SPORTING,clipvenue_h_teal_pitch,day,clip,False,2,2,True,0.0,
3_maintenance_non_sporting/clip_dvdj_0066262738_t000000.jpg,3_maintenance_non_sporting,C3_MAINTENANCE_NON_SPORTING,davinci_j_maint_outdoor,day,clip,False,5,5,False,0.0,
3_maintenance_non_sporting/slot_20260711_1000_camA_t000239.jpg,3_maintenance_non_sporting,C3_MAINTENANCE_NON_SPORTING,venue_01,day,regular,True,1,4,True,0.0,
3_maintenance_non_sporting/slot_20260711_1000_camA_t000248_m.jpg,3_maintenance_non_sporting,C3_MAINTENANCE_NON_SPORTING,venue_01,day,motion,True,1,3,True,0.0,
3_maintenance_non_sporting/slot_20260711_1000_camA_t000261_m.jpg,3_maintenance_non_sporting,C3_MAINTENANCE_NON_SPORTING,venue_01,day,motion,True,1,3,True,0.0,
3_maintenance_non_sporting/slot_20260711_1000_camA_t000269.jpg,3_maintenance_non_sporting,C3_MAINTENANCE_NON_SPORTING,venue_01,day,regular,True,1,1,False,0.0,
3_maintenance_non_sporting/slot_20260711_1000_camA_t000494.jpg,3_maintenance_non_sporting,C3_MAINTENANCE_NON_SPORTING,venue_01,day,regular,True,1,1,False,0.0,
3_maintenance_non_sporting/slot_20260711_1000_camA_t000509.jpg,3_maintenance_non_sporting,C3_MAINTENANCE_NON_SPORTING,venue_01,day,regular,True,1,1,False,0.0,
